sample_id,terrain_id,group,valid_pixels,control_rmse,candidate_rmse,delta_sse
00016_00,00016,single,33282,6.960729551074797,6.956654648416871,-1887.4883135883138
00021_00,00021,single,53654,7.137151435273246,7.273889497526388,105727.2357758712
00039_00,00039,single,64173,4.45001753782232,4.41487731008039,-19990.81512259599
00042_00,00042,single,64976,6.597390797396214,6.530228429205229,-57288.16937002074
00047_00,00047,single,65077,4.5680880451169,4.623520351093548,33157.51561513264
00057_00,00057,single,65514,2.07416966444391,2.1185485388112357,12190.066446792334
00059_00,00059,single,64915,3.4415792987593927,3.540595834916459,44879.03695989866
00068_00,00068,single,37734,6.813071304267208,6.681959229593589,-66765.08499498945
00074_00,00074,single,62724,8.187446234442541,8.261999797241305,76922.50619993173
00087_00,00087,single,65427,2.6153461026053275,2.597463964750355,-6098.855547732732
00106_00,00106,single,65080,2.8559016355526308,2.8574686307127672,582.6497569791973
00109_00,00109,single,65250,2.524319710529926,2.499489421721805,-8139.45671651233
00116_00,00116,single,51982,6.66908535248493,6.692308598414469,16129.7514506476
00123_00,00123,single,44949,15.756500224590534,14.767214079673934,-1357310.9132967852
00124_00,00124,multi,59349,8.08404506963667,8.420357143756776,329424.324468866
00124_01,00124,multi,28309,7.541836447248451,7.542522166482153,292.81795838847756
00124_02,00124,multi,48212,8.328881040046529,8.245895991728085,-66313.613535407
00124_03,00124,multi,42658,10.767945841506386,10.762343605358343,-5145.312654223293
00124_04,00124,multi,58069,9.965409445449325,9.859523911556575,-121896.9148499472
00124_05,00124,multi,62200,4.728029657139218,4.7299713611763465,1142.2805308990646
00124_06,00124,multi,53586,6.665459378243028,6.73242472217111,48077.03321990138
00124_07,00124,multi,51025,6.810147932728106,6.749292110112653,-42104.34405056201
00124_08,00124,multi,63127,3.721725083364197,3.7783202168807954,26795.26929459162
00124_09,00124,multi,50661,6.0301254272588976,5.964290411414434,-40004.58817924163
00124_10,00124,multi,53673,5.769970649688345,5.879630583890486,68566.96255373862
00124_11,00124,multi,55547,9.594114897780171,9.61408303866367,21305.1630835915
00124_12,00124,multi,61889,7.531178539778377,7.5457595462189,13605.487843410112
00124_13,00124,multi,55059,8.83402537269623,8.654515069849019,-172850.74853411503
00124_14,00124,multi,40867,12.589546677022877,12.501740947403784,-90036.4913721038
00124_15,00124,multi,64470,7.44518829186358,7.37798107851106,-64226.555247884244
00124_16,00124,multi,63157,4.05475609276075,4.11541236646121,31298.83917716611
00124_17,00124,multi,62223,7.327391513912533,7.622716900768153,274723.6638490353
00124_18,00124,multi,63837,4.338607369141799,4.316901168730378,-11993.58084400557
00124_19,00124,multi,64427,4.161596375670061,4.126513350939584,-18733.564970766194
00124_20,00124,multi,62895,9.836000128930444,9.809646906424142,-32562.383537689224
00124_21,00124,multi,43490,7.144016013924006,7.169437248142356,15824.517024926841
00124_22,00124,multi,64038,5.602627973294961,5.582001106399051,-14773.813486147672
00124_23,00124,multi,60831,4.594844759250427,4.596547743997905,952.1755522983149
00124_24,00124,multi,64344,4.648601080816782,4.669112539259372,12297.418568802066
00124_25,00124,multi,44084,7.2565426815090035,7.32559583180365,44390.057683193125
00124_26,00124,multi,58489,5.626947101416573,5.672853741756506,30340.343658568338
00124_27,00124,multi,64235,7.19152152097876,7.287548236869353,89310.89986853395
00124_28,00124,multi,36619,4.753909046210404,4.793982523890271,14011.059969081543
00124_29,00124,multi,48548,8.560706868707467,8.495517206958024,-53980.010388399474
00124_30,00124,multi,44875,5.419689748431226,5.475119226276119,27099.724074368365
00124_31,00124,multi,64437,4.413860982640371,4.350141100742479,-35984.274167844094
00124_32,00124,multi,64251,7.635269559630948,7.559259158959737,-74206.19231445249
00124_33,00124,multi,64616,8.778261530551138,9.014023460431368,271047.5425360128
00124_34,00124,multi,44455,6.8742783906774205,6.932652952713625,35829.55506477039
00124_35,00124,multi,58854,6.2695516183326845,6.334674409236066,48308.68012253754
00124_36,00124,multi,50313,8.680753143209435,8.718025254857258,32627.437672462314
00124_37,00124,multi,63726,4.878837105676892,4.973061334218319,59156.05114746187
00124_38,00124,multi,54390,7.110495454603852,7.166318142380133,43347.20416675601
00124_39,00124,multi,50092,6.839451861341167,6.823151080427342,-11156.044284265488
00124_40,00124,multi,59970,10.378089567755124,10.345891464537194,-40016.35463543795
00124_41,00124,multi,39384,6.981283450989007,7.127235495987692,81098.24069815292
00124_42,00124,multi,57197,6.616280680381908,6.595368004407395,-15803.012210765854
00124_43,00124,multi,60140,6.89948610097051,7.0709131906437825,144029.5802129982
00124_44,00124,multi,60978,10.308747712326397,10.17432089119594,-167901.325337898
00124_45,00124,multi,51187,8.806961407940268,8.881337595632184,67341.01558078453
00124_46,00124,multi,50384,7.955462652222445,8.027214079766821,57779.35704568215
00124_47,00124,multi,61256,10.479562465277535,10.625702698622565,188933.61899174657
00124_48,00124,multi,36194,6.527900148804763,6.508800095360836,-9012.366494507529
00124_49,00124,multi,46090,6.928254432790584,7.114619854427678,120622.42418344878
00124_50,00124,multi,62591,4.646179935081482,4.694133952481377,28034.857825088315
00129_00,00129,single,61614,4.057731349125866,4.063997041660436,3135.428817011416
00141_00,00141,single,61334,9.98698266404062,9.932389222806396,-66698.70456770808
00144_00,00144,single,57032,8.18686610955964,8.121167239758268,-61105.188924307935
00148_00,00148,single,62924,4.52543387264686,4.492904575742817,-18459.39778915327
00155_00,00155,single,65251,4.594552389589525,4.570433195256449,-14423.868513911963
00161_00,00161,single,39651,6.252257147983915,6.298013620067344,22769.82917771302
00185_00,00185,single,43263,4.135234559476512,4.141865600010711,2374.5237884093076
00188_00,00188,single,55700,3.3376112552151995,3.3700562800064624,12122.015478580259
00197_00,00197,single,63398,6.012525766484995,6.002496680390356,-7639.439635000192
00217_00,00217,single,39039,8.582734463880508,8.568477564252927,-9545.937627907842
00221_00,00221,single,64379,3.1993073544629005,3.1676912102888375,-12959.489132067189
00239_00,00239,multi,61079,5.6843550978280675,5.635786307088178,-33581.57496226579
00239_01,00239,multi,64943,3.9858303798912003,4.0073231124487725,11156.863871174864
00239_02,00239,multi,64294,5.253474171552685,5.224002565192478,-19853.220174739137
00239_03,00239,multi,61796,5.872180795524777,5.849557723093286,-16387.17077597743
00239_04,00239,multi,25149,4.8648137245628815,4.8534248548199885,-2783.485116017051
00239_05,00239,multi,64671,4.662963940620755,4.599080155491909,-38265.470798769034
00239_06,00239,multi,64301,7.711436172984285,7.817378949297592,105785.80526413908
00239_07,00239,multi,25484,5.174281195497703,5.12965231431742,-11718.894471237436
00239_08,00239,multi,65036,4.014240875451525,4.04650460236996,16913.89241447486
00239_09,00239,multi,60843,5.249516156853991,5.3179537335343765,44002.389598550275
00239_10,00239,multi,63449,8.308420015003806,8.391428703780889,87955.068742753
00239_11,00239,multi,55011,10.942362499745668,11.093894764910035,183692.9500919599
00239_12,00239,multi,47733,7.386960198106163,7.452972905793652,46760.40031995624
00239_13,00239,multi,64252,5.183214260683473,5.078771016174369,-68864.97474428918
00239_14,00239,multi,46474,6.624265970707315,6.643769592157705,12026.29740657378
00239_15,00239,multi,65064,4.214287311210022,4.2126445388338745,-900.7154918052256
00239_16,00239,multi,64856,7.415371762529989,7.4228139699473985,7161.97387949191
00239_17,00239,multi,58609,5.811846308783162,5.9846212492752615,119452.9944549501
00239_18,00239,multi,42457,10.267544109767153,9.88054479268735,-331049.82368703885
00239_19,00239,multi,55001,6.536440651252287,6.46017873323622,-54514.082856345456
00239_20,00239,multi,63156,9.86061637257244,9.808448296536218,-64804.19862957392
00239_21,00239,multi,61773,6.229888652565263,6.334756513600275,81393.80128670484
00239_22,00239,multi,51657,8.953867086254327,8.975643627804759,20169.100364147685
00239_23,00239,multi,64940,4.33892932044301,4.29590665560786,-24124.797897522338
00239_24,00239,multi,39168,8.426925711651206,8.488584412095154,40851.76853791345
00239_25,00239,multi,56137,6.089254804138777,6.192518479799574,71196.37072844594
00239_26,00239,multi,65043,7.281612344215021,7.318457069244101,34988.941519730724
00239_27,00239,multi,48522,7.653496454908839,7.729926336282407,57049.89575387305
00239_28,00239,multi,45829,7.561747023478744,7.441045593662103,-82989.83511910401
00239_29,00239,multi,65048,3.490265552110502,3.4921246939194677,844.4045863132924
00239_30,00239,multi,64451,12.604872014545148,12.768603101837408,267756.9532558657
00239_31,00239,multi,60350,14.227298420717654,13.813127337472029,-700876.747385107
00239_32,00239,multi,42499,8.550057057266471,8.539276676486816,-7829.570579595864
00239_33,00239,multi,64780,8.032234477949906,8.108972258699554,80239.12404907215
00239_34,00239,multi,27113,7.4356012480840645,7.422698215695704,-5198.026253333315
00239_35,00239,multi,62079,5.894998339687785,5.8322907174519845,-45652.30138935149
00239_36,00239,multi,60651,7.565946486960315,7.5426160222995895,-21378.857870985754
00239_37,00239,multi,65048,4.3445176617484,4.319077043624706,-14337.047836875543
00239_38,00239,multi,51054,6.202683618933858,6.259095968501149,35890.873488543555
00239_39,00239,multi,59839,7.315348010337974,7.212710146283429,-89227.65973720327
00239_40,00239,multi,25069,4.435746730357141,4.439485591363373,831.8711461666971
00239_41,00239,multi,64538,4.221794950078241,4.22191364971804,64.68418950028718
00239_42,00239,multi,65038,8.26754716574742,8.30693534275874,42459.32017827965
00239_43,00239,multi,60654,10.318034512945086,10.373966054579535,70197.02688582428
00239_44,00239,multi,65037,4.132327820951175,4.137502640747551,2783.2507657296956
00239_45,00239,multi,28019,8.228357915802457,8.106713746154757,-55675.60865506623
00239_46,00239,multi,56216,6.774688069414408,6.799707454121209,19092.247904007323
00239_47,00239,multi,58751,6.2646442056117575,6.328490146178499,47237.008828694
00239_48,00239,multi,29268,6.291297193276609,6.353754324796326,23115.095063456334
00239_49,00239,multi,48977,7.369082858330806,7.431683310439612,45378.8877353305
00239_50,00239,multi,64875,4.592798227719462,4.600994051791562,4888.376927079633
00247_00,00247,multi,64794,7.290137455479424,7.236421826131009,-50558.97034065891
00247_01,00247,multi,34438,3.772340981016068,3.7501648767484,-5744.942829625681
00247_02,00247,multi,64812,5.812402567880221,5.79572905559533,-12544.254054719582
00247_03,00247,multi,37378,15.796576940278412,15.883763205209318,103241.41979392432
00247_04,00247,multi,64700,6.320244230261944,6.34221450567865,17999.391570518725
00247_05,00247,multi,63411,5.147986702518333,5.215088338383119,44094.69602084253
00247_06,00247,multi,63894,4.977373303452907,4.955994741825546,-13568.601460269652
00247_07,00247,multi,63513,4.771436345400411,4.72751716806708,-26496.748634689488
00247_08,00247,multi,62196,6.847894092978832,6.806997176838318,-34732.917293373495
00247_09,00247,multi,63736,6.16757389287743,6.292237669672079,99000.31091014203
00247_10,00247,multi,64697,4.644836308942481,4.745203539286014,60973.83596024476
00247_11,00247,multi,63680,9.702180326283164,9.756961500083287,67882.53806332499
00247_12,00247,multi,37215,3.9920454239096337,3.96156608265629,-9021.69153474085
00247_13,00247,multi,63668,10.174084708769653,10.42244215917443,325680.97770859115
00247_14,00247,multi,50178,9.719513128979152,9.680758306742888,-37726.533565940335
00247_15,00247,multi,63388,8.489262999514457,8.46335630844738,-27839.139358136803
00247_16,00247,multi,63431,5.0963851432414256,5.145083087063173,31635.47827508254
00247_17,00247,multi,63068,5.8377580192031315,5.832357428714737,-3974.8931476343423
00247_18,00247,multi,53517,9.019707493921526,8.973663509799053,-44338.111421382986
00247_19,00247,multi,60699,8.21567804894504,8.117472699094032,-97361.36494840868
00247_20,00247,multi,64382,7.2170246851285045,7.291962847020073,70001.05857948959
00247_21,00247,multi,63575,4.478344174752724,4.550272667459032,41286.54595342651
00247_22,00247,multi,58713,5.586015495790758,5.578884358600552,-4674.6370318681
00247_23,00247,multi,63514,5.1455966955803145,5.100219371987044,-29529.418647577986
00247_24,00247,multi,63761,4.5576086452163,4.6581880834822424,59101.32432302181
00247_25,00247,multi,64689,4.756754987405847,4.853570595225113,60188.554742098786
00247_26,00247,multi,47199,11.039860038550769,11.183878170281334,151066.12270466797
00247_27,00247,multi,52925,9.094661931214585,9.101010009227652,6113.236817966215
00247_28,00247,multi,61815,9.041665883693309,9.12479828751942,93354.36276599765
00247_29,00247,multi,61302,9.199885900464684,9.241586394875135,47142.37284544669
00247_30,00247,multi,56747,9.455573506284994,9.509879087202705,58445.433196155354
00247_31,00247,multi,20784,18.071813884466174,18.148335870485163,57605.71989291534
00247_32,00247,multi,39796,5.194380065509242,5.186135200511134,-3405.978345981799
00247_33,00247,multi,57565,10.630318122545704,10.72594922681878,117566.34823475592
00247_34,00247,multi,64830,5.739255120699952,5.69372814183281,-33744.61061795708
00247_35,00247,multi,45016,8.542378737752106,8.570210888654678,21440.22843954619
00247_36,00247,multi,55234,5.663170252809823,5.613999695640927,-30627.51423769002
00247_37,00247,multi,63827,5.785566714856619,5.868322740972338,61556.64681263454
00247_38,00247,multi,31381,4.8611009586935,4.879774639920409,5708.141319993883
00247_39,00247,multi,61191,7.632556960437221,7.7573293598711945,117500.9801465096
00247_40,00247,multi,63243,6.301315051615013,6.247109954435344,-43017.167434046976
00247_41,00247,multi,63886,4.601745993031637,4.643979768722181,24946.327169261873
00247_42,00247,multi,33594,3.2855647727698187,3.2691978543821003,-3604.006815384142
00247_43,00247,multi,45100,12.73381159760646,12.758357858735677,28220.75891497545
00247_44,00247,multi,63680,4.407123167833659,4.340295025593652,-37225.65367851965
00247_45,00247,multi,62082,8.374038793516991,8.389495307023573,16085.805731950328
00247_46,00247,multi,34036,9.534421395355231,9.501485538063239,-21339.343783122487
00247_47,00247,multi,63541,4.857097608096231,4.748270803405463,-66420.77674207278
00247_48,00247,multi,63972,10.222144704413985,10.26204866178746,52290.73703994695
00247_49,00247,multi,63661,9.214002117309457,9.31557729652867,119819.25511471462
00247_50,00247,multi,63652,5.214843871724988,5.20915577679115,-3774.0989143701736
00249_00,00249,single,54016,5.16140310009118,5.270375409559746,61404.038187243044
00266_00,00266,single,54537,7.53683512619974,7.573517589339263,30229.03867334593
00276_00,00276,single,64538,7.28598044626669,7.160992087099941,-116536.48550467286
00293_00,00293,multi,65355,2.3213664077845935,2.2589939068021287,-18671.173761922866
00293_01,00293,multi,64228,5.67192505432006,5.61242047892256,-43127.187337261625
00293_02,00293,multi,64877,4.982585279823542,4.854549288155609,-81713.05377744883
00293_03,00293,multi,64081,5.878957419100111,5.786868928168885,-68841.47135813348
00293_04,00293,multi,63826,4.780576909957537,4.814631448535205,20855.808856706135
00293_05,00293,multi,64629,4.298227316309333,4.260490392350605,-20873.853697094135
00293_06,00293,multi,65187,5.976540722014842,5.854754468256307,-93927.23895687051
00293_07,00293,multi,64433,6.87509358082224,6.828248756072102,-41361.51887705363
00293_08,00293,multi,60478,3.436428288189073,3.4411891253979103,1980.2442711191252
00293_09,00293,multi,64910,6.6116815223610015,6.671894645066555,51917.97800880484
00293_10,00293,multi,63433,7.9436427179269335,7.906401985937065,-37442.42353771813
00293_11,00293,multi,64912,5.370290703633641,5.419397376719115,34393.343121345155
00293_12,00293,multi,61848,3.947922333471867,4.0300333057111555,40515.24521945417
00293_13,00293,multi,65338,4.446115633312654,4.1978520392817025,-140214.20334917307
00293_14,00293,multi,64898,4.91226818106415,4.917796261576427,3526.647377642803
00293_15,00293,multi,65350,4.357884536009963,4.201484652739836,-87483.021748811
00293_16,00293,multi,65149,5.007776783639825,4.982358478518601,-16543.43582286779
00293_17,00293,multi,65236,4.424222709948553,4.582473721523909,92982.09862193465
00293_18,00293,multi,65265,3.1973567185663336,3.21295807338038,6527.126252845861
00293_19,00293,multi,65039,5.463861535333042,5.562499758328853,70737.76167425956
00293_20,00293,multi,65398,4.071942475977837,3.963231409752636,-57125.95873100031
00293_21,00293,multi,64476,6.5428641181260065,6.018021593285802,-425057.1899426235
00293_22,00293,multi,65275,3.3987288765263655,3.4048592461772467,2722.522999683395
00293_23,00293,multi,64875,5.2302075377868364,5.255758947141914,17382.03803633526
00293_24,00293,multi,65141,2.7813156959162755,2.8223115682407904,14964.5545198014
00293_25,00293,multi,63842,6.049837995852092,6.0015862182210915,-37124.291626788676
00293_26,00293,multi,64395,4.99868023030729,4.974260698328881,-15682.407342460006
00293_27,00293,multi,63954,4.018085798599104,4.0376358275408775,10072.089298842475
00293_28,00293,multi,64597,4.602041205034974,4.650548565417667,28992.34198174998
00293_29,00293,multi,64792,8.259677153537998,8.154471769520896,-111886.50842680223
00293_30,00293,multi,65466,1.989135199674174,1.961378479120147,-7178.563214534894
00293_31,00293,multi,65066,4.579748988929437,4.702295328135407,74011.30955764442
00293_32,00293,multi,65042,4.5093620979063855,4.45721358339767,-30413.223061933182
00293_33,00293,multi,64815,3.9186318627515666,3.9253850136603496,3433.369141840376
00293_34,00293,multi,63895,4.148459337671752,4.1690433171429,10939.29068255797
00293_35,00293,multi,64121,6.732891479206332,6.763119611757284,26158.752643344924
00293_36,00293,multi,65036,5.297823844197208,5.426939811005593,90057.83540485427
00293_37,00293,multi,65070,3.9109068055264777,3.95504189846211,22589.98601642996
00293_38,00293,multi,65014,5.366671210850747,5.285347260331435,-56319.302199402126
00293_39,00293,multi,65033,4.319916737932101,4.278045186046646,-23412.53090287838
00293_40,00293,multi,65039,5.211799033992211,5.217037246634707,3552.980543380603
00293_41,00293,multi,65042,5.248514650316988,5.259795003426873,7709.912398971617
00293_42,00293,multi,65043,4.5543418971256315,4.539359764007993,-8861.656624346972
00293_43,00293,multi,65445,4.529962814236422,4.326462932720221,-117950.31866819784
00293_44,00293,multi,65041,4.505644831950613,4.469424634148817,-21143.44966799859
00293_45,00293,multi,65092,3.116290759959705,3.1947250087410155,32220.525736067444
00293_46,00293,multi,63796,5.7925624215903175,5.620733693379438,-125112.38703243341
00293_47,00293,multi,64950,5.904967714772019,5.900632675286915,-3323.9944621659815
00293_48,00293,multi,64847,5.605711419382134,5.535694316340439,-50586.42836290784
00293_49,00293,multi,64235,4.622650693198844,4.662066228384539,23507.574627091177
00293_50,00293,multi,63131,3.754117545320482,3.7797185839011895,12176.330350362696
00319_00,00319,single,50761,8.965770314686912,8.93189565649451,-30775.24289918039
00320_00,00320,single,61999,6.146746103883064,6.197634778843308,38947.10136305727
00322_00,00322,single,64134,3.927914903864879,3.9066251884375993,-10697.238807694055
00327_00,00327,single,64022,3.261167488264853,3.266105296899615,2063.456200208515
00331_00,00331,single,39488,5.839188303473721,5.741964929107657,-44461.860949163325
00335_00,00335,single,39219,3.975266103842596,4.053850227164624,24745.662122863345
00350_00,00350,single,65470,2.9222752377585945,2.9052968122099716,-6477.798090820201
00360_00,00360,single,44754,12.380868088487167,12.41084968945026,33265.44186650403
00385_00,00385,single,65039,2.0179708848809343,2.0319048754834492,3670.211307408288
00386_00,00386,single,64527,3.0728879766072414,2.998411486709394,-29177.1137829246
00394_00,00394,single,64953,5.623024591726874,5.671862389081341,35829.20508030057
00395_00,00395,single,62589,4.106344133475326,4.089432566813013,-8675.049705759622
00397_00,00397,single,55800,4.249118111534818,4.3374047648034715,42300.605532538146
00415_00,00415,single,27924,4.5797006470894095,4.57870368135025,-254.96330277714878
00419_00,00419,single,65056,3.3486458715870846,3.340194624155189,-3677.553620609455
00445_00,00445,single,62453,5.798944961210074,5.879045600791791,58419.44258323684
00449_00,00449,single,65157,3.282791749037248,3.2556928940607035,-11544.87217732519
00453_00,00453,multi,49391,5.574380983276803,5.655186394134149,44817.87771243695
00453_01,00453,multi,54329,8.658709289869087,8.691132086293942,30561.712740271352
00453_02,00453,multi,55544,8.392286344129218,8.09356874322084,-273532.8200377561
00453_03,00453,multi,42715,5.259055319583982,5.294311774427852,15893.154168770649
00453_04,00453,multi,40148,4.110789954039492,4.139443396145441,9490.89018878527
00453_05,00453,multi,62876,6.444798963715083,6.4859763691887915,33478.68955866899
00453_06,00453,multi,57521,9.031543821573079,8.970877621410756,-62820.89881188329
00453_07,00453,multi,63633,5.1692742849446764,5.1084637547517495,-39770.287705517374
00453_08,00453,multi,60218,5.936241693903316,5.920279042654301,-11396.949340871535
00453_09,00453,multi,60087,10.379228437814579,10.388347054670055,11378.769162049517
00453_10,00453,multi,63620,4.022017516723009,3.920550625220295,-51271.84786836803
00453_11,00453,multi,58315,8.55958231872725,8.49215467726218,-67048.16159297433
00453_12,00453,multi,63559,3.0915652163882994,3.0524448134286755,-15276.796420546249
00453_13,00453,multi,62138,7.5664913345082,7.523169153241009,-40620.6673754137
00453_14,00453,multi,41334,12.40242364060639,12.414015082195915,11890.068168701604
00453_15,00453,multi,37233,9.630533815555442,9.549583108594234,-57809.59496824909
00453_16,00453,multi,50674,7.17510512814276,7.209929099193166,25384.837041034363
00453_17,00453,multi,63403,6.748222233669216,6.669444728533672,-67017.62582757603
00453_18,00453,multi,55853,8.520515646299001,8.538175648471006,16826.080708540976
00453_19,00453,multi,63178,5.308349664474447,5.498390857763358,129750.29266167618
00453_20,00453,multi,43453,5.6995260205476095,5.773494102830399,36875.83644560166
00453_21,00453,multi,40919,4.881340879556842,4.90838610462593,10833.934160795994
00453_22,00453,multi,63162,10.703222423295388,10.737119527374885,45903.96267533954
00453_23,00453,multi,60032,9.169360860431505,9.254246429036115,93883.94757904671
00453_24,00453,multi,53019,7.686072744531358,7.618628444570121,-54726.99954648595
00453_25,00453,multi,63568,4.607658757597591,4.488580009078538,-68854.86973750126
00453_26,00453,multi,63651,4.704178455401221,4.759014636722226,33030.11887069885
00453_27,00453,multi,56747,7.0077267939623935,6.919740222497755,-69539.48029380757
00453_28,00453,multi,63188,4.832901901162284,4.853002883604313,12302.463612845168
00453_29,00453,multi,41189,5.495099528770681,5.5584038052593865,28821.345012178645
00453_30,00453,multi,42553,5.580681931941953,5.629642902201815,23355.996208518744
00453_31,00453,multi,8421,8.454927778933012,8.493052845938648,5441.169335076585
00453_32,00453,multi,62974,5.303980217736085,5.241381975193107,-41570.468686514534
00453_33,00453,multi,59505,6.213295924793979,6.270082716568592,42182.560356385075
00453_34,00453,multi,52992,12.882926551084024,12.852982374048791,-40837.787364985794
00453_35,00453,multi,63734,3.5164369976443224,3.5305703442331056,6347.766005244106
00453_36,00453,multi,61216,8.126231252599899,8.151051418926723,24731.561709080823
00453_37,00453,multi,62705,7.0970834640809635,7.116787785479245,17562.083274365403
00453_38,00453,multi,60465,6.602185943364793,6.529049476791125,-58068.902677207254
00453_39,00453,multi,63577,5.506055372518415,5.423631656405253,-57274.32086314261
00453_40,00453,multi,60183,9.260819091539593,8.931045798733976,-361049.3232156709
00453_41,00453,multi,63529,3.5524016977962063,3.6039826793083933,23450.671337422915
00453_42,00453,multi,62097,7.035198641067764,7.072623606323993,32786.26948335301
00453_43,00453,multi,63095,5.584189630995164,5.510124840920155,-51845.0398773551
00453_44,00453,multi,63179,6.493704993048235,6.508875138482272,12462.122926279902
00453_45,00453,multi,50308,6.820329792518581,6.87104077634406,34928.98885772377
00453_46,00453,multi,56221,8.613332014731773,8.703283622400093,87573.05758124776
00453_47,00453,multi,63331,4.743006610217981,4.8004675105616705,34729.23942905478
00453_48,00453,multi,63531,3.258300475867823,3.2335733646254305,-10198.331984601915
00453_49,00453,multi,61987,6.602055676143703,6.5420630531014625,-48879.85877697356
00453_50,00453,multi,61338,11.8300242113237,11.679534527916962,-217010.5349191986
00454_00,00454,single,24592,10.956837920834342,11.206712113970783,136192.93508340046
00464_00,00464,single,64623,12.05301933956747,11.956753602459877,-149364.33478251472
00476_00,00476,single,63327,4.175252198763928,4.206615251722009,16647.462093988433
00488_00,00488,single,52562,5.390098295743579,5.325176017828462,-36565.281809477136
00500_00,00500,single,63079,6.243661876024756,6.4297605325504374,148772.25572437514
00512_00,00512,single,65451,4.423734254604332,4.352535541420675,-40897.654003252275
00524_00,00524,single,65198,5.143296256043675,5.157128607141664,9289.351916239597
00527_00,00527,single,48900,7.8831581551388235,7.68803937728883,-148569.59527399857
00536_00,00536,multi,65467,2.643389635690831,2.587498112190266,-19140.081744141877
00536_01,00536,multi,64709,6.388627729813884,6.388903364306281,227.9004581850022
00536_02,00536,multi,65247,7.472812125699583,7.404672997312172,-66143.41997772828
00536_03,00536,multi,65477,2.3488948850967875,2.3095811239224937,-11991.602697282098
00536_04,00536,multi,46474,8.406164581969529,8.268646365779333,-106569.07659653015
00536_05,00536,multi,65094,5.942737763615071,5.737172834231702,-156289.39194101933
00536_06,00536,multi,65034,6.663549746391793,6.575127769469,-76128.15251800884
00536_07,00536,multi,65306,2.577753002517737,2.5974714766456644,6664.315994088538
00536_08,00536,multi,65120,5.24375792462556,5.403429281226048,110707.30973296613
00536_09,00536,multi,64892,6.800498325647035,6.8914834442179185,80840.285220942
00536_10,00536,multi,65370,3.237269190190178,3.1522482874230024,-35511.76511391718
00536_11,00536,multi,51249,6.376823928126736,6.467197716808598,59487.937757789856
00536_12,00536,multi,65060,8.416103787832919,8.456133393099133,43940.80796985142
00536_13,00536,multi,65057,6.757521491886557,6.577677416556234,-156023.37422873452
00536_14,00536,multi,65078,7.331334948210013,7.195459943383994,-128452.79979955312
00536_15,00536,multi,62181,9.980170686127607,10.224837213163946,307391.09643978253
00536_16,00536,multi,63060,7.116181474159661,7.065832324706498,-45028.140075212345
00536_17,00536,multi,65131,5.451598767697186,5.446722720615629,-3461.108800110407
00536_18,00536,multi,65040,8.79644925398873,8.458041762902118,-379771.7479357645
00536_19,00536,multi,64681,9.01080135540943,8.809698971153967,-231800.2170910444
00536_20,00536,multi,64969,9.097961456302146,8.821244378202694,-322152.05316645093
00536_21,00536,multi,65061,3.9342914015520445,3.707406269446961,-112801.95410618279
00536_22,00536,multi,65187,2.8886418703716052,2.91683203702239,10668.326911641285
00536_23,00536,multi,65123,3.13649060989116,3.124054836994238,-5070.133020971902
00536_24,00536,multi,64677,11.058412607977953,11.110185171281229,74231.41835405864
00536_25,00536,multi,65241,4.577576495315489,4.426958969860298,-88482.50927125104
00536_26,00536,multi,65160,3.1265022979947967,3.151367069660889,10171.331890600733
00536_27,00536,multi,65164,2.677030088336297,2.646612013430503,-10552.32870535925
00536_28,00536,multi,65117,6.69454147728014,6.4224197690749225,-232429.26451168116
00536_29,00536,multi,61090,8.433916606866042,8.352047277529415,-83953.27493903507
00536_30,00536,multi,65482,2.5043055354464863,2.4653599110742723,-12673.826563665643
00536_31,00536,multi,65226,3.219434447700032,3.2164516394394473,-1252.1444472242147
00536_32,00536,multi,65450,4.92497644904348,4.964299220688613,25451.785556285642
00536_33,00536,multi,64243,8.43711311807472,8.544053301313008,116663.29958209116
00536_34,00536,multi,65051,3.1266976201675716,3.1604327688227265,13797.140049843118
00536_35,00536,multi,65223,3.1080922986392507,3.0864237526573333,-8754.632565825246
00536_36,00536,multi,65052,4.788859874701952,4.443923139776662,-207172.79752713442
00536_37,00536,multi,65405,3.027620366193067,2.9036181815060926,-48104.497005743906
00536_38,00536,multi,51983,10.140983717104806,10.087149034631638,-56608.19281640835
00536_39,00536,multi,65060,7.729654025653739,7.211696714488469,-503498.15945645515
00536_40,00536,multi,64730,5.885552511559024,5.698535079522255,-140232.77529052738
00536_41,00536,multi,65041,3.5298565779578572,3.482736722050882,-21491.652806810103
00536_42,00536,multi,65350,2.4803400122570025,2.484784532765886,1442.117520772852
00536_43,00536,multi,65042,5.8847621022075165,5.907007349504994,17061.220844088122
00536_44,00536,multi,65085,3.7115265315438677,3.7446429458522044,16070.892177623697
00536_45,00536,multi,65257,2.466628493978723,2.407032801575807,-18953.844713378698
00536_46,00536,multi,62413,5.698875123743796,5.818579625493531,86048.25275356113
00536_47,00536,multi,65054,5.428820713132112,5.5870021273606465,113356.49324254226
00536_48,00536,multi,65152,3.3012508528126445,3.2790763732715367,-9506.67567453906
00536_49,00536,multi,64747,5.093096024184853,5.185161281013859,61268.169495416805
00536_50,00536,multi,65268,8.327765353676389,8.189122862392281,-149459.96908308193
00562_00,00562,single,63021,5.528887087564327,5.520787325810505,-5640.362497288734
00569_00,00569,single,64565,3.5357716098814738,3.532237043471856,-1612.9851674903184
00577_00,00577,single,65505,1.6263514445292004,1.5791401464844261,-9913.226613954641
00598_00,00598,single,65050,4.309062746663625,4.222959873544739,-47787.78955554799
00618_00,00618,single,65008,3.1650297930358797,3.130875030039248,-13979.004191393033
00621_00,00621,single,57186,7.482052034778662,7.539059816790009,48969.5309603503
00623_00,00623,single,65043,2.4539519160331045,2.456691813208399,875.1313777025789
00631_00,00631,single,64906,4.682819102652414,4.664527776192778,-11097.327578917146
00646_00,00646,single,53355,5.2957907422696655,5.206271619381919,-50160.92486070562
00689_00,00689,single,61058,7.435264319695776,7.472518115629026,33909.87211054657
00692_00,00692,single,61847,8.334634902914017,8.580408563857437,257114.81114627048
00701_00,00701,single,44384,5.698963085556274,5.647868675373017,-25732.05347171519
00711_00,00711,single,56626,4.760233896911737,4.691329512793663,-36877.91782059334
00718_00,00718,single,38770,12.146389510036501,12.321016519526282,165651.4137643464
00726_00,00726,single,55166,8.312138859093618,8.510101266590759,183712.22192434408
00736_00,00736,single,65043,8.997714153005097,8.970790108127149,-31466.815729611553
00756_00,00756,single,64049,7.01363025585584,6.941097990997633,-64828.35112862056
00762_00,00762,single,65454,2.3803821874059867,2.359886609178929,-6359.15391162131
00769_00,00769,single,36593,5.521574277724686,5.498636892144548,-9249.789455839433
00770_00,00770,single,64884,3.4265211651364975,3.394341862574992,-14241.429070103914
00776_00,00776,multi,65418,2.89893954980978,2.8927182491270846,-2357.1181276505813
00776_01,00776,multi,55913,8.860444888223158,9.211975529725665,355215.8225791324
00776_02,00776,multi,65075,6.920176208898201,6.948132973994434,25230.427516682073
00776_03,00776,multi,65142,3.949067975457522,4.054509103487607,54973.73738593899
00776_04,00776,multi,65217,3.9942853753226752,3.953265173368927,-21261.402553316206
00776_05,00776,multi,51198,5.250503994769639,5.174706757861608,-40456.77066040877
00776_06,00776,multi,62042,7.830149171071633,7.7961481954153005,-32963.49508707225
00776_07,00776,multi,65203,3.3721069539717785,3.324532986951413,-20772.745203010738
00776_08,00776,multi,65116,4.630073506893648,4.629432599720262,-386.4298527035862
00776_09,00776,multi,65420,2.772146836328068,2.7593095120627984,-4645.41524372343
00776_10,00776,multi,65108,3.2382700163084555,3.2313565028974227,-2912.1408385867253
00776_11,00776,multi,65098,4.446146824268516,4.376850792831553,-39800.83389036637
00776_12,00776,multi,64993,6.663111128841924,6.736307134428951,63744.087626725435
00776_13,00776,multi,64971,4.649990537409683,4.622833593081053,-16361.099138767458
00776_14,00776,multi,60322,9.999912572920339,9.87909285047614,-144879.92690879572
00776_15,00776,multi,55914,7.427014014538643,7.451114505845971,20049.094558382407
00776_16,00776,multi,62391,10.467186927647433,10.036870777906518,-550489.9661088828
00776_17,00776,multi,65211,4.615661041083141,4.692340512090344,46543.218876086175
00776_18,00776,multi,65208,6.118233869483553,6.071420433638097,-37210.267017073
00776_19,00776,multi,64871,5.707152936606648,5.6685376595555725,-28496.237328899093
00776_20,00776,multi,65011,6.261435391528073,6.288141546055825,21788.497822297737
00776_21,00776,multi,48490,5.423308575162963,5.450181088523226,14168.680838651955
00776_22,00776,multi,65210,4.6526635781796815,4.605833701966412,-28273.37889988441
00776_23,00776,multi,65079,4.81729530535375,4.891955317544288,47175.296570145525
00776_24,00776,multi,63753,7.9181515606718476,7.966312195726497,48771.418720768765
00776_25,00776,multi,65078,2.954497444504108,2.955021058697414,201.37136065773666
00776_26,00776,multi,65102,4.62543584522886,4.785193456608757,97875.62663001288
00776_27,00776,multi,51607,5.349301457874889,5.374406363135087,13893.516238122247
00776_28,00776,multi,64189,6.7974817084909605,6.733237604114842,-55797.504233771935
00776_29,00776,multi,65163,4.238644088053837,4.238724073231551,44.18467132933438
00776_30,00776,multi,65305,3.2442240220797216,3.2367400152669457,-3167.5262271733955
00776_31,00776,multi,65058,4.6152609308507815,4.6171460186974755,1132.2628049533814
00776_32,00776,multi,56192,17.528255924841364,17.62305919028585,187257.56184045598
00776_33,00776,multi,65110,3.07810118729405,3.1010483322651416,9232.196910900064
00776_34,00776,multi,65038,3.4407597465655186,3.4411028877188303,153.58400339260697
00776_35,00776,multi,65116,4.04476825924508,3.995086693522294,-26009.45202498231
00776_36,00776,multi,65169,4.5085297097397685,4.577241489132272,40684.974521350814
00776_37,00776,multi,64737,7.996433828148129,8.082576857027387,89666.87441587774
00776_38,00776,multi,65244,2.8489526408239,2.8570250416306977,3005.199894160847
00776_39,00776,multi,63592,6.445036878352646,6.444163622156944,-715.7644741898403
00776_40,00776,multi,65037,3.8488789562482175,3.8587180722748067,4932.142124072649
00776_41,00776,multi,64229,8.857845728467709,8.808730787857773,-55731.044472445734
00776_42,00776,multi,65067,9.09611873299702,9.109635076222965,16011.37615576107
00776_43,00776,multi,65039,4.194967363995238,4.224168895436012,15989.94690717198
00776_44,00776,multi,64457,8.660351824635043,8.685526284692648,28146.63901399169
00776_45,00776,multi,57426,9.389135902698552,9.330273810255978,-63275.62052892521
00776_46,00776,multi,56993,8.736302129255822,9.085757748583708,354953.4852888109
00776_47,00776,multi,65038,6.062701570022046,6.059853083683676,-2245.822711009532
00776_48,00776,multi,64500,7.297582034866232,7.319151099619897,20334.86749347765
00776_49,00776,multi,65154,5.3344714854831015,5.3307679326857045,-2573.5359120359644
00776_50,00776,multi,65049,4.514430261921915,4.5565853681740185,24874.062892334536
00808_00,00808,single,59312,5.613161510799915,5.606895487625765,-4169.938295673579
00823_00,00823,single,38638,14.178076485027258,14.23596640253866,63555.12840932794
00835_00,00835,single,65219,2.6181470143096,2.6090752576922642,-3092.6907346844673
00843_00,00843,single,65486,1.0325178595327467,1.0375718060116053,685.1225459212437
00852_00,00852,single,26205,6.96227169668998,6.911513908120523,-18453.631134719588
00858_00,00858,single,64399,3.9614102536302256,4.007132295151613,23463.005005220883
00863_00,00863,single,64953,12.871129429663792,12.821239026680132,-83256.92531001382
00865_00,00865,single,37371,12.891226744689787,12.811786054369575,-76306.53990716487
00882_00,00882,single,65027,4.57289073887465,4.544670815908591,-16731.24452231545
00887_00,00887,single,51624,4.422947260660273,4.4011510715411655,-9928.932509585284
00895_00,00895,single,65157,3.305591852718634,3.278642756574463,-11561.404098833911
00904_00,00904,single,61782,5.490284234968108,5.559131849339554,46999.169876931235
00905_00,00905,single,65450,2.306626699481616,2.3077442795003873,337.52099030744284
00926_00,00926,single,65460,3.4547281759726456,3.4510514883292323,-1662.0552409812808
00929_00,00929,multi,60299,4.4234084215387295,4.429478639429712,3240.4051525341347
00929_01,00929,multi,63222,8.001571141077742,8.027639082782763,26417.218985593878
00929_02,00929,multi,24328,4.611780356846863,4.58395967056569,-6223.875992104411
00929_03,00929,multi,58873,8.494731056423744,8.626264239977207,132580.76066427957
00929_04,00929,multi,58577,5.241241332764405,5.2823903888171575,25366.03831640072
00929_05,00929,multi,56842,4.556165158597761,4.5414064187309915,-7632.10100937169
00929_06,00929,multi,48281,8.311255885815044,8.594827277932282,231463.05073587038
00929_07,00929,multi,58524,5.658086621290115,5.5731285928101695,-55842.541634048335
00929_08,00929,multi,58152,4.977681283494993,4.918265075541846,-34192.19009240717
00929_09,00929,multi,61649,3.2449593399464893,3.259438101144099,5805.832629934885
00929_10,00929,multi,32950,5.675654744526368,5.50944938736019,-61254.84828561731
00929_11,00929,multi,64961,5.260677866179025,5.110980845494308,-100858.8649153132
00929_12,00929,multi,64953,3.7215963105047924,3.6887973405467633,-15787.039613869973
00929_13,00929,multi,63165,8.272643995706478,8.270467423762927,-2274.399346913211
00929_14,00929,multi,50507,10.018677693961482,9.986820886119215,-32188.6830440145
00929_15,00929,multi,58706,4.989908385484511,4.9634574054566905,-15455.897278755903
00929_16,00929,multi,59993,5.032032188850694,5.075974803542096,26647.226188087137
00929_17,00929,multi,57808,3.862915601924724,3.7827248956728856,-35442.62306474056
00929_18,00929,multi,59157,4.184880641104631,4.195227558683133,5129.402243033983
00929_19,00929,multi,58069,6.1661876223833545,6.173424964485363,5185.909980291501
00929_20,00929,multi,64984,4.201460256769987,4.193826229201014,-4164.814713840373
00929_21,00929,multi,57588,4.962623014331121,4.975467182529714,7350.906760704704
00929_22,00929,multi,64974,5.860899965274924,5.7070131792233205,-115663.3995101573
00929_23,00929,multi,63345,3.4845308835159825,3.4594323172205157,-11039.989621716551
00929_24,00929,multi,56551,5.198609482916153,5.211161843856948,7389.361223327927
00929_25,00929,multi,65006,3.8872993364840056,3.854525181036134,-16494.086802738835
00929_26,00929,multi,56659,6.562561782011048,6.655432340194294,69552.46324511152
00929_27,00929,multi,56439,5.357396466618277,5.42663949487291,42144.09095538594
00929_28,00929,multi,64918,5.114480117370418,5.090973367483444,-15573.636208365671
00929_29,00929,multi,59607,6.074266800103497,5.999067922497553,-54117.26802652888
00929_30,00929,multi,59377,4.711100588150566,4.7578941172651525,26309.21714173723
00929_31,00929,multi,64516,5.931227029926089,5.849623710427559,-62022.87769138813
00929_32,00929,multi,59749,6.646345028770891,6.551414337714548,-74857.87404666655
00929_33,00929,multi,58689,7.082013795183773,7.11876919502844,30633.04381074384
00929_34,00929,multi,58069,5.207294830922576,5.204008405951295,-1986.8869843110442
00929_35,00929,multi,57742,5.593556285054796,5.468729999491587,-79733.85525119398
00929_36,00929,multi,57038,7.800450261537847,7.76511121078503,-31375.016253731214
00929_37,00929,multi,58274,5.872468990047062,5.8942964037357735,14966.980876982212
00929_38,00929,multi,64968,5.824700369996109,5.830346696545615,4275.427247237414
00929_39,00929,multi,64942,3.708831876845132,3.781782739613897,35487.34801669698
00929_40,00929,multi,40450,6.253232145976974,6.2619870843077345,4432.105389934033
00929_41,00929,multi,64995,7.066957599557611,7.089001449020476,20281.80870835483
00929_42,00929,multi,62131,7.057432152309965,6.947335697642368,-95798.25356361736
00929_43,00929,multi,64489,3.9181786259779106,3.8850778209456327,-16657.126297415234
00929_44,00929,multi,57111,4.654806592701992,4.656614116905961,961.2134420715738
00929_45,00929,multi,59780,4.815407539630841,4.816438560532451,593.6533393990248
00929_46,00929,multi,63567,3.78050680471502,3.763358865556291,-8223.138332718983
00929_47,00929,multi,62197,6.761085690111846,6.590836004654163,-141383.76167730242
00929_48,00929,multi,56334,5.918816937747283,5.851767330898301,-44459.52782324422
00929_49,00929,multi,59790,4.80528325799937,4.780397423137231,-14262.76497835829
00929_50,00929,multi,25827,5.26061699241299,5.342786842992836,22502.55136979837
00939_00,00939,single,54748,5.86089724248566,5.895991136818141,22588.75097580161
00969_00,00969,single,64788,4.051599490962921,4.03253931172609,-9982.867697528563
00970_00,00970,single,64663,3.7364376852881054,3.7051321525561414,-15064.041730986908
00987_00,00987,single,65055,4.589207048377558,4.490105989956777,-58534.506893365644
00989_00,00989,single,65498,2.6813472436956496,2.6776321303650006,-1304.0138106551021
01012_00,01012,single,65044,5.075698737875582,5.142157054430701,44168.87586514652
01064_00,01064,single,46953,7.6984312935262205,7.529236561877635,-120971.64255686384
01076_00,01076,single,24521,4.779966094614286,4.776766593709931,-749.773096807301
01077_00,01077,single,63432,4.141592101192418,4.109311951202055,-16894.505544744432
01087_00,01087,single,61214,6.958250124683377,7.068354646375401,94538.44918449502
01089_00,01089,single,65338,8.97140553846159,8.946943416403709,-28639.006992279552
01096_00,01096,single,60617,5.379821868535745,5.359159885168011,-13450.22504757531
01099_00,01099,single,59279,6.502894612061112,6.465195034819426,-28980.999069614336
01107_00,01107,single,50439,5.604193171489898,5.600213889331298,-2248.847888974473
01108_00,01108,single,64548,3.434026141252233,3.4481607487685095,6279.036476600915
01137_00,01137,single,63867,4.243405558864059,4.231480206326847,-6454.782251538709
01140_00,01140,single,53838,6.677294495063404,7.012876277732077,247341.02745065466
01143_00,01143,single,65003,6.158493544765493,6.159671152615424,942.9314017863944
01152_00,01152,single,59649,5.140294523061443,5.253307604478872,70064.49104338977
01156_00,01156,single,65335,4.13403827505055,4.096424313369094,-20226.429189376533
01161_00,01161,single,31592,10.740326305106947,10.724618432485155,-10651.83097265102
01197_00,01197,single,53826,7.68961667219445,7.710107644266825,16985.080702272244
01199_00,01199,single,65089,7.481658068201626,7.473735349810333,-7712.224457296543
01221_00,01221,single,64696,5.387457750015106,5.390949395491487,2434.793625420658
01222_00,01222,single,59650,5.627831425202145,5.6853596573955825,38821.883247697726
01238_00,01238,single,50953,5.650696077004226,5.639028715231776,-6711.595575320534
01259_00,01259,single,48796,16.76789722370869,16.701456467193847,-108509.08903246
01264_00,01264,single,63592,3.6953229344482157,3.6091540144215193,-40026.00605567824
01270_00,01270,single,63973,6.453578122747612,6.505028672329294,42652.55460993759
01283_00,01283,single,51149,7.521519789851019,7.375517463286019,-111249.18230464216
01295_00,01295,single,62127,4.581172782906086,4.697420817742254,67011.31739192549
01306_00,01306,single,61996,6.28893585110466,6.263642098887839,-19683.841366480105
01307_00,01307,single,19928,10.341971872173929,10.219127137056851,-50334.59599127062
01320_00,01320,single,65427,4.414141682790578,4.397085692179624,-9832.645097858971
01334_00,01334,single,24111,7.440281540626689,7.436201571411993,-1463.4314457178116
01344_00,01344,single,61796,6.45340862232884,6.4328163320124085,-16397.994086633436
01360_00,01360,single,63800,5.087515648816267,5.15075808222829,41310.07539119944
01365_00,01365,single,42438,9.301891083706469,9.266405259771023,-27962.877529817633
01367_00,01367,single,51597,13.070591980400657,13.210941939882016,190321.32475763187
01373_00,01373,single,36675,4.174684093377574,4.197674598746968,7059.378480057232
01395_00,01395,single,38763,3.5672334848696963,3.5351839692877425,-8823.584433584474
01404_00,01404,single,65271,2.0968074478372376,2.0802573067707826,-4512.250214573927
01411_00,01411,single,60391,10.489187910431687,10.748141372935406,332119.0937969042
01412_00,01412,single,63208,14.75400466558537,14.618301517710751,-251941.67799001373
01423_00,01423,single,65277,4.447598517580569,4.358265872486065,-51350.227660881355
01432_00,01432,single,65085,5.888981267898441,5.933834887089456,34514.32125073299
01446_00,01446,single,46917,3.9761500824733025,3.900142029775714,-28087.407503730617
01450_00,01450,single,65046,4.173756465943992,4.144673961441387,-15735.979729694314
01458_00,01458,single,61870,5.57969214764596,5.632704625739898,36775.33857445535
01470_00,01470,single,48401,7.378463080780081,7.209745835279675,-119128.53065736592
01476_00,01476,single,64430,7.0256044255297345,7.093444616225539,61713.56544506736
01486_00,01486,single,44303,9.314311527728679,9.157131039959022,-128627.13067116402
01496_00,01496,single,27452,6.690156026592322,6.476559334921924,-77205.09452970792
01514_00,01514,single,63853,4.073904417000402,4.093088793253903,10004.403154160827
01533_00,01533,single,46510,6.9927254418421905,7.115782865448758,80748.64733689185
01534_00,01534,single,65042,6.2638169117226195,6.18906263357567,-60547.9894347731
01541_00,01541,single,65509,1.4156331226255439,1.3901765519390619,-4679.064983156495
01544_00,01544,single,60552,3.73080592297909,3.7167663735359007,-6331.350998156704
01545_00,01545,single,47263,6.159816157319636,6.288867264547514,75928.78362640925
01555_00,01555,single,55258,8.486546378178128,8.627148879493685,132963.3667158233
01565_00,01565,single,65048,4.314474262901561,4.414856560278785,56999.62934234738
01572_00,01572,multi,59608,7.17391030655403,7.1079169507970485,-56180.880186082795
01572_01,01572,multi,63262,4.4837244875476445,4.457966263598972,-14570.63497249782
01572_02,01572,multi,55251,5.843376183316776,5.886420492768429,27896.285036651418
01572_03,01572,multi,52758,7.313242051529144,7.386618614686893,56906.111181379296
01572_04,01572,multi,60749,6.975462503159962,7.02048284851582,38278.08421654161
01572_05,01572,multi,47429,9.261094681973288,9.4043591736773,126829.73518519476
01572_06,01572,multi,64237,5.206011069241686,5.206220479205509,140.0639627724886
01572_07,01572,multi,59941,6.035111728230102,6.025074186562892,-7256.134895542171
01572_08,01572,multi,29857,13.116877251967196,13.093409003184433,-18365.32489395421
01572_09,01572,multi,62591,6.103050742019457,6.051339601555462,-39339.531726581044
01572_10,01572,multi,61021,5.430747608048011,5.412004047021607,-12401.406285122037
01572_11,01572,multi,61628,5.409902586320172,5.312729800791175,-64213.17487276066
01572_12,01572,multi,63227,8.386610982127458,8.390003984742282,3599.0767457298934
01572_13,01572,multi,62328,6.8719216052516225,6.702378760988276,-143443.24812628888
01572_14,01572,multi,63758,5.5468605071016555,5.498529883759911,-34035.97156332806
01572_15,01572,multi,63401,5.14475320191876,5.070495843967421,-48093.29803202371
01572_16,01572,multi,62757,4.670508333665859,4.7250602726381485,32165.87977301795
01572_17,01572,multi,62068,4.754959013662764,4.717155517980595,-22225.249904248863
01572_18,01572,multi,60538,5.89004233308052,5.975210049449702,61175.85558371153
01572_19,01572,multi,60524,4.95325566288122,4.94598558073962,-4355.809206455946
01572_20,01572,multi,55568,6.107446816235776,6.004363726958194,-69377.917591949
01572_21,01572,multi,11100,9.560115348195625,9.682560477781497,26153.50847950671
01572_22,01572,multi,48524,7.718690238723036,7.758202157799693,29673.479937860742
01572_23,01572,multi,19631,10.926813722770486,10.933828156372304,3010.2179513545707
01572_24,01572,multi,60283,6.6086977528059165,6.651164577068085,33945.6130990535
01572_25,01572,multi,55669,5.9854139551975285,6.00802756899869,15098.270884268917
01572_26,01572,multi,52213,7.221259941604157,7.242305285196751,15893.15160719119
01572_27,01572,multi,42421,8.693254809235064,8.85139749635943,117699.54444308951
01572_28,01572,multi,54428,6.747445227094676,6.737687457390447,-7161.89853757713
01572_29,01572,multi,42384,12.857564607441825,13.107768502951174,275353.0596386548
01572_30,01572,multi,48329,8.307538506644399,8.387782758499842,64746.53356426442
01572_31,01572,multi,62002,4.834119928252111,4.786202664338952,-28581.65322820563
01572_32,01572,multi,54807,5.0398109122662715,4.950637307401848,-48826.69484133553
01572_33,01572,multi,60977,6.981010704964136,7.003512779245705,19188.290302193258
01572_34,01572,multi,50281,16.945756430197473,16.80398709742567,-240578.42574907094
01572_35,01572,multi,61444,5.525981636020309,5.425357211206159,-67709.57816383429
01572_36,01572,multi,62766,6.699240362304687,6.531977553150797,-138906.84943674784
01572_37,01572,multi,61331,7.082648155948054,7.210686224683016,112241.30682041124
01572_38,01572,multi,49880,8.798233404979735,8.524588524373415,-236446.2407464832
01572_39,01572,multi,62210,5.398126888397719,5.208736465546551,-124969.83286564308
01572_40,01572,multi,61729,7.157325379479313,7.040360937940205,-102508.68675210048
01572_41,01572,multi,63444,6.7658712965521906,6.712024057727506,-46044.32121754624
01572_42,01572,multi,59606,6.559350261630818,6.492263573045668,-52190.39088780712
01572_43,01572,multi,63877,5.542328265707251,5.489996812824319,-36878.593877523206
01572_44,01572,multi,32929,9.916981167091388,9.971665310565962,35813.369572054595
01572_45,01572,multi,60648,6.591515018970405,6.550645196722027,-32575.117421782576
01572_46,01572,multi,57833,9.789841711952372,9.708323472602709,-91923.01442274358
01572_47,01572,multi,61431,6.85892184692816,6.8557784861709905,-2648.305818332359
01572_48,01572,multi,55414,6.391522127966718,6.3444069768068,-33251.46023445949
01572_49,01572,multi,45870,9.27782253628358,9.407455153643362,111107.29805092607
01572_50,01572,multi,63036,5.256654878157091,5.173614994494857,-54597.2696201005
01586_00,01586,single,64502,4.886575368840725,4.753554560739131,-82713.35751243867
01597_00,01597,single,57703,4.551637789948689,4.5648793595807025,6965.732856941409
01623_00,01623,single,62856,4.736688122721034,4.922398128430617,112750.39904894494
01631_00,01631,single,58908,9.363288908436088,9.262573758382644,-110505.90324553754
01634_00,01634,single,64081,5.131401599303583,5.149835769858992,12145.020936500281
01650_00,01650,single,53167,4.9906959853527955,4.915915261157645,-39387.366391772404
01661_00,01661,single,65039,2.9528003548775907,2.924771100038594,-10714.781643354334
01666_00,01666,single,58255,8.98541655077574,9.31811474162715,354746.8370316578
01669_00,01669,single,65079,3.720902810437613,3.7382198985139437,8406.272972508334
01674_00,01674,single,31774,7.305716583313739,7.434771958549689,60444.92828054074
01686_00,01686,single,65042,6.9351414137018015,7.039180028993234,94562.55091500469
01713_00,01713,single,64658,3.1288484642233616,3.0809263430479388,-19241.288482470438
01715_00,01715,single,64325,6.95334455092081,6.9259484919041725,-24458.804931543767
01735_00,01735,single,64027,4.270169171282347,4.2515882619712295,-10138.163364526816
01764_00,01764,single,50979,10.75952363286799,10.79894998038278,43330.71609146055
01765_00,01765,single,57394,12.580759478767488,12.624426721756652,63170.189003329724
01768_00,01768,single,53146,6.368145555331433,6.356850815513383,-7638.436655685306
01771_00,01771,single,60801,4.78848871674118,4.81703889582125,16674.03787616361
01783_00,01783,single,56778,8.904766288944604,8.726008906407998,-178943.3177505415
01788_00,01788,single,51943,5.27766667599693,5.147166032700255,-70665.71798639
01790_00,01790,single,63679,12.295160255148575,12.154365053984023,-219207.0507509336
01812_00,01812,single,44842,6.2761427628273365,6.359146686073925,47029.32978456933
01814_00,01814,single,61557,6.433047144752908,6.431914078188124,-897.307612137869
01841_00,01841,single,65080,3.6561622695693043,3.6120005771055794,-20889.012156516314
01850_00,01850,single,63210,3.743974387068778,3.747816147004356,1819.2887740824372
01860_00,01860,single,65075,3.125885022839344,3.1232820824163072,-1058.523594182916
01917_00,01917,multi,65051,4.536280474376731,4.525426328022186,-6398.227182273753
01917_01,01917,multi,59295,8.35528018934399,8.40465576989869,49068.484327359125
01917_02,01917,multi,65057,4.011870913890187,3.8527592523087693,-81409.3614746593
01917_03,01917,multi,65062,11.041958133766393,10.778338687167418,-374253.18699989654
01917_04,01917,multi,65097,3.3708334386366454,3.361408081338638,-4130.650830075145
01917_05,01917,multi,65041,4.143556682848791,4.1212376719593244,-11997.595231713727
01917_06,01917,multi,65194,4.030669594248414,4.044776575307976,7426.91131272912
01917_07,01917,multi,65286,3.4698442647831245,3.3871668906080674,-37011.918033719994
01917_08,01917,multi,64648,4.730890913733023,4.615071630694396,-69977.75445431098
01917_09,01917,multi,65482,4.448008453340448,4.470573967684907,13178.409627588466
01917_10,01917,multi,65071,4.174053610532405,4.218046540163015,24023.7623479357
01917_11,01917,multi,64898,4.315280258533169,4.398456796522275,47036.67387206759
01917_12,01917,multi,65188,2.955397625600398,2.942152717230283,-5091.998556043953
01917_13,01917,multi,64377,5.2978864475764444,5.3390810178741415,28209.055316240527
01917_14,01917,multi,59659,5.431162168023466,5.499277948331517,44418.24086710252
01917_15,01917,multi,65083,4.550281901070944,4.50518678366436,-26577.12619428709
01917_16,01917,multi,65204,5.967242242331563,5.975756715002013,6630.486405650619
01917_17,01917,multi,65049,4.502620543401506,4.582184241862358,47018.76166593563
01917_18,01917,multi,65214,3.66347060748459,3.6074417539623664,-26566.93694781419
01917_19,01917,multi,65040,3.5329748168810573,3.526287233289511,-3070.4997047865763
01917_20,01917,multi,65206,2.6805751303724055,2.658553262496669,-7666.763684046455
01917_21,01917,multi,65178,2.876949168356484,2.8273432505229574,-18443.20103257062
01917_22,01917,multi,65118,5.797090877491468,5.7490160673410795,-36145.49753180239
01917_23,01917,multi,61521,6.159408036371522,6.145109589383273,-10823.727464104071
01917_24,01917,multi,65296,4.319822013535212,4.362431748961623,24156.159588696435
01917_25,01917,multi,65049,3.530536521123231,3.4360777983305044,-42805.98171938211
01917_26,01917,multi,65357,3.453879727228463,3.4544772402567405,269.7828004695475
01917_27,01917,multi,65150,3.5896158370667157,3.5632970991989894,-12264.854982499965
01917_28,01917,multi,58453,6.645177404803021,6.746670151211615,79447.87895155791
01917_29,01917,multi,65396,5.563915092857984,5.6264324801900445,45750.47223656811
01917_30,01917,multi,65489,2.024766264162418,2.010847671562686,-3678.5214693769813
01917_31,01917,multi,62876,7.028907815571675,6.852358340200494,-154092.1156573221
01917_32,01917,multi,65148,5.461298332795421,5.519524597638873,41653.82687053736
01917_33,01917,multi,65039,5.292782865415061,5.14255173493478,-101962.42817922961
01917_34,01917,multi,65088,3.483076939822107,3.4762568583390694,-3089.2862957967445
01917_35,01917,multi,65252,4.193475095820506,4.182168574879272,-6179.324632761069
01917_36,01917,multi,65211,3.199038885061321,3.1782664155274976,-8638.65637637768
01917_37,01917,multi,65044,4.291866245010872,4.274114562945486,-9890.627577254549
01917_38,01917,multi,65442,1.9923118586659194,1.965384466904323,-6974.182697312906
01917_39,01917,multi,64751,4.125448445298091,4.167854689320935,22772.139100050554
01917_40,01917,multi,65211,3.01345117219857,2.9574753299720595,-21795.318621058017
01917_41,01917,multi,65046,4.1137882131140335,4.078565144034582,-18769.66258653626
01917_42,01917,multi,65481,1.9782949178190972,1.9561549398359845,-5703.960412150249
01917_43,01917,multi,61903,6.263980472713809,6.116924570897214,-112705.87324243877
01917_44,01917,multi,65073,3.0863311848922597,3.1065947604117126,8166.064297686331
01917_45,01917,multi,65040,4.817945283928951,4.661838512101894,-96249.99332893454
01917_46,01917,multi,65094,3.890857443063402,3.930971731885339,20424.35656035971
01917_47,01917,multi,63182,5.818421370036887,5.749036159871433,-50710.534828803735
01917_48,01917,multi,65041,4.013543933464826,3.9561785261484044,-29735.859022524208
01917_49,01917,multi,65159,2.769793911919176,2.7476189962623785,-7972.084140747786
01917_50,01917,multi,63096,7.668179162359343,7.781395355242884,110363.86417169077
01918_00,01918,single,59683,6.359070790272072,6.335796115176962,-17634.470513874665
01922_00,01922,single,64069,2.912825777489862,2.8535694889151113,-21892.068611852825
01925_00,01925,single,62773,6.061301443467114,6.049701087567807,-8819.100528114475
01949_00,01949,single,42924,5.225316392965948,5.209034847014726,-7292.2454348942265
01969_00,01969,single,65502,1.6538318492662298,1.6708137717955607,3698.169189268723
01977_00,01977,multi,42637,5.381641466293434,5.403523005239084,10062.161299319938
01977_01,01977,multi,60522,3.521936430787441,3.585980159871701,27550.672596042976
01977_02,01977,multi,58959,5.152655904510083,5.092160336804084,-36540.78209419735
01977_03,01977,multi,41633,5.773138769265176,5.753226063222568,-9555.652566189878
01977_04,01977,multi,47579,7.644766972934647,7.515910732710228,-92947.85688551329
01977_05,01977,multi,40309,5.918324979481625,6.062028672688299,69396.82353886869
01977_06,01977,multi,60591,4.490028731446455,4.389843286857695,-53903.809212998254
01977_07,01977,multi,52667,6.678715078363361,6.62753439784942,-35867.433247091714
01977_08,01977,multi,39631,6.456347509898801,6.530111254340174,37963.71691374667
01977_09,01977,multi,59807,5.240368343615771,5.2724019150737185,20140.699653743766
01977_10,01977,multi,60520,7.977493313122195,7.97093297900782,-6332.026347130537
01977_11,01977,multi,38857,5.722966139140303,5.6995478459244575,-10394.083592017181
01977_12,01977,multi,35292,4.614110739560035,4.51525222314135,-31851.56920318771
01977_13,01977,multi,39275,4.961480807029794,4.9728791398625125,4447.310168851167
01977_14,01977,multi,60457,3.594365923706511,3.6157081265032383,9303.054393729195
01977_15,01977,multi,39706,5.473164382794407,5.481954358720087,3823.4984024148434
01977_16,01977,multi,32378,7.79764349219287,7.67830900722732,-59796.170270117
01977_17,01977,multi,41930,5.634041036910833,5.710653992249954,36443.48522845935
01977_18,01977,multi,43904,5.651171048590549,5.660477622811678,4621.892529644072
01977_19,01977,multi,64944,9.056563094469208,9.1487977573067,109051.71254197601
01977_20,01977,multi,40928,4.513852349495754,4.522188159855597,3082.80828783568
01977_21,01977,multi,58055,6.613331109149522,6.583284970329368,-23019.234708184376
01977_22,01977,multi,59929,6.782240540700783,6.702638895728418,-64328.90240406338
01977_23,01977,multi,60894,4.631758341016074,4.627616536733097,-2335.316475143656
01977_24,01977,multi,42755,6.974126461471236,7.050503127990512,45797.20881804265
01977_25,01977,multi,37770,6.7970878406961,7.510288720855871,385406.3474281039
01977_26,01977,multi,55277,12.04217551915854,11.90115603635262,-186641.47670991905
01977_27,01977,multi,47850,7.919891683414506,7.751514383559755,-126262.22749148309
01977_28,01977,multi,56147,6.584829553921349,6.629737233552602,33319.62480159849
01977_29,01977,multi,46892,6.43949236378727,6.416292892114551,-13985.418294124305
01977_30,01977,multi,11181,7.248202337318474,7.233854671546472,-2323.2297023683786
01977_31,01977,multi,39561,6.119899052188226,6.215314087892955,46561.90453929175
01977_32,01977,multi,40245,5.299056737809706,5.313643061942094,6229.937236360274
01977_33,01977,multi,65213,9.64553229461541,9.62795156321325,-22096.899621579796
01977_34,01977,multi,60474,7.44973540535411,7.525034032682675,68189.24771721335
01977_35,01977,multi,44599,10.045943422668671,10.057179085577182,10073.661220930517
01977_36,01977,multi,43941,9.630996995938059,9.647225109678612,13746.90586432442
01977_37,01977,multi,38846,5.673153272371219,5.281211268459143,-166784.3527581254
01977_38,01977,multi,59739,6.313209622728057,6.407308333838155,71506.64774806518
01977_39,01977,multi,39533,7.343834134414717,7.3847890275611014,23846.66882098466
01977_40,01977,multi,60023,3.704107405769975,3.7440023127069364,17835.332902308553
01977_41,01977,multi,38562,4.848636589149524,4.8552504239978544,2474.905538712628
01977_42,01977,multi,37516,6.6061244109107236,5.851124473150528,-352846.31350897066
01977_43,01977,multi,57832,4.664912670894799,4.6123444227023915,-28204.03912179917
01977_44,01977,multi,43684,5.565669767699716,5.6094090400686385,21352.294309788384
01977_45,01977,multi,59226,6.718722677895809,6.582506732237213,-107308.0087454794
01977_46,01977,multi,59482,7.218876678675249,7.316479367086839,84386.50829473231
01977_47,01977,multi,60328,9.431836763069866,9.550170357434183,135509.3044440085
01977_48,01977,multi,60790,3.9600549721495923,3.978838436087272,9064.999817572534
01977_49,01977,multi,44845,6.666310775632266,6.613168825440911,-31647.00185498409
01977_50,01977,multi,12830,5.930863600029358,5.923374804599755,-1138.9699887325987
01994_00,01994,single,61832,7.99264384081027,7.890109516939902,-100695.10475838464
01999_00,01999,single,30687,4.331661060106717,4.31369583434162,-4766.175599508919
02008_00,02008,single,64353,9.539517273420246,9.695777968310425,193427.13782911282
02009_00,02009,single,60884,4.910016673954484,4.949516947137577,23711.533865460195
02016_00,02016,single,65505,2.0246415194327754,2.0363352322569144,3110.694622224197
02019_00,02019,single,62987,10.09929044907832,10.163511844192145,81965.3252573181
02037_00,02037,single,56884,5.6372792351766146,5.559860888781624,-49310.69591430202
02041_00,02041,single,62229,6.115981893976004,6.213505464074447,74825.12190576596
02047_00,02047,single,63693,6.258316252219091,6.243151778021964,-12074.803615593351
02050_00,02050,single,65405,1.7256590259159899,1.6896283396720795,-8048.421922387555
02056_00,02056,single,65511,3.503993933093565,3.54446520574153,18687.675168134272
02089_00,02089,single,65423,7.04227783785226,6.508036490237574,-473606.1376238875
02111_00,02111,multi,65501,2.1320520125923976,2.1225998456730464,-2634.1672260770574
02111_01,02111,multi,65501,1.2773161846389136,1.3638118328580406,14963.446679732762
02111_02,02111,multi,65501,1.275744133845336,1.2528117204021234,-3798.1336671710014
02111_03,02111,multi,65501,1.7700250090756284,1.719290886294101,-11595.47048676014
02111_04,02111,multi,65501,1.1767252893963391,1.1974859150372141,3228.5514956088737
02111_05,02111,multi,65501,1.9102772363055498,1.9929374442739072,21133.277829878032
02111_06,02111,multi,65501,2.6806926513902063,2.7360371441818088,19636.293470856734
02111_07,02111,multi,65501,1.0005579114902552,1.0194102987762448,2494.3581880722195
02111_08,02111,multi,65501,1.337230390221589,1.333135355206641,-716.2692358223721
02111_09,02111,multi,65501,1.3591421800434231,1.347287852040818,-2101.462643135339
02111_10,02111,multi,65501,1.3710824722404342,1.3555849205571708,-2767.854065882042
02111_11,02111,multi,65501,1.4162384788960662,1.4207096700359927,830.8498860672116
02111_12,02111,multi,65501,1.3167756793383396,1.3095473146906071,-1243.4723125938326
02111_13,02111,multi,65501,2.123089461094927,2.1739490912641473,14314.967895320617
02111_14,02111,multi,65501,1.617569534095153,1.585680547976991,-6690.82217811048
02111_15,02111,multi,65501,2.3639244660897822,2.3015607370528355,-19057.97806182591
02111_16,02111,multi,65501,2.1618049111255457,2.167748397408497,1685.5136985285208
02111_17,02111,multi,65501,1.899398240124148,1.9146016249965698,3798.121850065887
02111_18,02111,multi,65501,1.2877403478727407,1.3300775248129473,7259.542541008443
02111_19,02111,multi,65501,1.8524942143159693,1.8680981798775544,3802.7257669893734
02111_20,02111,multi,65501,1.0892461576416788,1.1040098357814496,2120.9568050345406
02111_21,02111,multi,65501,2.065989750981276,2.019340890032946,-12482.919951561838
02111_22,02111,multi,65501,2.6743168473946644,2.7010552137436736,9414.371445525438
02111_23,02111,multi,65501,0.9448064543454778,1.0301454439801139,11039.56471289695
02111_24,02111,multi,65501,1.0692834435343364,1.0412357651517168,-3877.3424362186342
02111_25,02111,multi,65501,2.1344340866941165,2.07350513928881,-16793.49404520169
02111_26,02111,multi,65501,2.601397244580694,2.582220506527181,-6511.119030635804
02111_27,02111,multi,65501,1.2175668952081116,1.2493103710592246,5129.203767135739
02111_28,02111,multi,65501,1.9922888390151572,1.9199468660628658,-18538.01766501274
02111_29,02111,multi,65501,1.3225113521412373,1.4205586109059016,17616.526076698676
02111_30,02111,multi,65501,1.298929488733232,1.3709849678286308,12601.211109855212
02111_31,02111,multi,65501,1.1912797873083987,1.1795666590846308,-1818.964631896466
02111_32,02111,multi,65501,1.3400174072630573,1.4328914540907853,16868.555548482575
02111_33,02111,multi,65501,3.463758817408575,3.4721506803022115,3812.498906560242
02111_34,02111,multi,65501,3.8648516447463552,3.9113402897770664,23678.914542651735
02111_35,02111,multi,65501,2.746066468918485,2.6886917408279034,-20424.376048982143
02111_36,02111,multi,65501,2.7206875797024868,2.7662316211861664,16368.469055013673
02111_37,02111,multi,65501,1.0021445934465538,0.9914163275623278,-1400.899468364194
02111_38,02111,multi,65501,1.097125144547856,1.1588369323672403,9119.013392208144
02111_39,02111,multi,65501,3.0529145845165946,3.119035575609559,26730.66082789842
02111_40,02111,multi,65501,2.891430426701752,2.898577407961746,2710.5019566435367
02111_41,02111,multi,65501,1.1707522802351609,1.2656463052300972,15143.809471141547
02111_42,02111,multi,65501,1.2967244494183692,1.4017963926839192,18572.076826687888
02111_43,02111,multi,65501,2.355042802258802,2.331485646160491,-7231.394386599772
02111_44,02111,multi,65501,2.1257012619351103,2.0955097843361954,-8347.748662317172
02111_45,02111,multi,65501,3.046104983605005,3.0635944962694217,6999.153006768785
02111_46,02111,multi,65501,1.153521590674172,1.1505018654629235,-455.72436803393066
02111_47,02111,multi,65501,2.282858067326958,2.233277866927519,-14666.389475594275
02111_48,02111,multi,65501,1.4029744211384172,1.3983729483504488,-844.3290920415893
02111_49,02111,multi,65501,2.3083788833714958,2.3417435032188636,10162.451701102778
02111_50,02111,multi,65501,1.4754537456700147,1.5047718083158872,5723.113161073066
02114_00,02114,single,65052,6.145849491805625,6.087996725080279,-46041.3239533212
02115_00,02115,single,45869,4.38938435487996,4.506998361312556,47994.5334073836
02117_00,02117,single,55994,7.223050871109584,7.288755747645883,53390.08090464864
02121_00,02121,single,65515,2.524109369276071,2.4599993563581,-20934.091467537917
02136_00,02136,single,60207,6.05345397653261,6.0433200335099935,-7380.656834359281
02141_00,02141,single,63230,8.964842765172701,8.853396798337034,-125560.29624944553
02145_00,02145,single,11743,5.45233225666217,5.42702507443187,-3233.1517915371805
02155_00,02155,single,65500,1.2114352724867012,1.238107641301014,4279.449837508611
02157_00,02157,single,64732,2.8942916330716333,2.907618393038795,5005.121109999716
02160_00,02160,single,57050,8.538526211283537,8.598506145530962,58640.444119288586
02170_00,02170,single,63852,2.699060118561964,2.723772971380587,8557.04124069959
02171_00,02171,single,44729,8.747103139785468,8.764284944881103,13457.938829461113
02182_00,02182,single,64369,2.677213018048523,2.6053391435861113,-24439.46041215863
02187_00,02187,single,65236,3.878051155182623,3.8436872152241897,-17310.33044028189
02193_00,02193,single,65373,2.488405629082594,2.500673094680893,4001.0467048641294
02202_00,02202,single,65066,2.9417575540561374,2.973233900785337,12114.13895888254
02211_00,02211,single,62538,4.411711475436501,4.376920926988265,-19121.702767866664
02225_00,02225,single,63017,2.5347396661766988,2.5067014744371576,-8907.635279867798
02232_00,02232,single,61973,6.566074855749366,6.536739948901181,-23820.552822097205
02255_00,02255,single,65079,2.9352201988859057,2.9115121720797736,-9020.892250178382
02262_00,02262,single,60198,5.112250038978621,5.087867158093925,-14971.738789609633
02274_00,02274,single,59841,5.171936391744217,5.122482130860443,-30465.224201195873
02277_00,02277,single,63629,5.218021274420926,5.257771927337313,26496.363974696957
02280_00,02280,single,59450,6.698390672700089,6.772197024097767,59106.077533990145
02285_00,02285,single,64413,4.029672500487439,3.948598060579182,-41664.50666569348
02287_00,02287,single,64688,3.940527502877646,3.918455209997246,-11221.153612065129
02288_00,02288,single,64919,10.939111767432395,11.005423328872315,94468.59588771686
02296_00,02296,single,65388,2.851123534469874,2.8618224110381965,3996.652104474604
02297_00,02297,single,61891,5.138052525775724,5.215833538942244,49843.03479954973
02308_00,02308,single,65058,5.995600791480824,6.029065818439382,26179.716033414938
02310_00,02310,single,59050,8.556941145190285,8.63031541738801,74468.09916199837
02319_00,02319,single,63119,8.002118796540632,7.86509792397112,-137229.5351042822
02334_00,02334,single,61567,7.3873865706778075,7.361174541475687,-23801.168956379406
02341_00,02341,single,62180,7.235290494272041,7.214168604336255,-18977.32883142028
02348_00,02348,single,61119,3.4658691069792877,3.4660262140813685,66.56164608336985
02383_00,02383,multi,51174,6.747288211009396,6.593538881565653,-104965.2031253539
02383_01,02383,multi,44592,10.593102770459346,10.344902945630766,-231736.12257949635
02383_02,02383,multi,62914,7.587324461034901,7.869988154450616,274885.1746606128
02383_03,02383,multi,62116,7.2825894679120635,7.40871031110927,115093.43915660493
02383_04,02383,multi,33746,14.888101860233522,14.439575844765919,-443902.5249023279
02383_05,02383,multi,61455,9.492584044252393,9.554518981247895,72497.30358795635
02383_06,02383,multi,55063,9.933352528745525,9.998899844426012,71940.11997423414
02383_07,02383,multi,47512,7.550176318847128,7.655983704641694,76443.19899129216
02383_08,02383,multi,47960,8.533955749642,8.662452239202437,105976.15973916277
02383_09,02383,multi,44413,11.110638099807936,10.968780197411522,-139107.73230003193
02383_10,02383,multi,46848,10.957305940832603,11.017696698172967,62171.374208631925
02383_11,02383,multi,55377,8.003825975320662,7.993592462970879,-9065.756440150551
02383_12,02383,multi,48806,13.02850893041714,13.052444612855028,30467.89817095641
02383_13,02383,multi,49801,9.65796998977869,9.58274624497256,-72079.91200964618
02383_14,02383,multi,62380,9.68777724702608,9.841280160768841,187000.71885586716
02383_15,02383,multi,58604,5.95286233494931,5.951463276714732,-976.0405231406912
02383_16,02383,multi,58842,11.653243652331598,11.431983109315812,-300556.0984567469
02383_17,02383,multi,56790,10.139278164828237,10.436262607120689,347021.8543030871
02383_18,02383,multi,60291,15.162293053095844,15.366189380131308,375290.09810858965
02383_19,02383,multi,47436,9.686339724543902,9.556770498137281,-118272.88584354892
02383_20,02383,multi,45740,16.605938966189754,16.644444492571957,58561.99768998101
02383_21,02383,multi,49537,7.064291983578756,7.170711460343964,75042.69072340801
02383_22,02383,multi,63074,5.264182880385672,5.362696584151737,66031.74519911781
02383_23,02383,multi,48642,15.758077349971606,15.721912523362251,-55377.37871782854
02383_24,02383,multi,48940,15.927880695552735,15.843808617602917,-130724.21836968511
02383_25,02383,multi,43618,14.24169776459189,13.542798092411937,-846999.4063627627
02383_26,02383,multi,62357,5.364319821870302,5.2219086545459374,-94009.2357874047
02383_27,02383,multi,28704,12.991540125317732,12.92925328175994,-46343.3084878372
02383_28,02383,multi,58487,7.811536512178063,7.564096704347076,-222516.34904156905
02383_29,02383,multi,51327,6.489831567011861,6.304929725295449,-121428.12969196076
02383_30,02383,multi,49810,7.269745656472443,7.1318011570784146,-98953.25159326475
02383_31,02383,multi,60753,7.857026166184988,7.99512946714047,133002.59518356435
02383_32,02383,multi,43826,12.956164989561781,13.088876872042926,151483.97887211852
02383_33,02383,multi,28678,10.10340923099626,10.403086317969402,176235.68340836372
02383_34,02383,multi,63268,5.342298875061141,5.440158368716498,66758.23022897751
02383_35,02383,multi,42047,14.370936990987646,14.397902236115382,32618.33033925295
02383_36,02383,multi,63518,7.137220442655972,7.14213366715107,4456.27503464371
02383_37,02383,multi,43474,12.144912051917753,12.22528236926315,85149.92663712706
02383_38,02383,multi,51089,8.321037621346516,8.525197416258738,175711.61823258922
02383_39,02383,multi,59198,7.219650213214139,7.4282237145762045,180859.26415895112
02383_40,02383,multi,52417,9.787258179501471,10.010457328085574,231621.9822138436
02383_41,02383,multi,61731,8.192328959864849,8.217088214654973,25080.375679375604
02383_42,02383,multi,40420,11.585762971794702,11.521660481539548,-59871.85769199394
02383_43,02383,multi,31877,16.629293835823866,16.621665566568733,-8085.514067644253
02383_44,02383,multi,45701,11.26954514545445,11.299779206868768,31184.641233975068
02383_45,02383,multi,58903,9.571441535071058,9.986530005608438,478191.54714053776
02383_46,02383,multi,46316,8.217454924680808,8.184383260596377,-25123.469612386078
02383_47,02383,multi,49629,8.153846953887825,8.147472357378922,-5157.1644410002045
02383_48,02383,multi,63015,7.267587255645443,7.325325424993151,53094.42652970832
02383_49,02383,multi,47339,8.1916869497381,8.257705841555557,51408.76616969844
02383_50,02383,multi,46658,17.407676441800792,17.363263959767753,-72052.2587873321
02386_00,02386,single,65055,3.252996780872191,3.220253865159231,-13788.608939487487
02388_00,02388,single,48737,5.571960718879321,5.631571690940952,32549.173956879415
02408_00,02408,single,65491,3.1076870828623244,3.0899028482057345,-7218.378308840096
02421_00,02421,single,65175,3.3299351020758228,3.2948735241314164,-15138.604203647817
02423_00,02423,single,59213,5.94180052427653,5.973997420611345,22717.168773991754
02437_00,02437,single,64795,7.574540423654001,7.572637711343741,-1867.4387016324326
02473_00,02473,single,58380,6.684361097736296,6.566983302432481,-90805.04541358631
02490_00,02490,single,56337,14.999418800490899,15.250643843581923,428137.160509903
02510_00,02510,single,62113,7.579756336286284,7.4634324056603205,-108690.47306523938
02517_00,02517,single,53335,6.8820996175018365,6.981057612228666,73168.69925236702
02519_00,02519,single,53385,10.75515908239292,10.764651579759624,10905.314087474719
02521_00,02521,single,36164,9.399561068909733,9.492440026895824,63455.863315491006
02547_00,02547,single,60977,5.807299717297931,5.719396134293309,-61784.205328214215
02552_00,02552,single,65171,2.6874479383089858,2.6613229692763096,-9106.765768139623
02564_00,02564,single,51741,8.556243068831662,8.694104338935977,123048.10768145416
02585_00,02585,single,53859,10.964088529143275,11.060639980115099,114532.21347201522
02593_00,02593,single,60326,9.338790178132284,8.817348254632238,-571128.6680525849
02595_00,02595,single,47652,9.105080561758237,9.166922222908932,53845.37831853423
02607_00,02607,single,61624,5.644610108223172,5.653906929723835,6473.003208344802
02609_00,02609,single,20891,5.994900879523846,6.072359754476928,19527.160990841687
02629_00,02629,single,61919,5.26236195480869,5.34244370720159,52584.7987492783
02630_00,02630,single,64787,4.0271132664262455,4.034154977102747,3677.6417424054816
02632_00,02632,single,54528,4.075512920586035,4.137283668983898,27662.631948424503
02634_00,02634,single,64124,3.7976928399250998,3.80520011209242,3660.004691931419
02642_00,02642,single,65027,6.653614399252814,6.721346533749588,58908.912127835676
02649_00,02649,single,64709,3.0582453783993593,3.009669373071832,-19073.30513188429
02682_00,02682,single,65144,2.1714012891142596,2.1582630231753086,-3705.6696119681
02687_00,02687,single,64321,3.6956950947288365,3.6707517802992617,-11818.572136288509
02688_00,02688,single,57371,9.281348040523842,9.347862338775304,71088.91414074041
02704_00,02704,multi,57734,7.9705482439132,8.009814511157499,36227.46116111893
02704_01,02704,multi,65077,6.189269319367316,6.286075406444351,78592.7970864959
02704_02,02704,multi,64331,3.7480952986656613,3.7950602101245114,22790.133619528264
02704_03,02704,multi,49323,8.44960540930001,9.016471350961389,488343.2769100359
02704_04,02704,multi,65175,6.4215793524041045,6.532841530463727,93939.14437989332
02704_05,02704,multi,65090,5.152186923200773,5.236683503107765,57137.56546960864
02704_06,02704,multi,62384,8.65357822585866,8.600485901357846,-57147.3854538966
02704_07,02704,multi,49905,7.558401926198095,7.494273177818357,-48173.75633402262
02704_08,02704,multi,65084,3.126548232348653,3.137694753886772,4544.459018422291
02704_09,02704,multi,65243,5.871486263499371,5.937842860438012,51126.16936648544
02704_10,02704,multi,65407,4.806550671281189,4.807118493236702,357.04716053884476
02704_11,02704,multi,63390,7.089553773208049,6.7368266000110335,-309149.23069450445
02704_12,02704,multi,63727,8.397535354900553,8.277829951489142,-127207.46133280359
02704_13,02704,multi,51597,6.504450520593449,6.564780361066339,40682.408698563464
02704_14,02704,multi,63000,7.726559739206267,7.4215847735767895,-291047.7056845911
02704_15,02704,multi,65479,3.58844926640851,3.650363800225601,29346.884792371653
02704_16,02704,multi,65239,3.1069854247527933,3.157304753348171,20564.303288100287
02704_17,02704,multi,46247,5.016735477824009,5.006191604832278,-4887.4047037167475
02704_18,02704,multi,65006,3.252073847969285,3.2687212488940953,7056.680196933448
02704_19,02704,multi,47646,3.4838688980297934,3.454454092218326,-9724.044668049552
02704_20,02704,multi,65056,7.881160922939074,7.946777014962313,67565.04287385195
02704_21,02704,multi,65058,2.8939659267506244,2.8890548208407587,-1847.7140386616811
02704_22,02704,multi,47650,5.740854843391421,5.601640399440476,-75241.2163669737
02704_23,02704,multi,63268,6.9848078799022755,6.638054577092541,-298863.6417367826
02704_24,02704,multi,61881,8.824863083401887,8.836693826241989,12929.993981920183
02704_25,02704,multi,65224,5.444318121137405,5.369523274320114,-52754.4502869742
02704_26,02704,multi,64206,7.358785458407649,7.278666579455685,-75296.70353823714
02704_27,02704,multi,65310,4.9010565246874505,4.826870978078502,-47132.37344766036
02704_28,02704,multi,50136,5.897537138760688,5.905485210597063,4703.321808606619
02704_29,02704,multi,62156,10.537059641797653,10.694297145849571,207499.4490590077
02704_30,02704,multi,50070,4.254006518741424,4.203305919883207,-21469.555624841712
02704_31,02704,multi,56557,8.984663021172462,8.963600052993112,-21381.01720188465
02704_32,02704,multi,44228,4.432665602762323,4.368973654274937,-24793.931713555008
02704_33,02704,multi,58804,9.172437459908053,8.923915314879252,-264461.840614371
02704_34,02704,multi,61782,7.407428338302574,7.309366643068987,-89160.93204285018
02704_35,02704,multi,63418,7.25014113891507,6.982628674987632,-241460.44055839442
02704_36,02704,multi,65043,8.194479051763158,7.9974002486958975,-207557.1687526158
02704_37,02704,multi,62905,8.233631144099212,8.312916097623892,82524.58066863939
02704_38,02704,multi,44449,3.8742969313519535,3.8256179062693083,-16660.567422685213
02704_39,02704,multi,64228,7.450656942843085,7.3832394819151235,-64232.086996274535
02704_40,02704,multi,62471,8.478668059145235,8.38566961514252,-97976.84032009821
02704_41,02704,multi,65302,5.196016026850473,5.204309495666634,5632.609343100339
02704_42,02704,multi,45036,4.151622555943778,4.115913044216239,-13295.962943970226
02704_43,02704,multi,60304,8.307530393421962,8.269399366894474,-38117.877892018296
02704_44,02704,multi,56774,8.103989101782899,7.993226788039744,-101226.04791429825
02704_45,02704,multi,58230,7.843614742221189,7.758467530389582,-77357.02962323371
02704_46,02704,multi,64900,10.847025773562432,10.808018113414569,-54821.8472487228
02704_47,02704,multi,65347,4.328097353157314,4.313092807691916,-8472.704516167752
02704_48,02704,multi,65320,4.970595358197175,4.975513534304398,3195.239831307903
02704_49,02704,multi,65337,3.313723472285813,3.330191431710583,7148.633618938737
02704_50,02704,multi,64778,7.895600592317743,7.857744422525037,-38631.09253010526
02730_00,02730,single,65232,3.566850856040912,3.589021428232654,10349.04264944233
02739_00,02739,multi,64051,4.74354250915353,4.772288548657223,17520.66781712137
02739_01,02739,multi,60922,3.9081732699194003,3.9050967537772054,-1464.4217956196517
02739_02,02739,multi,60320,3.7848959470445016,3.7622222677813406,-10322.014965931885
02739_03,02739,multi,64185,4.641142157414558,4.525590155710855,-67986.9514828287
02739_04,02739,multi,60231,6.886270855452473,6.83793542474721,-39955.162710879
02739_05,02739,multi,61307,4.469635245491803,4.497203685610454,15155.19843063876
02739_06,02739,multi,64549,3.5442156810470165,3.5310237601142505,-6024.74541805312
02739_07,02739,multi,63409,3.3883654516642525,3.415990969924901,11919.235286207986
02739_08,02739,multi,62593,3.884258394400933,3.9094666903317288,12297.429408336058
02739_09,02739,multi,62438,4.46587713771722,4.487772607573006,12240.618255257607
02739_10,02739,multi,61148,5.022854343617321,5.011326627972061,-7073.061618763022
02739_11,02739,multi,63087,4.339712344005726,4.419413242912106,44041.67710932065
02739_12,02739,multi,63576,3.1555385731838537,3.1621861388193166,2670.032404520549
02739_13,02739,multi,58484,6.643195550006531,6.674795524945416,24612.885205031373
02739_14,02739,multi,64064,3.9573120800347343,3.8531106483548823,-52138.949603416026
02739_15,02739,multi,60760,4.156930274433817,4.1740841339635475,8683.153932793997
02739_16,02739,multi,62633,3.1094598421240573,3.1047062478595375,-1850.1552877873182
02739_17,02739,multi,63524,5.234053136515869,5.142619694577566,-60269.97756163124
02739_18,02739,multi,62457,4.378514547153807,4.487263657617254,60217.635077229
02739_19,02739,multi,62155,3.180576351669986,3.182376055945548,711.7637965586036
02739_20,02739,multi,55101,7.83676692923847,7.760705750970914,-65369.74083005637
02739_21,02739,multi,63173,3.283830458417255,3.2926240218739395,3653.324268197641
02739_22,02739,multi,62513,4.2178150909242875,4.233349336777975,8206.860795173794
02739_23,02739,multi,63076,8.247016262654954,8.287621577145899,42348.85863405559
02739_24,02739,multi,55376,6.440574589043626,6.4493234600566645,6244.865339985117
02739_25,02739,multi,63054,4.308343864714264,4.373285765900249,35549.94189991057
02739_26,02739,multi,62356,6.555314218717753,6.606412739511338,41937.20221778285
02739_27,02739,multi,47711,10.940141961347676,10.887916877570085,-54389.21370885149
02739_28,02739,multi,60013,6.5972275278802215,6.427517984196427,-132654.15255415067
02739_29,02739,multi,65040,4.8655371735142054,4.933175563078673,43106.505470991135
02739_30,02739,multi,58934,6.240093087221566,6.209530992818289,-22423.596484045498
02739_31,02739,multi,63119,7.28861126602281,7.197859141943518,-82981.15815312229
02739_32,02739,multi,64300,4.8472350600603,4.717325901777792,-79894.29730839189
02739_33,02739,multi,63145,4.12467390669112,4.104291321364397,-10591.158412380144
02739_34,02739,multi,61278,3.8867047438753195,3.896855535050286,4841.531578344293
02739_35,02739,multi,60870,4.230258295282546,4.29112621329222,31571.986688039266
02739_36,02739,multi,57439,9.600646396371715,9.583419900757837,-18982.109522351995
02739_37,02739,multi,61329,3.1412559790931462,3.125074631976525,-6218.61775036063
02739_38,02739,multi,64523,3.588449775741068,3.588246607299866,-94.07958080340177
02739_39,02739,multi,64931,4.213351450661737,4.187633178386643,-14028.91459657345
02739_40,02739,multi,65032,4.8945316967187305,4.896307783045592,1130.8659083889797
02739_41,02739,multi,61548,6.073980289647622,6.1192845770287105,33999.55684589874
02739_42,02739,multi,65044,3.0978447638225455,3.0782809008491694,-7859.193424202502
02739_43,02739,multi,62647,3.526239072421138,3.4973744158081486,-12700.688896159641
02739_44,02739,multi,52573,8.294423861771108,8.309231585036617,12925.720540698618
02739_45,02739,multi,64157,4.388734281156837,4.310084357618894,-43893.74427491613
02739_46,02739,multi,63005,7.080321344529751,6.981015865412115,-87978.15504522249
02739_47,02739,multi,62615,3.9077843823656058,3.905319238463536,-1205.991495541297
02739_48,02739,multi,63676,3.8543570382134553,3.72326784155966,-63252.22081252653
02739_49,02739,multi,58789,7.8520747763701,7.773708579928452,-71989.0827683052
02739_50,02739,multi,63397,3.67559591505141,3.68414425639648,3988.5316731482744
02742_00,02742,single,64920,5.240027933855504,5.126359532076922,-76497.22874991596
02754_00,02754,single,57465,7.726983671132125,7.765459698851596,34254.17856256664
02759_00,02759,single,51665,5.436725895294443,5.52257686642403,48609.882446854375
02782_00,02782,single,65109,4.584068074192243,4.648139475317791,38513.306488209404
02799_00,02799,single,65296,1.6694487134891218,1.6903462023239504,4584.51552604881
02809_00,02809,single,51631,3.806790188028572,3.8359656809917775,11512.740792199038
02815_00,02815,single,65097,6.032418201170721,5.972671900595916,-46691.45610010484
02828_00,02828,single,63686,5.245280430678876,5.029930970793387,-140921.9114082288
02841_00,02841,single,64346,4.079832240972267,4.136844396880353,30142.912625044584
02844_00,02844,single,40849,6.6308575572889055,7.0168982924722965,215216.6207306767
02849_00,02849,single,65050,7.278220071712083,7.327828648643599,47134.273219181225
02854_00,02854,single,61182,3.8843564576617466,3.869216553294865,-7182.054267546162
02856_00,02856,single,57865,6.8030750773436095,6.8016607161407014,-1113.4389365483075
02860_00,02860,single,65046,7.856507622286838,7.9132204968358675,58173.66975616291
02868_00,02868,single,64926,4.390961773690645,4.368348930669976,-12860.082269326784
02873_00,02873,single,63355,8.373211680709014,8.630010288655118,276633.5084618507
02878_00,02878,single,64448,4.667639179615125,4.660391418778365,-4357.157516743988
02897_00,02897,single,61289,5.514133280301548,5.539793464984445,17384.36754377745
02915_00,02915,single,65478,2.8066233810323986,2.8291392381319542,8308.767020030878
02934_00,02934,single,65058,5.751505497497958,5.888393016373093,103660.60848493781
02936_00,02936,single,65508,2.3008127714266324,2.3389065909843447,11578.18736550957
02944_00,02944,single,63522,5.12113939441625,5.008105284729537,-72729.52368912892
02948_00,02948,single,65292,3.8815604739113394,3.9212541882401895,20222.414277705364
02958_00,02958,single,60268,6.888356695443007,6.725079808999883,-133961.2711272277
02959_00,02959,single,63739,5.240917074871006,5.144239305072428,-63994.83290984202
02966_00,02966,single,57749,4.690181103616233,4.7121677127472,11938.206395774148
02977_00,02977,multi,44787,8.370557782854085,8.404017125606302,25137.43160077557
02977_01,02977,multi,33005,17.01041588726171,17.209970763141143,225386.02957377583
02977_02,02977,multi,37227,6.50027582851174,6.615466873480743,56243.15122969914
02977_03,02977,multi,12372,11.314332886864355,11.349441933830747,9844.444130263291
02977_04,02977,multi,40936,9.730223569178355,9.782425320824608,41697.18245909177
02977_05,02977,multi,37299,6.770584621129287,6.762558353877218,-4051.4405903425068
02977_06,02977,multi,51048,9.915354680836888,9.924602873533916,9366.47849877458
02977_07,02977,multi,60399,5.846640571595662,5.95441582787911,76819.18556139898
02977_08,02977,multi,45787,8.505448048213394,8.49279642687899,-9846.739422558807
02977_09,02977,multi,39604,7.845366268452251,7.882888140861736,23372.44139896054
02977_10,02977,multi,50345,5.984769440670591,6.054805701954331,42451.24787820503
02977_11,02977,multi,50337,8.302557341873298,8.346487236826464,36816.017663305625
02977_12,02977,multi,37235,7.102722164208104,7.274979084071414,92218.38042946905
02977_13,02977,multi,49819,5.428609937536007,5.49514777339711,36210.601259068586
02977_14,02977,multi,50570,6.891422521481016,6.796982704766645,-65373.38040793035
02977_15,02977,multi,42906,7.69095755777785,7.745864713607811,36366.78260833677
02977_16,02977,multi,37414,10.00777331857521,9.788187744340902,-162635.1963639483
02977_17,02977,multi,37683,7.040231348240787,7.200231237256852,85859.676700918
02977_18,02977,multi,35903,7.535388341323527,7.520107051977742,-8260.109192579053
02977_19,02977,multi,60578,4.1775459918699385,4.212711977047502,17873.641117553227
02977_20,02977,multi,41609,6.48448986657774,6.56257092544706,42388.2667406816
02977_21,02977,multi,41224,6.777500279499646,6.70152279899212,-42217.589637228986
02977_22,02977,multi,42719,9.815634137154259,9.794746806409071,-17498.066058615223
02977_23,02977,multi,39010,9.547087689744698,9.592757982349926,34099.51296179835
02977_24,02977,multi,50105,6.976691695947731,6.916476878509914,-41916.57080117054
02977_25,02977,multi,48825,11.743428821882363,11.857266714115188,131175.8539661495
02977_26,02977,multi,43185,7.557450579508259,7.5228038521040235,-22563.36204350833
02977_27,02977,multi,51065,4.617010926053223,4.6872622466480465,33377.997791460715
02977_28,02977,multi,48462,7.52198647845844,7.553803910650683,23245.909943161067
02977_29,02977,multi,59504,8.14350054853663,7.942697564751562,-192207.23707122356
02977_30,02977,multi,51159,6.272165248111196,6.213680471674508,-37357.93354416825
02977_31,02977,multi,55399,7.590469216719513,7.643627366228924,44863.01784597989
02977_32,02977,multi,59046,4.395088005713977,4.416033152780849,10896.952791343443
02977_33,02977,multi,48573,6.798712524192347,6.818435179911487,13045.07166923955
02977_34,02977,multi,27046,10.895177779229416,10.916808912187689,12760.789200838655
02977_35,02977,multi,51043,12.113047470904526,11.748219649766133,-444342.28468101844
02977_36,02977,multi,43691,10.970286374451396,10.941821380702741,-27251.300496718846
02977_37,02977,multi,54333,9.513899356434875,9.828762791556112,330904.10952560883
02977_38,02977,multi,33471,8.331151049878201,8.345470853022908,7993.073710395955
02977_39,02977,multi,51066,5.861335826116538,5.848159547224083,-7878.849393245764
02977_40,02977,multi,49786,9.637277658484996,9.637512846054733,225.68945389427245
02977_41,02977,multi,50041,7.057422950189337,7.096371013248813,27585.744768193923
02977_42,02977,multi,47199,6.8303863354340395,6.914279206079324,54424.19688205235
02977_43,02977,multi,42296,8.251679771038543,8.31135277820635,41803.92664550198
02977_44,02977,multi,22349,8.566398168912961,8.60108828446675,13309.770143392496
02977_45,02977,multi,55621,6.996842406827928,6.802861682006714,-148890.55345038557
02977_46,02977,multi,56250,8.008672500536342,7.917563832470653,-81619.7726024799
02977_47,02977,multi,50055,8.142430450589906,8.151059415662488,7037.530525840819
02977_48,02977,multi,46515,7.201123728524556,7.22554739741643,16389.664387407247
02977_49,02977,multi,50079,7.841370982912428,7.802076028232286,-30783.989041972905
02977_50,02977,multi,61758,5.06946100033907,5.131445468189068,39049.44500275049
02983_00,02983,single,64985,2.793409183568144,2.7407538767101163,-18936.827473373152
02991_00,02991,single,64499,7.465689565045723,7.449738359485604,-15345.541247209534
02998_00,02998,single,64615,6.551974911498106,6.37764463211601,-145643.77286513243
03003_00,03003,single,64526,2.4071512176252576,2.4189206585342813,3665.0876254728064
03012_00,03012,single,63881,6.9469755854541395,6.831530321326903,-101613.15930878092
03013_00,03013,single,65255,3.337282103535299,3.3406544436912844,1469.560452288948
03014_00,03014,single,62874,9.110565011322526,8.986686685361049,-140954.5324025564
03026_00,03026,single,38616,10.131213607840746,10.087132126796579,-34416.688569876365
03030_00,03030,multi,65043,5.288440150646652,5.226996373228818,-42024.81182965636
03030_01,03030,multi,61399,9.633646671090187,9.544271344111682,-105239.89334056992
03030_02,03030,multi,65061,3.5593972181796993,3.4992431451590162,-27625.288873834535
03030_03,03030,multi,65050,5.298182187494607,5.201613036192346,-65957.8581996141
03030_04,03030,multi,64840,5.657898194212863,5.664491625698911,4840.526555589167
03030_05,03030,multi,64228,14.16850808424331,14.395527435543539,416492.17035963945
03030_06,03030,multi,64489,10.047473948939183,10.152301006634731,136554.35955575295
03030_07,03030,multi,64330,9.138950743544239,9.058925247593168,-93683.39632957615
03030_08,03030,multi,65071,5.084139174410737,4.8754591823867655,-135241.54306010157
03030_09,03030,multi,56543,12.54840606307295,12.259070360483413,-405848.0476679709
03030_10,03030,multi,65050,4.490201711912329,4.531961527789142,24508.490114316344
03030_11,03030,multi,64971,3.5772085873145785,3.622336894983517,21109.292538303765
03030_12,03030,multi,65112,3.806658001165197,3.740228589305656,-32642.939989024773
03030_13,03030,multi,61079,6.824684988697858,6.868782558821676,36882.471413301304
03030_14,03030,multi,64969,3.685346495220057,3.66323742840037,-10555.535064508207
03030_15,03030,multi,65073,4.181920766201076,4.253081398589135,39059.42326211464
03030_16,03030,multi,65068,3.2304968927660553,3.2787260376538017,20427.07415755652
03030_17,03030,multi,65084,4.244559108660367,4.180336936291938,-35214.68265960924
03030_18,03030,multi,65150,4.966213915918354,4.861698391730139,-66920.08683410753
03030_19,03030,multi,64838,7.322911436629741,7.430462797040787,102881.40275043854
03030_20,03030,multi,64205,5.5090346850572605,5.478685099991496,-21410.61703382805
03030_21,03030,multi,65052,4.173810665659895,4.108227100430456,-35334.006273560226
03030_22,03030,multi,64997,5.251575173120084,5.24736218056286,-2874.9437246043235
03030_23,03030,multi,65042,8.670165660451726,8.01559405360871,-710390.3206138765
03030_24,03030,multi,65085,3.1176426501625096,3.0798712171418936,-15235.681258954108
03030_25,03030,multi,64042,6.8532938971915955,6.781813640133973,-62417.95839534141
03030_26,03030,multi,59983,4.39073139304744,4.408945751088547,9614.103440973908
03030_27,03030,multi,64906,5.020067025465421,4.995247665265179,-16133.92475575488
03030_28,03030,multi,64646,6.912773286687294,6.923858216751436,9915.280170272104
03030_29,03030,multi,65143,4.212948131450431,4.210318652318631,-1442.8395539224148
03030_30,03030,multi,55574,5.736408281953295,5.86842864119714,85143.52157633845
03030_31,03030,multi,65041,2.366594772287679,2.3624397988031105,-1277.991470824927
03030_32,03030,multi,65090,3.9136899451300717,3.821075893935163,-46627.0912809344
03030_33,03030,multi,59027,4.763751597937699,4.781649820369505,10084.510183738545
03030_34,03030,multi,65245,3.139577853275238,3.075007475664899,-26181.39102952555
03030_35,03030,multi,65046,5.385759670353066,5.233505352225015,-105168.25620912109
03030_36,03030,multi,65044,6.798110089841265,6.8241507428941635,23073.225162184797
03030_37,03030,multi,65039,3.6462081879384187,3.536291276810606,-51346.86974531319
03030_38,03030,multi,61605,12.008905320351419,12.052950015216254,65288.798875413835
03030_39,03030,multi,64899,7.692540851950379,7.728854599211181,36344.0018191142
03030_40,03030,multi,64380,9.308846171112904,9.148904760550815,-190059.9783816263
03030_41,03030,multi,65076,3.2603291549425877,3.3759765754212805,49943.98439417675
03030_42,03030,multi,58586,5.405846229000831,5.48794343843033,52396.37338770414
03030_43,03030,multi,62092,6.728902372556359,6.649797858300104,-65712.93118844926
03030_44,03030,multi,61021,7.9026341642399975,7.8493272784518044,-51238.602031701244
03030_45,03030,multi,65038,3.9324364839507515,3.9201017316292845,-6299.523055293481
03030_46,03030,multi,64849,4.411355797049642,4.427524651204862,9267.86687621288
03030_47,03030,multi,64862,6.7686394841334145,6.73026352485006,-33600.679293165915
03030_48,03030,multi,61616,13.098049585635176,13.070894890035397,-43784.92859405093
03030_49,03030,multi,63508,5.174209106877426,5.114561277894256,-38975.03846126143
03030_50,03030,multi,64925,5.233040436938451,5.3488868893226655,79590.17720326036
03058_00,03058,single,44104,11.762358507097174,11.89116387478953,134371.68536255788
03059_00,03059,single,53707,8.668842855240335,8.840181768011314,161119.77776983473
03061_00,03061,single,41840,4.733454938930984,4.693166966667654,-15889.97352142632
03083_00,03083,single,48538,7.3932134812296475,7.341767773404624,-36794.3056695424
03085_00,03085,single,51687,7.616873158462761,7.5814579859699345,-27820.6062668534
03093_00,03093,single,63944,7.028524442990046,7.016668694005183,-10647.717281754129
03116_00,03116,single,65068,7.789457738994217,7.743874143337636,-46072.38121018093
03118_00,03118,single,63021,5.382784347678727,5.311374502709953,-48127.13524413202
03120_00,03120,single,56688,9.435740855765939,9.312192744063788,-131304.8154909406
03127_00,03127,single,45248,9.658690707572703,9.803770452503171,127762.65554443654
03133_00,03133,single,64599,3.775658853106906,3.8332810658852075,28323.041050949134
03172_00,03172,single,65308,3.330838491184117,3.257912837520229,-31379.775447069667
03174_00,03174,single,64704,3.0740887672275443,3.039504232550296,-13680.740004066378
03193_00,03193,single,65047,10.736793590630576,10.81139664411583,104567.0066156201
03195_00,03195,single,65444,2.8894995584741094,2.8824084678278603,-2678.5655266800895
03200_00,03200,single,60009,9.57906639444868,9.667690175496713,102358.57189144008
03214_00,03214,single,48716,9.595629105777524,9.16976145212682,-389317.4628014839
03239_00,03239,single,59898,4.989047014411799,5.041964612737313,31794.87930654548
03241_00,03241,multi,65465,2.853333846857962,2.893636542499067,15162.898455229471
03241_01,03241,multi,64603,2.7435971046106586,2.7395052335824226,-1449.4424435645924
03241_02,03241,multi,64563,4.16498219635558,4.123154823871445,-22382.119407869643
03241_03,03241,multi,64484,2.8546215678027567,2.8553482974382978,267.583084913902
03241_04,03241,multi,64329,3.0937184490220964,3.065611394548515,-11136.67632756941
03241_05,03241,multi,64386,2.7461298193120824,2.740039648587221,-2151.2462753942236
03241_06,03241,multi,64962,2.65208854586848,2.640669992211951,-3926.0205236785114
03241_07,03241,multi,64775,2.6186801637898114,2.608434928311086,-3468.8971939198673
03241_08,03241,multi,64586,3.5642204915818874,3.43829704440263,-56950.717164299334
03241_09,03241,multi,64538,4.301500243846095,4.285828356859177,-8685.501022508368
03241_10,03241,multi,64159,2.93259142756495,2.9105174571725496,-8275.267118752003
03241_11,03241,multi,64570,2.3687197853760904,2.3652644632296407,-1056.1999405203387
03241_12,03241,multi,64655,3.4693414296397176,3.379844710584329,-39632.20171145629
03241_13,03241,multi,64323,3.020581778691734,3.0202452178756287,-130.77545562013984
03241_14,03241,multi,64358,3.1472717826919583,3.1679992718805106,8424.443697488867
03241_15,03241,multi,64974,2.614543827446197,2.598775781032797,-5341.113960530609
03241_16,03241,multi,64623,3.0711817351673822,3.0371809458322767,-13421.496114873327
03241_17,03241,multi,64439,4.539619234731329,4.615562096849763,44802.54693182651
03241_18,03241,multi,64085,2.8661416935080046,2.855778914319634,-3799.9200616898597
03241_19,03241,multi,64299,2.867798233436444,2.8563817684481045,-4201.933257294819
03241_20,03241,multi,64290,2.818470942928733,2.8113898763739944,-2562.9477975005284
03241_21,03241,multi,64760,2.6611763259587304,2.671391937818729,3527.829986556433
03241_22,03241,multi,64843,3.518696499196728,3.5428464745484005,11058.07160351146
03241_23,03241,multi,64335,3.454408533989901,3.4596672443079948,2339.1640904145315
03241_24,03241,multi,64624,3.163148726748599,3.1048582770207704,-23611.344344421057
03241_25,03241,multi,64325,3.0834189915359502,3.0675076066642486,-6295.472339116037
03241_26,03241,multi,65463,1.709988179585759,1.724856741045813,3343.2741494309157
03241_27,03241,multi,64697,2.4339144850467127,2.4346951553611063,245.899000168778
03241_28,03241,multi,65190,2.7419970530533937,2.70402157880816,-13482.278995721601
03241_29,03241,multi,64525,2.854826702329119,2.855366697550692,198.96136311627924
03241_30,03241,multi,64568,3.428480182347745,3.371135343918847,-25176.53881979268
03241_31,03241,multi,64345,3.1519088214713817,3.1592410016268873,2977.5318976305425
03241_32,03241,multi,64526,3.1366737646967233,3.153929753437667,7004.334949802607
03241_33,03241,multi,65320,5.191701789383063,5.133143364258674,-39492.907805270515
03241_34,03241,multi,64532,3.8855511033633374,3.8759033339377806,-4832.202804894187
03241_35,03241,multi,64791,3.171197421065259,3.2100597460056615,16067.551808756893
03241_36,03241,multi,65079,11.94607900182253,12.024430143184548,122225.96000839025
03241_37,03241,multi,65095,2.8911428777176615,2.896617427519279,2062.559943297878
03241_38,03241,multi,64533,4.89378234676217,4.90306731014025,5870.140465255827
03241_39,03241,multi,64580,3.519982567984836,3.406017987237097,-50974.20484493673
03241_40,03241,multi,64487,4.574395840681785,4.560156932465984,-8387.569916374981
03241_41,03241,multi,64625,2.9170514039029873,2.896032492872587,-7896.185800543055
03241_42,03241,multi,64558,2.4327992054333327,2.444376155164683,3645.1263449611142
03241_43,03241,multi,64666,2.674687331621297,2.676517714252058,633.3874825993553
03241_44,03241,multi,65069,6.134300322304177,6.2204312837638325,69241.54388634581
03241_45,03241,multi,64437,3.060685774897237,3.071281382893213,4186.595625029877
03241_46,03241,multi,65258,9.505281487503684,9.553019724206738,59372.361037333496
03241_47,03241,multi,65129,1.9909964068145658,2.006410031857091,4012.8923328313977
03241_48,03241,multi,64196,2.674272473985157,2.676475497476047,756.7311157984659
03241_49,03241,multi,64411,2.8259029691967763,2.806259517761895,-7126.118088627234
03241_50,03241,multi,64558,3.500692090752339,3.522077220647597,9695.5033940617
03242_00,03242,single,25253,5.8636715026190895,5.879688061963351,4749.79170266632
03255_00,03255,single,65265,3.1024239382466745,3.105014084610981,1049.3419625787064
03267_00,03267,single,64347,6.415595872367625,6.497714688302355,68235.21721778344
03275_00,03275,single,64475,3.7814984212306353,3.786151435904681,2270.318576601334
03305_00,03305,multi,51357,4.168954648891775,4.194133915825736,10814.57419638522
03305_01,03305,multi,30382,6.0896152630704075,6.219913650097873,48730.04716687091
03305_02,03305,multi,52923,8.36565210535925,8.249536682283638,-102103.26826957148
03305_03,03305,multi,64041,8.13888613560046,8.130362421836454,-8880.848394112661
03305_04,03305,multi,64307,8.904571099881577,8.700601551604052,-230921.23540428095
03305_05,03305,multi,61757,4.651161797827538,4.625854135925546,-14499.28268947173
03305_06,03305,multi,57895,8.874958252782655,8.85116473277367,-24418.19247193262
03305_07,03305,multi,62680,8.272235262260466,8.275797234487596,3694.5868642311543
03305_08,03305,multi,33263,6.860863174752307,6.862370752096126,688.1727702310309
03305_09,03305,multi,56505,7.425878023589992,7.525790329351977,84410.31407569721
03305_10,03305,multi,52266,10.3849180900509,10.471550833383002,94436.9851206746
03305_11,03305,multi,64146,13.819704519787052,13.53743675752043,-495337.916924227
03305_12,03305,multi,54550,8.085542403927588,8.187996067000455,90950.32188033406
03305_13,03305,multi,57071,5.873388371151056,5.795807642230153,-51666.646396440454
03305_14,03305,multi,42716,10.409660551493866,10.313188815520528,-85396.51380046271
03305_15,03305,multi,52176,5.657762938283027,5.534665789750176,-71885.80026889686
03305_16,03305,multi,40689,5.74291973116699,5.6491923985907215,-43445.77261580434
03305_17,03305,multi,54492,3.9488801875224815,3.9829464858754466,14724.172915937379
03305_18,03305,multi,32143,10.55719416140629,10.289819702834507,-179163.76557667973
03305_19,03305,multi,44154,12.274431367396135,12.189364768990758,-91886.76653771754
03305_20,03305,multi,48478,8.5252434022095,8.364276463189514,-131794.92384623736
03305_21,03305,multi,54051,7.3285403975960275,7.286809285941877,-32966.50428770669
03305_22,03305,multi,55572,4.056613380736662,4.063665586163245,3182.379227492027
03305_23,03305,multi,48059,8.42081182575618,8.14833649555051,-216971.20604903344
03305_24,03305,multi,40874,10.886259359766028,10.747018986906749,-123121.71502589155
03305_25,03305,multi,55806,7.641354077484821,7.638490204059283,-2442.0448883622885
03305_26,03305,multi,51882,3.4874496219261393,3.4976764277210672,3706.2180410148576
03305_27,03305,multi,52140,7.332273161995164,7.397768945211459,50302.35931051243
03305_28,03305,multi,54754,3.7208729161214507,3.7145675005662233,-2567.061440235004
03305_29,03305,multi,49719,11.86683134704021,11.723013791350727,-168678.3632282419
03305_30,03305,multi,50385,8.110802017255136,8.14880487708474,31133.474035752937
03305_31,03305,multi,48644,6.4753121262921765,6.391709434509395,-52327.2087687701
03305_32,03305,multi,62181,25.32588437258678,24.82422787319667,-1564357.6661862656
03305_33,03305,multi,53954,15.431755196644037,15.205812492215763,-373487.65723372996
03305_34,03305,multi,59675,5.550443151969743,5.574132745020057,15726.551131768152
03305_35,03305,multi,47229,7.267115248879227,7.163210627156852,-70814.10237885453
03305_36,03305,multi,59948,13.747973020295166,13.566572404196803,-297034.868587818
03305_37,03305,multi,53204,5.648626078030331,5.464623144716909,-108795.28772126394
03305_38,03305,multi,36584,7.543719270722038,7.510420303848759,-18339.09440025594
03305_39,03305,multi,51071,7.368284792923944,7.432365782077528,48437.79604045162
03305_40,03305,multi,63543,9.296608555953213,9.150894583154317,-170807.33117007278
03305_41,03305,multi,52387,5.767161717613895,5.557927433059114,-124136.07416027598
03305_42,03305,multi,53911,6.877869948265024,7.0706087156552915,144935.0108512519
03305_43,03305,multi,59512,12.135282363775367,11.883749251961984,-359546.6140016839
03305_44,03305,multi,17743,10.01176119440538,10.061983202726969,17887.494701001793
03305_45,03305,multi,58396,5.674983705505868,5.538306953991072,-89497.48425749969
03305_46,03305,multi,63549,11.687441024056413,11.803559208386613,173344.6596207749
03305_47,03305,multi,64086,14.007405529031693,13.698482713713831,-548510.8561629131
03305_48,03305,multi,60704,6.448068913655986,6.336558121583019,-86541.07243990526
03305_49,03305,multi,60482,7.403282364786144,7.30097996098902,-90981.94654553756
03305_50,03305,multi,46146,6.555712058559308,6.5464427034132155,-5604.363665466197
03308_00,03308,single,57311,3.7136640218774417,3.728898601771727,6498.168471704237
03316_00,03316,single,60916,7.0993371519322785,7.109608315044577,8890.227027939633
03347_00,03347,single,59926,4.956820680390734,4.97513984842397,10903.251280825585
03355_00,03355,single,65150,5.469970489392207,5.4715587044133835,1132.1441914690658
03356_00,03356,multi,44556,6.763488681930905,6.729057206242683,-20699.303647458553
03356_01,03356,multi,50090,7.11399365482907,7.16546155273896,36812.82116045337
03356_02,03356,multi,52352,6.682976522233277,6.7287237084158384,32120.441205474082
03356_03,03356,multi,44574,4.8522294941695785,4.875901804745628,10264.82813530881
03356_04,03356,multi,52792,5.648572144771905,5.625953821413155,-13462.53406125307
03356_05,03356,multi,50597,8.940384062270347,8.995127768944213,49678.988206726965
03356_06,03356,multi,51326,5.82512984600715,5.7888776022078074,-21609.982332920656
03356_07,03356,multi,50182,7.700057360896848,7.665836909725915,-26387.092395172454
03356_08,03356,multi,56397,5.737743691267526,5.754541846302656,10887.395403497852
03356_09,03356,multi,41624,12.232595995185848,11.979118778112497,-255451.40301642288
03356_10,03356,multi,49386,4.6843825918513256,4.802315914894117,55252.95208220114
03356_11,03356,multi,55666,5.482331518225134,5.487829221781681,3357.2549650752917
03356_12,03356,multi,50553,6.515945081512347,6.400715128736066,-75242.3848414775
03356_13,03356,multi,14047,8.542107125738877,8.557185865657283,3621.819367497228
03356_14,03356,multi,50506,4.776189936712638,4.69283047828859,-39866.02288131975
03356_15,03356,multi,54953,4.058501119006272,4.076109517822909,7871.32859611325
03356_16,03356,multi,51688,5.84849961063197,5.856784190655194,5012.35904958006
03356_17,03356,multi,55474,5.918414558486493,5.8626869230581935,-36420.50766491983
03356_18,03356,multi,55019,8.572486496289665,8.615608696174345,40779.448790002614
03356_19,03356,multi,13343,4.96722639878424,5.065971587703617,13219.310798846185
03356_20,03356,multi,49984,6.970435906503403,7.009299109024931,27156.170898918994
03356_21,03356,multi,50571,6.316916045726983,6.344972335388991,17965.125646648696
03356_22,03356,multi,13799,5.849269094357377,5.905036505202792,9045.343708921224
03356_23,03356,multi,14195,10.059253607543019,10.129246064284493,20058.140983920544
03356_24,03356,multi,47479,4.842300830880146,4.82714800257124,-6956.599246256053
03356_25,03356,multi,52715,6.4819321032788,6.495909760631032,9562.491866872646
03356_26,03356,multi,18367,12.583523625959012,12.680474794253245,44987.655244900845
03356_27,03356,multi,59290,4.32451307818859,4.364126623091061,20406.895785428584
03356_28,03356,multi,39365,8.120547883073108,7.973091207442383,-93417.65304390248
03356_29,03356,multi,50593,8.43147199525541,8.515923448283154,72410.32918908168
03356_30,03356,multi,51323,6.664173325895234,6.744539470409511,55306.00098301051
03356_31,03356,multi,52804,5.11766684664808,5.115764573941582,-1027.923707768321
03356_32,03356,multi,52244,7.5575476628782425,7.518352877343438,-30870.806589711457
03356_33,03356,multi,50351,6.199871493616052,6.198816040604141,-658.9048725543544
03356_34,03356,multi,49656,7.240243128282788,7.254777518243701,10461.341487201862
03356_35,03356,multi,58589,6.9390583030725965,6.937964549548869,-889.2663404634222
03356_36,03356,multi,46862,5.271088126624597,5.28706721379281,7906.073235979304
03356_37,03356,multi,48806,5.8134961484907555,5.779777300641874,-19078.842457828112
03356_38,03356,multi,13678,5.715206731792295,5.902949136483419,29834.73428331595
03356_39,03356,multi,51569,7.6214841701705245,7.62826111109839,5329.48199819494
03356_40,03356,multi,48852,5.3865977740978535,5.501777751764477,61266.40946305264
03356_41,03356,multi,53863,5.3541766486175355,5.371501215874894,10008.700258711353
03356_42,03356,multi,57541,5.512997402804599,5.603748976659059,58050.94158087205
03356_43,03356,multi,55666,4.578770736602766,4.650167903147073,36679.444565931335
03356_44,03356,multi,38547,9.97499074237047,9.900120124332021,-57360.31952185463
03356_45,03356,multi,52624,5.133466928168859,5.112976238809658,-11048.760537303984
03356_46,03356,multi,12152,6.655748529191684,6.5539402531984345,-16342.685753594153
03356_47,03356,multi,52508,5.142236945654059,5.1514879267440445,5000.1821587868035
03356_48,03356,multi,56347,5.181362110315068,5.161790963995306,-11406.174579293467
03356_49,03356,multi,51523,6.479473465356533,6.544744292973853,43799.77814981155
03356_50,03356,multi,52532,4.839141944892998,4.85625701535344,8717.025406165048
03390_00,03390,single,54844,7.316268417683122,7.328341240271494,9696.516508417204
03421_00,03421,single,62542,15.45717226549823,15.434569520892056,-43669.210379656404
03425_00,03425,single,62480,7.396672743410458,7.379965727737389,-15424.658187686466
03427_00,03427,single,64038,5.310464889015305,5.217151510346317,-62908.84711886197
03436_00,03436,single,65363,4.324906087300292,4.238683742513964,-48262.260994024575
03445_00,03445,single,57181,5.95178575235457,5.902069877705725,-33698.18142365664
03461_00,03461,single,65056,5.101920433553912,5.0594178994301044,-28096.55632791575
03477_00,03477,single,61392,7.8977068948485805,7.782118349773036,-111267.36342027038
03483_00,03483,single,63295,3.8522167965670913,3.847628193957453,-2236.3091164929792
03488_00,03488,single,64837,1.7263907868451418,1.6995371645628243,-5964.911618527025
03502_00,03502,single,63040,6.578606607817461,6.463878127086016,-94329.55467005167
03503_00,03503,single,65041,3.1085839435971563,3.1111054184280595,1020.0243562525138
03511_00,03511,single,60986,8.30887058329581,8.476506744012278,171604.61518399883
03514_00,03514,single,57150,5.808345187209005,5.76424286355823,-29168.104053999297
03516_00,03516,single,44149,5.514454406937273,5.34593711050066,-80799.90234621521
03524_00,03524,single,64093,8.564261515241977,8.89451877673877,369553.12164549157
03526_00,03526,single,49847,5.520623383844219,5.509054128669684,-6360.734093249077
03575_00,03575,single,63658,5.018603261743539,4.98437814681691,-21793.519261877984
03591_00,03591,single,64012,5.77852984007611,5.737003459558285,-30610.43711165525
03596_00,03596,single,40417,4.8801304232098275,4.879717534386373,-162.86968391481787
03604_00,03604,single,48167,7.855316190223913,7.861437920820557,4634.326950697228
03609_00,03609,single,64970,4.1897332878625555,4.138274636060204,-27842.767455885187
03613_00,03613,single,55153,5.04717395661659,4.953581045332466,-51623.195627620444
03618_00,03618,single,11799,5.550697056262559,5.609789222539378,7781.408771511167
03624_00,03624,single,65202,3.12570679269041,3.133392618439053,3136.630064307712
03641_00,03641,single,65118,5.853885925708752,5.725094177914601,-97108.98123531416
03649_00,03649,single,61776,5.356903838687976,5.340102293588234,-11102.767644010484
03665_00,03665,single,64165,5.0413386592879625,4.852602921923126,-119817.89418493025
03737_00,03737,single,44986,9.178367828191156,9.180834149141761,2036.951885706745
03750_00,03750,single,54030,20.113911105923137,19.951314960055722,-351975.80598853156
03751_00,03751,single,60611,13.602025687800909,13.65378111135715,85500.04800468124
03755_00,03755,multi,58448,3.408868992393558,3.4096380371751174,306.4859547363594
03755_01,03755,multi,60997,3.4684556205971107,3.4266559679184523,-17580.14480460435
03755_02,03755,multi,57650,6.816562687445164,6.6299990891277485,-144623.0354695106
03755_03,03755,multi,56095,4.253329769874179,4.190668577179173,-29680.48196801357
03755_04,03755,multi,58429,11.997180174102402,11.68279699450889,-434979.7454831721
03755_05,03755,multi,57789,7.160601584298681,7.1458556172891665,-12191.314566034824
03755_06,03755,multi,65188,3.9041069696115858,3.812895365005155,-45884.540241127834
03755_07,03755,multi,57373,6.5413310045472,6.4858177447899426,-41490.977018520236
03755_08,03755,multi,62468,6.343933824564118,6.419945191085835,60606.44648473384
03755_09,03755,multi,57646,6.833924286931953,6.776639081083756,-44945.659497126006
03755_10,03755,multi,57672,5.378001256085869,5.270882010892584,-65786.46987641882
03755_11,03755,multi,65067,5.082937730160563,5.034863105995049,-31649.20515234396
03755_12,03755,multi,58904,2.897505749696352,2.8843932992014207,-4465.798810631968
03755_13,03755,multi,56811,5.614180807184674,5.545983142609774,-43238.68835075572
03755_14,03755,multi,58957,9.045986960287754,8.583224945364902,-480978.8481809562
03755_15,03755,multi,59400,4.141502123970121,4.155680194345769,6987.699268822558
03755_16,03755,multi,57356,8.421602970328598,8.38542541393647,-34874.58262719028
03755_17,03755,multi,56259,12.23398751240135,12.383502947031118,207072.20793948136
03755_18,03755,multi,65074,5.5327985815904865,5.475033898215375,-41378.21119262744
03755_19,03755,multi,58746,5.879261315753853,5.61064654817801,-181311.24172163103
03755_20,03755,multi,50947,3.8047418163287525,3.844957537661723,15673.242229147814
03755_21,03755,multi,62495,7.280290221290046,7.409049290288605,118202.1480537653
03755_22,03755,multi,65124,4.355486617106491,4.633326832196393,162644.1853191331
03755_23,03755,multi,65246,3.146965304271546,3.175826664786181,11906.37575817667
03755_24,03755,multi,65060,9.15735960706664,8.801146107952869,-416192.8641036898
03755_25,03755,multi,55744,4.439696030612108,4.423934145949445,-7787.8558017527685
03755_26,03755,multi,62881,11.21006042293333,11.193921476434406,-22736.30228675157
03755_27,03755,multi,56103,4.83721173983073,4.8054988561404,-17156.19414745178
03755_28,03755,multi,63645,4.557479051936755,4.555256583804842,-1288.9871994657442
03755_29,03755,multi,65158,6.457016968130038,6.396514047079541,-50671.824030379765
03755_30,03755,multi,60136,4.772090416571979,4.784402872742907,7075.83657739684
03755_31,03755,multi,63451,5.490308642847005,5.413624070813688,-53055.404758056626
03755_32,03755,multi,56338,5.193108875364368,5.175717797584026,-10159.15385901928
03755_33,03755,multi,11942,5.148256418073772,5.140846894966739,-910.4264187561348
03755_34,03755,multi,57392,5.591488264051235,5.527639112398912,-40745.269620966166
03755_35,03755,multi,58679,10.446545913744833,10.092560660001576,-426628.0666643325
03755_36,03755,multi,57934,4.81947754839586,4.85591241600518,20422.983617986552
03755_37,03755,multi,58406,3.831186579293841,3.854842514977937,10619.391180598177
03755_38,03755,multi,59333,4.299305199047988,4.265789735261614,-17032.31663875468
03755_39,03755,multi,57771,6.696725683625534,6.650377249403951,-35738.14132891642
03755_40,03755,multi,59743,10.795408289515816,10.803927121893972,10992.778783676215
03755_41,03755,multi,60776,6.69960115428252,6.693419664984033,-5031.5730124609545
03755_42,03755,multi,65075,3.422169899405817,3.311789041483774,-48370.258244351484
03755_43,03755,multi,64415,4.3737044879166795,4.369725033985278,-2241.2603401504457
03755_44,03755,multi,65039,4.678252193961824,4.6074991834874215,-42730.288990353234
03755_45,03755,multi,52453,4.025520503116337,4.030877434240184,2263.7439592415467
03755_46,03755,multi,58900,5.830234859010711,5.788002111330023,-28900.467150261626
03755_47,03755,multi,58356,7.717801924296737,7.481519112363095,-209576.13865319267
03755_48,03755,multi,12425,4.708705134687874,4.686924535249618,-2542.6823954153806
03755_49,03755,multi,57794,10.132023742589368,10.089859972578704,-49276.9475846719
03755_50,03755,multi,59509,3.691566694839564,3.5841246812818,-46519.07385716587
03769_00,03769,single,58330,4.524967721711505,4.450794240782705,-38833.985465183854
03776_00,03776,single,65044,5.102915718383135,5.042951795982295,-39571.859785381705
03806_00,03806,single,65060,4.27774608680949,4.298720358234949,11703.32688893564
03807_00,03807,single,65145,3.951372607312502,3.943439276221977,-4080.1718397196382
03808_00,03808,single,53921,5.457904291264362,5.392464417605979,-38286.43120875023
03811_00,03811,single,32061,3.7707119648247427,3.751610339321373,-4606.799677819945
03819_00,03819,single,65522,2.878881065225003,2.853509626039598,-9529.454276621342
03827_00,03827,single,61056,11.565551131861811,11.772118141960735,294338.31082245056
03831_00,03831,single,54298,4.837441539444581,4.788610717364592,-25522.668752021156
03835_00,03835,single,60420,5.500238644143593,5.576596074141138,51103.15332101844
03853_00,03853,single,64922,3.8395700252103184,3.8181709708862126,-10638.665275986306
03854_00,03854,single,62249,7.573259374720619,7.539346151069525,-31903.681386722717
03863_00,03863,single,65049,2.82363674067263,2.8011409545934427,-8230.896881412715
03909_00,03909,single,55648,9.255932035681536,9.408315134805864,158269.35752205085
03922_00,03922,single,57346,3.7501688665196973,3.7508044493401207,273.39646869525313
03923_00,03923,single,59459,6.0092942375701845,5.842792231927022,-117336.16276663728
03935_00,03935,single,51920,5.082885661455812,5.04856761698964,-18052.151200935245
03944_00,03944,single,55341,4.353083299040518,4.349840390031244,-1561.8774013742805
03956_00,03956,single,43139,15.121627355639141,15.06457189247509,-74297.76388184726
03983_00,03983,single,42768,11.628900308444186,11.741168208778037,112210.76611537486
04003_00,04003,single,57735,14.43026631123867,14.206964047548244,-369201.37419988774
04012_00,04012,single,53444,5.542203953943071,5.614417743544775,43057.79628997017
04015_00,04015,single,65084,8.057802598069204,8.033714685764787,-25227.278045373037
04030_00,04030,single,65053,3.9868253534620046,3.963591876632023,-12016.319181993604
04037_00,04037,single,65460,3.535815643869792,3.5563185371887793,9518.490848120302
04057_00,04057,single,48376,9.838105776101655,10.120922782698822,273070.55717574805
04059_00,04059,single,65033,9.624874792672903,9.435563120559006,-234662.69520880282
04078_00,04078,single,65301,3.22710787843209,3.156623362506879,-29382.45962652564
04081_00,04081,single,64573,6.166848433093933,6.0899974113118045,-60824.610121744685
04115_00,04115,single,64052,6.792485882932643,6.615758165443635,-151778.15507216938
04123_00,04123,single,43014,16.089825981458365,15.891172267394099,-273274.13952668756
04127_00,04127,single,65135,4.5056302003733055,4.483225584338985,-13117.658960313536
04141_00,04141,single,65045,10.149673288005118,9.884522149797181,-345524.87605943345
04144_00,04144,single,64222,5.785694455583327,5.875555277942793,67297.55887775682
04146_00,04146,single,57273,6.802031215621242,6.829290047910154,21281.151986091398
04167_00,04167,single,62246,3.9915701267456662,3.9446309921253913,-23187.781116442755
04197_00,04197,single,45260,4.110238387352564,4.173093928956266,23564.770124273375
04223_00,04223,single,48144,5.485173306663203,5.561166497174886,40414.317359297536
04224_00,04224,single,62038,3.8835389644008758,3.849980460975473,-16100.432926717214
04229_00,04229,single,64424,2.5622028038332156,2.5696671991026734,2467.8454689141363
04239_00,04239,single,39348,21.753645576834703,21.854794802357187,173562.45292311907
04243_00,04243,single,63718,5.896914121377364,5.9903105377972015,70741.26457805838
04256_00,04256,single,65017,2.648868034387758,2.670650339666863,7533.6090688388795
04268_00,04268,single,65038,2.7963447784172897,2.7826805078223327,-4958.062091697939
04289_00,04289,single,62658,5.246707626170754,5.308732324409044,41022.065887171775
04312_00,04312,single,65050,4.770509904744837,4.728069641946522,-26223.099901806563
04316_00,04316,single,63867,4.62732655461176,4.579032479638791,-28396.072504476644
04319_00,04319,single,51076,7.350822383431966,7.263486971848453,-65190.68520107679
04333_00,04333,single,63587,4.2139520118631175,4.14885320849611,-34617.31045173295
04347_00,04347,single,52126,5.8606479347928015,5.927658055728702,41176.19403488748
04348_00,04348,single,46561,4.027292422871982,4.09684109762665,26308.022860363126
04351_00,04351,single,65199,5.050130537831746,5.044211687976735,-3895.4378735851496
04373_00,04373,single,63826,5.631594189616358,5.621485837005674,-7260.213937830878
04374_00,04374,single,59823,5.032958452969539,5.0634647712354095,18425.765181531897
04395_00,04395,single,64910,7.903540856456221,7.786018794442389,-119685.56290086638
04401_00,04401,single,61547,7.68385432610883,7.689485815574941,5328.419404354878
04402_00,04402,single,64390,4.474412365620732,4.463199842453906,-6452.726913841441
04414_00,04414,single,50663,7.388057068377822,7.504951952826963,88200.05611669179
04416_00,04416,single,64188,4.935307129006542,4.859431748314889,-47703.208383619785
04419_00,04419,single,54358,6.080832423242364,6.140350018134417,39538.67121304013
04433_00,04433,single,63549,9.598505190284136,9.666293129150217,82989.97176988516
04434_00,04434,single,65038,4.337422704179472,4.338419159181093,562.2591044399887
04452_00,04452,single,59682,4.53321334489645,4.520645576214099,-6791.024072325788
04457_00,04457,multi,62111,8.854661491508796,8.814962585670909,-43568.676617122255
04457_01,04457,multi,45842,4.8923513321522965,4.858445949177815,-15155.572228432633
04457_02,04457,multi,64764,2.810606621766858,2.813304652710222,982.695688835287
04457_03,04457,multi,65078,3.6821352615888485,3.6514188758553834,-14659.488351053442
04457_04,04457,multi,65037,4.1848332486901185,4.156824602889653,-15195.149735967629
04457_05,04457,multi,64553,2.5804330977497636,2.57226752538363,-2716.051325079985
04457_06,04457,multi,64845,3.2480213557853017,3.295084426480309,19968.28175896965
04457_07,04457,multi,64775,3.0290185488267043,3.0322443495885487,1266.5084249470383
04457_08,04457,multi,64556,3.560598347670374,3.575534930107809,6880.988081537187
04457_09,04457,multi,64778,4.317889192619942,4.3212697923978025,1891.8764018211514
04457_10,04457,multi,62670,3.664893219046746,3.6905994194639216,11849.754396337084
04457_11,04457,multi,63925,7.163482336288573,7.179476679809095,14664.79220465105
04457_12,04457,multi,64022,6.573373273570939,6.6608131036975875,74085.93884652853
04457_13,04457,multi,28665,5.304728433462176,5.274908087024826,-9043.47573765833
04457_14,04457,multi,64537,2.5214745706731643,2.524742938391798,1064.4019263982773
04457_15,04457,multi,62656,3.595951229455919,3.6200530774999042,10897.071325816214
04457_16,04457,multi,43114,5.484248380567797,5.445976486742073,-18035.46596759744
04457_17,04457,multi,65050,3.735825628504172,3.7595165755696622,11551.042688408867
04457_18,04457,multi,64971,4.834452010935231,4.887221956958423,33330.916331047425
04457_19,04457,multi,63542,6.519660898568455,6.636005459069879,97256.76378991827
04457_20,04457,multi,61896,9.239804906652637,9.489729483041643,289733.3778164517
04457_21,04457,multi,63206,4.434375883192613,4.469153861135803,19571.533179860562
04457_22,04457,multi,63783,10.026452891642627,10.008074189303912,-23485.449753621593
04457_23,04457,multi,64859,2.911232998473343,2.9193560924203155,3071.879390212707
04457_24,04457,multi,64154,6.515649335624402,6.509185719932576,-5400.96668725647
04457_25,04457,multi,64671,3.0162106986324986,3.020938239361123,1845.7664413899183
04457_26,04457,multi,64155,4.495850842941462,4.4491983837950615,-26772.42961548362
04457_27,04457,multi,64036,4.495574793421484,4.477460728155482,-10408.293042046018
04457_28,04457,multi,63454,3.986027268448862,3.925599003077636,-30336.459643528797
04457_29,04457,multi,64000,5.112518891736166,5.08015946445861,-21109.070977970958
04457_30,04457,multi,64133,3.4443396750695205,3.378458142339343,-28827.551192252897
04457_31,04457,multi,64604,3.533676048581928,3.559647793245012,11901.736221841536
04457_32,04457,multi,63057,4.352919377715721,4.305319837719846,-25987.568148843944
04457_33,04457,multi,65373,3.6300349450972726,3.6434378124730777,6372.912448273855
04457_34,04457,multi,64165,3.6231797217219257,3.652910299578886,13880.32428538613
04457_35,04457,multi,62647,6.545010152621371,6.528468938874088,-13547.489682741463
04457_36,04457,multi,62147,7.954004675045518,8.038623239896836,84101.87095022853
04457_37,04457,multi,65457,3.0695931427974044,3.0921627779709264,9103.012247906066
04457_38,04457,multi,64047,4.498208530523783,4.522179786633863,13848.885279841721
04457_39,04457,multi,64463,4.05879465626646,4.066275983951863,3918.468283571303
04457_40,04457,multi,64105,6.189085360706755,6.345668072793372,125820.53022632282
04457_41,04457,multi,64641,4.989064218570939,5.015560554575171,17135.417635109276
04457_42,04457,multi,62942,5.845462577668119,5.914327558425718,50972.805862593465
04457_43,04457,multi,64674,3.857375460559322,3.900897007608893,21837.30675743986
04457_44,04457,multi,64064,4.747877201846054,4.731629135513661,-9867.370970594697
04457_45,04457,multi,63281,4.407574692704588,4.401689475030149,-3280.7678291089833
04457_46,04457,multi,58282,7.607400312151898,7.485761443521215,-107000.80502500385
04457_47,04457,multi,62741,4.756249688561327,4.707178861929973,-29135.55651978962
04457_48,04457,multi,63662,7.327561308097839,7.1969031039316596,-120813.95167173259
04457_49,04457,multi,64137,5.425035078573856,5.433899636620256,6173.805627737194
04457_50,04457,multi,64092,4.08481051721444,4.101426887979343,8718.149928372353
04468_00,04468,single,35258,5.7450799202985845,5.677702149932514,-27136.02308395505
04477_00,04477,single,46990,7.425210810786443,7.262146767268108,-112540.10621887725
04483_00,04483,single,65160,3.416025355606323,3.414260617574142,-785.4168392587453
04489_00,04489,single,52483,6.058402031808056,6.0656520410787484,4613.229690832086
04497_00,04497,single,56741,6.4043005999042935,6.465609133055985,44770.651249312796
04498_00,04498,multi,58658,4.528490286436891,4.591469478478018,33691.260396548314
04498_01,04498,multi,57891,4.4334154678389215,4.465337253470614,16444.753467660397
04498_02,04498,multi,38265,12.573315887779092,12.527629560174736,-43881.1546972245
04498_03,04498,multi,60582,6.322739411911436,6.428970979404423,82066.44807972107
04498_04,04498,multi,58617,3.510452180168453,3.484743186325211,-10541.648138502613
04498_05,04498,multi,62755,4.631076601319607,4.576426859154157,-31577.54349237494
04498_06,04498,multi,58458,10.060785638665365,10.211691463201626,178836.75217366405
04498_07,04498,multi,60605,4.5229480633293235,4.566571723299569,24030.980690764263
04498_08,04498,multi,48747,11.960946453455234,11.7462020019819,-248169.93337838817
04498_09,04498,multi,59227,3.0418100255493425,3.0537149850009273,4297.924411142245
04498_10,04498,multi,62060,3.5793806652721365,3.465736098652223,-49687.67132270336
04498_11,04498,multi,59814,3.2283676558250285,3.247560051474705,7434.196332015097
04498_12,04498,multi,59991,5.8371186521825535,5.619702708872864,-149431.3193520559
04498_13,04498,multi,60817,6.2235388614244345,6.284310564385895,46228.41934378445
04498_14,04498,multi,58507,4.803816664496225,4.800834240497276,-1675.9412855831906
04498_15,04498,multi,61828,4.0210035939710105,4.013447039897004,-3753.748566689901
04498_16,04498,multi,59544,3.7159760838369396,3.6557591461594385,-26431.779340844485
04498_17,04498,multi,58849,3.4813772339207367,3.456010128918894,-10356.331390140578
04498_18,04498,multi,58773,6.542247635438403,6.567241520635808,19257.388796648942
04498_19,04498,multi,62986,5.163472949866456,5.1617988650802324,-1088.7369735920802
04498_20,04498,multi,59022,3.397697518005905,3.412050938425777,5768.998120391741
04498_21,04498,multi,53967,14.25868816688909,14.370333854332957,172495.09147199988
04498_22,04498,multi,58614,3.255611253853481,3.2420028294776615,-5182.784098807722
04498_23,04498,multi,58983,4.168293077375261,4.218939408582832,25054.949406100553
04498_24,04498,multi,58603,3.895745988593377,3.8890440268651036,-3057.5156942242756
04498_25,04498,multi,58592,4.128143084015813,4.187480327497127,28910.826215208275
04498_26,04498,multi,59955,4.520427717861989,4.576295863180579,30470.154728550464
04498_27,04498,multi,61327,6.925280697984393,6.858958321847249,-56065.35712689906
04498_28,04498,multi,61670,4.901553944192616,4.891003152262018,-6371.697061688639
04498_29,04498,multi,58259,5.1302628465713305,5.099446345860983,-18365.79090923816
04498_30,04498,multi,58843,4.143353649935314,4.232519535153534,43946.43245733343
04498_31,04498,multi,58259,5.109822507690623,5.072639975890624,-22057.4245570777
04498_32,04498,multi,49683,19.721069672452632,20.03822977183264,626505.7780653685
04498_33,04498,multi,57345,8.660651783858446,8.581344090056012,-78414.86788135208
04498_34,04498,multi,23103,9.21701516486092,8.94733399479358,-113171.96154470253
04498_35,04498,multi,59600,3.3187316472733226,3.3442128434457143,10118.875820964575
04498_36,04498,multi,58011,6.043836237844967,6.09095343730683,33168.213052370586
04498_37,04498,multi,58612,6.339067990030846,6.36787473289709,21454.66656141868
04498_38,04498,multi,61822,4.335135754307308,4.424769851146437,48541.7829466667
04498_39,04498,multi,61569,6.239659725930628,6.283881805539408,34097.96198768541
04498_40,04498,multi,59314,6.069184320103379,5.970728024754434,-70311.12200430408
04498_41,04498,multi,58577,4.083304468244212,4.048306850649595,-16670.25406775158
04498_42,04498,multi,62069,5.502203534205661,5.562091615134816,41128.123745150864
04498_43,04498,multi,49073,10.610819370818312,10.519932267712687,-94245.32477526553
04498_44,04498,multi,59164,3.2916898963729877,3.2477722774893287,-16991.75924751442
04498_45,04498,multi,49677,11.833738442584412,11.647761156666826,-216940.72897976823
04498_46,04498,multi,54927,7.504849611399498,7.503988458166206,-709.9265003474429
04498_47,04498,multi,54137,9.013446456855185,8.993167370067548,-19768.541568355635
04498_48,04498,multi,58334,7.3481705503139825,7.432907840982681,73063.8329413645
04498_49,04498,multi,51537,10.22527531881778,10.51145926026313,305847.3796352735
04498_50,04498,multi,62150,5.31167494121416,5.246094011571375,-43031.933023830876
04499_00,04499,single,47027,6.544107431552969,6.630526437254768,53542.062239601975
04524_00,04524,single,54875,5.775153462382738,5.789686870519234,9223.200384457596
04537_00,04537,single,60405,7.507386137062904,7.53750114660653,27368.111602102406
04542_00,04542,single,54152,4.240446436618351,4.305965956106257,30322.78243777156
04579_00,04579,single,65073,4.377645210044822,4.2923194646977425,-48139.13116779621
04580_00,04580,single,64439,3.8767916844854478,3.8917449419468673,7485.551813016646
04614_00,04614,single,65045,4.317870007878644,4.42002412248229,58059.93702790979
04619_00,04619,single,42457,17.216051647618148,17.160154526757292,-81582.43959792703
04620_00,04620,single,56157,5.986049385849422,6.00839027277891,15048.190258945804
04626_00,04626,single,65136,3.7284956585034363,3.7346964915481253,3014.364361844957
04632_00,04632,single,65046,3.3668243131329536,3.419731174422907,23355.114284176263
04636_00,04636,single,52040,8.535540954477286,8.541867018564856,5622.02573001897
04651_00,04651,single,54868,4.555471372595694,4.56212731806454,3329.7325994130224
04673_00,04673,single,61313,8.684917499595645,8.911866664871969,244858.09326259792
04676_00,04676,single,30165,7.428926099813482,7.403866640559967,-11212.383750069886
04678_00,04678,single,65149,5.655706893789016,5.710640817483772,40678.91037444398
04703_00,04703,single,61521,13.249707484221569,13.283653113269407,55411.44892239012
04710_00,04710,single,65524,2.9882746355415173,2.954730863561437,-13062.263217369094
04715_00,04715,single,45031,6.672195840641494,6.551680596713746,-71764.94529285189
04721_00,04721,single,60596,5.063228101538527,5.073726673801901,6448.8415715023875
04731_00,04731,single,50812,4.701975248031643,4.604069200823492,-46295.72919456847
04744_00,04744,single,62255,4.874856483568914,4.923776120517509,29841.657189387828
04749_00,04749,single,63490,8.48944003954609,8.363679008015989,-134564.87322462257
04751_00,04751,single,65079,2.342639972226656,2.3671379137422743,7508.806117324159
04765_00,04765,single,58561,5.178420049659038,5.12562461886234,-31857.563312656246
04779_00,04779,single,60358,4.686475923354424,4.723257367462041,20890.119827544317
04782_00,04782,single,65503,2.651420611070236,2.550794866061819,-34289.301359712146
04791_00,04791,multi,65333,3.2488979432774676,3.2320260091766357,-7143.884044862352
04791_01,04791,multi,65122,4.90224434399013,4.9011222154366125,-716.3835176797584
04791_02,04791,multi,65403,4.438845153213335,4.284289544982871,-88176.93866588827
04791_03,04791,multi,65456,3.7936518097408514,3.7745135867208295,-9480.728022811003
04791_04,04791,multi,65453,3.6374576334360915,3.4831189601650365,-71931.56048079114
04791_05,04791,multi,65043,6.086860250440226,6.234080005551794,117980.57455975283
04791_06,04791,multi,65054,5.751865440239244,5.808921577867392,42910.51973584294
04791_07,04791,multi,65047,6.427045221847046,6.653052940901113,192292.14634787664
04791_08,04791,multi,44838,8.920459081778947,8.944153573411587,18979.607726301998
04791_09,04791,multi,65050,6.391404555045059,6.483656689431323,77263.25980420038
04791_10,04791,multi,65425,3.7140707172764675,3.61571386079031,-47167.14423043188
04791_11,04791,multi,65441,3.446192655018561,3.3237487331681566,-54246.54306220368
04791_12,04791,multi,65038,4.729154944950228,4.7816406101382505,32465.696882831864
04791_13,04791,multi,65440,3.0035073253814244,2.9993907427981297,-1617.1156936697662
04791_14,04791,multi,64188,10.70724896353916,10.494448159187051,-289599.45166799147
04791_15,04791,multi,65487,3.876077708399753,3.6762797252844335,-98816.33249237482
04791_16,04791,multi,65005,7.363998138627341,7.570133405730124,200114.7199208485
04791_17,04791,multi,64933,5.942286368318239,6.010942739384239,53288.26207128167
04791_18,04791,multi,62835,10.400249961735108,10.407055541901991,8897.799542061985
04791_19,04791,multi,65038,6.405371483966586,6.432396619496713,22564.441300599836
04791_20,04791,multi,62642,10.326307760084317,10.465828901328415,181720.8485982688
04791_21,04791,multi,65118,5.628969235456095,5.567487409624882,-44825.837504164316
04791_22,04791,multi,65490,3.104161265495184,3.0619441725945595,-17048.032370063476
04791_23,04791,multi,65054,7.5063364997397715,7.634240930317084,125980.12429668289
04791_24,04791,multi,65046,6.201079101325038,6.229693624175389,23136.903192076832
04791_25,04791,multi,65144,4.056013864835067,3.9670839321333617,-46479.82363512262
04791_26,04791,multi,65049,4.9154078992684855,5.032816643440681,75977.78818862676
04791_27,04791,multi,49155,17.59668799574765,17.509784986588766,-149964.9320250675
04791_28,04791,multi,65462,4.323775514170222,4.25882200597136,-36493.08925158065
04791_29,04791,multi,55579,13.08692606260033,13.259627315215148,252889.05029783398
04791_30,04791,multi,65059,11.539723927939058,11.610140782701407,106055.32127032429
04791_31,04791,multi,65232,3.7037786191956226,3.6887454710217558,-7249.421986889094
04791_32,04791,multi,65048,4.887123434567148,5.052064697078272,106638.53586745728
04791_33,04791,multi,65053,4.7799598452022085,4.803761405269449,14839.078304102644
04791_34,04791,multi,65133,6.606567249186055,6.659716088785539,45924.4683848992
04791_35,04791,multi,64562,5.858873357137752,5.860988495661868,1600.435895130504
04791_36,04791,multi,65515,2.4186776173069364,2.408913055147055,-3088.331842476502
04791_37,04791,multi,65232,2.793826698567962,2.8068597629719445,4761.551611292176
04791_38,04791,multi,65485,3.2477498671418923,3.2217415895703714,-11018.527680762112
04791_39,04791,multi,65408,3.3198743959794688,3.3091418906723113,-4653.514459663071
04791_40,04791,multi,65235,4.2700966708962085,4.222888670499319,-26155.115759890527
04791_41,04791,multi,56543,14.959340034532223,14.915679050891162,-73753.14668236859
04791_42,04791,multi,65039,6.42226470919926,6.439780216389844,14652.326749059372
04791_43,04791,multi,65259,7.4912247692130975,7.359770573368738,-127400.29370949604
04791_44,04791,multi,61164,10.883341350941278,10.773092282755504,-146035.2659959169
04791_45,04791,multi,65078,6.6290937096352485,6.679335164592786,43513.41745633539
04791_46,04791,multi,65106,5.369150867193614,5.3760429239945475,4821.521573994309
04791_47,04791,multi,65093,9.540788768179734,9.297868585253442,-297884.4508532174
04791_48,04791,multi,65473,2.615819919503316,2.639999612816672,8320.577567501925
04791_49,04791,multi,65049,3.804789612320203,3.7483369911769673,-27736.489944553003
04791_50,04791,multi,65364,2.9904981646145967,2.9875138880896803,-1166.0964421825483
04794_00,04794,single,65250,7.176203185211532,7.078732748698121,-90660.6225236645
04796_00,04796,single,56018,4.7469251678137185,4.753768331872287,3641.999306634767
04804_00,04804,single,50220,7.332622377940991,7.297334380310567,-25926.671584391035
04812_00,04812,single,64024,5.57354527093479,5.353793087024186,-153741.2453387063
04815_00,04815,single,62870,5.95637003280005,5.881228874148642,-55922.29272700567
04821_00,04821,single,64410,4.703317593445611,4.742582325293836,23889.07175019011
04844_00,04844,single,63523,4.7597206418096185,4.785147615805417,15416.848961901153
04845_00,04845,single,60702,9.018967950775565,8.907345250213721,-121463.69984712079
04855_00,04855,single,64866,3.44382533924196,3.508951700833324,29371.913236853667
04861_00,04861,single,42739,7.099258753765966,6.792869713788611,-181914.10455884133
04864_00,04864,single,62549,5.308569772619638,5.292457161456192,-10684.008758644573
04871_00,04871,single,65393,2.8023631401714475,2.814350588688748,4402.915049171075
04887_00,04887,single,63795,3.3809887627776667,3.431459114742353,21934.420634014532
04889_00,04889,single,64500,4.53439311218288,4.602300140399428,40018.74677983299
04895_00,04895,single,65037,4.030385577123925,4.027018385192853,-1764.5075050219893
04898_00,04898,single,64627,4.651110852619329,4.702243995143767,30908.924346211366
04902_00,04902,single,63880,11.638788909278215,11.396451966829279,-356596.67513830215
04906_00,04906,single,62316,5.847975429363331,5.833897875540674,-10248.003307616338
04947_00,04947,single,60286,5.169716767515436,5.42278235590758,161602.4721413774
04963_00,04963,multi,64950,2.016054896473664,2.0186516794490923,680.4978647008538
04963_01,04963,multi,64589,2.9178790309972404,2.9385638397841176,7824.272768178023
04963_02,04963,multi,64814,2.424358248894775,2.4298850832239953,1738.8687955159694
04963_03,04963,multi,65039,2.418247824648044,2.434574386091923,5153.0334660913795
04963_04,04963,multi,64757,2.8214934200041046,2.832629508642738,4077.412467136048
04963_05,04963,multi,65037,4.497472232416739,4.49780132778392,192.52921679243445
04963_06,04963,multi,65173,5.596595078896933,5.552711191293666,-31887.513267260976
04963_07,04963,multi,64584,2.4683178261657046,2.5162432112735442,15428.278480290435
04963_08,04963,multi,65046,5.32191552957827,5.305293804262878,-11489.891594560817
04963_09,04963,multi,65413,2.8575007415970455,2.9222876992197397,24494.218948244117
04963_10,04963,multi,65495,2.3559592566709826,2.3545874630696177,-423.22199962474406
04963_11,04963,multi,64924,2.5997374956678034,2.6005492405293382,274.06407312117517
04963_12,04963,multi,65516,3.0349082166288497,3.0685760131620863,13462.939523946494
04963_13,04963,multi,64974,2.8976957754318935,2.920872212653864,8761.982724778354
04963_14,04963,multi,64671,3.2513834088645353,3.237661509952799,-5758.43637257535
04963_15,04963,multi,64916,2.227217368322456,2.2344369579316883,2091.0296085877344
04963_16,04963,multi,64718,3.4947888071815516,3.48942002058732,-2426.7131602428854
04963_17,04963,multi,65062,4.218492625337313,4.200385320613143,-9918.258723870851
04963_18,04963,multi,64358,3.8476865432544267,3.963322389969083,58130.24571024347
04963_19,04963,multi,62656,4.47523231835692,4.361132697294492,-63171.401981322095
04963_20,04963,multi,63827,6.770400349708717,6.717054153437313,-45923.80702773668
04963_21,04963,multi,64930,2.278141127959256,2.290004665092167,3518.8402651799843
04963_22,04963,multi,65156,2.69625689316597,2.7237730325280167,9717.25499543082
04963_23,04963,multi,65046,2.6741687226494597,2.6948022718413758,7205.856185759418
04963_24,04963,multi,64950,2.281502211681768,2.3145996326771767,9880.13669335004
04963_25,04963,multi,65056,3.251062112526962,3.233110529483147,-7572.594102640636
04963_26,04963,multi,64781,2.7932706487042562,2.779886240102064,-4832.235628682189
04963_27,04963,multi,65050,3.1896154378949597,3.1423720934797585,-19459.33461892605
04963_28,04963,multi,65074,3.4269922338954317,3.4134770753675423,-6016.093064797111
04963_29,04963,multi,65085,2.976601090701777,2.9846584782518333,3126.1743463641033
04963_30,04963,multi,65472,4.417010743877738,4.391210021339323,-14879.065894460306
04963_31,04963,multi,65077,3.162454380532684,3.235236821477076,30302.42708371859
04963_32,04963,multi,64665,4.664672436916287,4.42958669426922,-138249.28623751178
04963_33,04963,multi,65389,2.587014672503454,2.5901848769735234,1073.215346891433
04963_34,04963,multi,64939,2.6705776951038644,2.657605740079817,-4488.385997961275
04963_35,04963,multi,64872,2.7754885628805295,2.7564444115176783,-6834.328054064885
04963_36,04963,multi,64488,7.229552473353828,7.070546085242016,-146633.26719896123
04963_37,04963,multi,64806,2.429086736883159,2.4418594748306504,4031.925996718928
04963_38,04963,multi,65036,3.39286795036458,3.2936613955884924,-43141.470599812455
04963_39,04963,multi,64810,2.9254074181267486,2.946588612548585,8060.801403030753
04963_40,04963,multi,64902,2.639903549222769,2.6778994348316876,13113.749847618863
04963_41,04963,multi,64672,3.022826443033847,3.051973778632951,11451.098578329198
04963_42,04963,multi,64838,2.8421980940580074,2.8716705506666425,10918.832387637347
04963_43,04963,multi,65071,2.770647067508721,2.734971450876374,-12781.007372907363
04963_44,04963,multi,65101,3.422864924101461,3.4020445224716145,-9250.67995765619
04963_45,04963,multi,64945,2.1370443906788945,2.1843187226547642,13267.585111028515
04963_46,04963,multi,65041,2.6424281927791453,2.620690608644422,-7441.177411202341
04963_47,04963,multi,65114,3.5376170303044567,3.521796347443018,-7272.240175801329
04963_48,04963,multi,62875,5.928330818906601,5.8809291843679805,-35196.056012990884
04963_49,04963,multi,65239,3.5337587198980813,3.447117262665302,-39458.71756391507
04963_50,04963,multi,64728,2.535177587938029,2.523790749362871,-3728.698889507912
04967_00,04967,single,37486,10.082372270291447,10.11673634708755,26019.921758188866
04985_00,04985,single,64609,3.260062956699042,3.2702587776460947,4301.795864920132
04991_00,04991,single,54700,7.074095574509156,7.0747895867838695,537.1266486570239
05007_00,05007,single,65211,4.367095249539899,4.385835213033108,10696.534071304835
05015_00,05015,single,38326,5.7967813938246495,5.848158337442488,22929.733396559022
05020_00,05020,single,13784,10.231613231760416,10.27417058576188,12028.909483380616
05024_00,05024,single,63233,8.473958536863547,8.363486817140535,-117617.27161169425
05026_00,05026,multi,52180,4.359996249072478,4.343114695167693,-7666.391866892576
05026_01,05026,multi,52373,5.354681394013295,5.385630474725784,17408.930739481933
05026_02,05026,multi,58706,4.7568706793058935,4.7953663905611945,21587.379717878997
05026_03,05026,multi,64715,6.658412358214973,6.652801528335028,-4833.366397208534
05026_04,05026,multi,65037,6.524517996594225,6.482748591248542,-35334.97869980335
05026_05,05026,multi,62980,6.08805949323341,6.01753423057854,-53769.18614525534
05026_06,05026,multi,57954,5.299621652487579,5.270981862956148,-17544.985840789974
05026_07,05026,multi,53133,5.987894917012186,5.904433748246655,-52737.0342739718
05026_08,05026,multi,60003,10.744214471973404,10.446848830290868,-378108.5526911933
05026_09,05026,multi,56322,10.653305585414762,10.693021586341608,47749.27060675621
05026_10,05026,multi,57657,5.3410156369008766,5.455106493426863,71018.36520287255
05026_11,05026,multi,56069,10.55162678645954,10.489890246847375,-72835.33829133864
05026_12,05026,multi,63009,15.645335938752048,15.56930304932572,-149541.72931653634
05026_13,05026,multi,20346,10.401782598319475,10.490066353360959,37526.38366710069
05026_14,05026,multi,65059,4.732801976656028,4.563341900212456,-102489.08557016589
05026_15,05026,multi,53357,6.535804555149069,6.63132893920397,67111.49107838981
05026_16,05026,multi,51128,4.3416161655026695,4.442625617483292,45365.437182215974
05026_17,05026,multi,57202,5.463324799859416,5.4055078208217715,-35945.912283929065
05026_18,05026,multi,58169,5.6525879286712915,5.6935310547835,27022.15186766628
05026_19,05026,multi,53164,4.323275797562018,4.356567763936909,15362.751105241361
05026_20,05026,multi,63832,4.801870398707246,4.859972709887785,35833.7154821821
05026_21,05026,multi,58186,5.417137354054719,5.330154187395562,-54394.21919644158
05026_22,05026,multi,62564,7.757657257103679,7.5522090617510855,-196787.82999563823
05026_23,05026,multi,61902,6.869204614006605,6.777368507916491,-77578.56617604382
05026_24,05026,multi,53432,5.767603311898529,5.759784385418642,-4815.92217252031
05026_25,05026,multi,56157,5.231648459690613,5.285202943562394,31629.000990186818
05026_26,05026,multi,63764,7.594852875324768,7.580793509956001,-13604.684313314967
05026_27,05026,multi,58819,4.840221224640464,4.666363067514495,-97215.8800123753
05026_28,05026,multi,52663,4.184471957855434,4.1901043656844,2484.0625873384997
05026_29,05026,multi,59586,4.875060809035753,4.866840216151956,-4771.897274810588
05026_30,05026,multi,59655,9.54107054871841,9.48213317646146,-66883.8520826269
05026_31,05026,multi,50694,11.036394509519265,11.042046594028852,6326.06446303986
05026_32,05026,multi,61026,8.398475841060625,8.4330958562645,35560.41579302773
05026_33,05026,multi,52015,4.933772382151287,4.915008527852839,-9612.428697007708
05026_34,05026,multi,63883,6.238010490228081,6.123842754609067,-90159.66175234504
05026_35,05026,multi,53645,13.759876486862384,13.563983846678257,-287137.17678604834
05026_36,05026,multi,60960,7.539448051861107,7.619252363369754,73745.11946420465
05026_37,05026,multi,58943,9.415353986910917,9.168493610325482,-270407.8272692207
05026_38,05026,multi,59422,5.576433066748402,5.489149499348418,-57392.3537481213
05026_39,05026,multi,60458,5.765424152748328,5.712166868018651,-36955.87950274255
05026_40,05026,multi,53435,5.842167040201104,5.7906430704542045,-32027.258801232092
05026_41,05026,multi,57812,5.706260780817777,5.6652514491557575,-26959.93919327762
05026_42,05026,multi,65071,4.337650969650305,4.283247313636162,-30518.844603210688
05026_43,05026,multi,52955,4.553566167937439,4.5550370775774836,709.4875060673803
05026_44,05026,multi,53260,14.857634215231258,14.737021653650585,-190110.89111844636
05026_45,05026,multi,58205,7.01400921095664,6.942610085866502,-58000.72413997725
05026_46,05026,multi,57269,4.426277592373684,4.413160030892762,-6640.447441441938
05026_47,05026,multi,56120,13.260813115939767,13.346345938528598,127717.07748972438
05026_48,05026,multi,63575,3.47826260887965,3.51340173089011,15619.166160472669
05026_49,05026,multi,59009,5.4809837592334025,5.4970819048170005,10428.453996377997
05026_50,05026,multi,62115,6.828895925558198,6.8663796070396925,31886.69461841695
05039_00,05039,single,62580,3.7021290878065147,3.7019780795484545,-69.96952937077731
05064_00,05064,single,63484,6.047068149195879,6.027853088651656,-14729.579432917759
05066_00,05066,single,47219,14.294221292688476,14.192331713671512,-137052.33974640258
05070_00,05070,single,55671,9.751842542701386,9.84507345594654,101713.05339369271
05077_00,05077,single,57300,4.9153493054265835,4.9229067507377495,4260.374304427765
05094_00,05094,single,59360,12.161027794599862,12.286025461852558,181393.74993345328
05111_00,05111,single,59486,5.940374283524905,6.012804923755174,51501.57628492173
05126_00,05126,multi,34744,4.147441150248118,4.081782366411453,-18772.906153984368
05126_01,05126,multi,61778,4.797023871112304,4.817257877442997,12018.010274266824
05126_02,05126,multi,53992,4.633492626882562,4.616533423612827,-8469.890905621462
05126_03,05126,multi,64972,6.142765527577626,5.981398536435563,-127113.81156646134
05126_04,05126,multi,56873,4.516025092385566,4.565998393090733,25812.305313399993
05126_05,05126,multi,60494,4.962272187188567,4.884991441854283,-46036.168278478086
05126_06,05126,multi,63856,3.380757016585207,3.3862708554577057,2382.614313866012
05126_07,05126,multi,62146,10.847983166417855,10.567714902471709,-373009.0246914467
05126_08,05126,multi,30031,4.248387192127996,4.200170785561079,-12233.401322989725
05126_09,05126,multi,65121,8.604401784479677,8.575711384901204,-32098.42167784646
05126_10,05126,multi,52498,5.577583797960682,5.5382213491347905,-22970.253750586882
05126_11,05126,multi,60836,4.552728219866944,4.488017083423062,-35591.305023338646
05126_12,05126,multi,64573,3.5365139334372127,3.529218449512615,-3328.604936890304
05126_13,05126,multi,63249,10.524756421783481,10.28804293000376,-311606.9766528122
05126_14,05126,multi,57522,6.187115134871705,6.129432268067716,-40866.72137419786
05126_15,05126,multi,46854,5.974031789019138,6.086518469229569,63564.53813891928
05126_16,05126,multi,50330,13.004596520393514,12.879848567580236,-162517.15712798387
05126_17,05126,multi,27901,3.5209845870972383,3.5325761548640497,2281.236744550988
05126_18,05126,multi,27986,3.8942470661388344,3.8301483973353427,-13856.525334040634
05126_19,05126,multi,59354,8.587470084994035,8.482527665668295,-106324.78871761914
05126_20,05126,multi,49696,10.084480692007872,10.310893931150325,229485.3356167376
05126_21,05126,multi,60469,3.6078821307198985,3.6226784587959298,6469.321114547551
05126_22,05126,multi,60930,4.59099516211169,4.507582563899686,-46241.97097721789
05126_23,05126,multi,58321,8.939656467894178,8.704968111153251,-241506.55810173042
05126_24,05126,multi,28987,3.9127109945698964,3.921645849339432,2029.0563928503543
05126_25,05126,multi,29878,3.7737611489443843,3.7808184506447007,1592.94400001131
05126_26,05126,multi,51487,7.672883787061698,7.648510262946279,-19227.118246248923
05126_27,05126,multi,42680,7.22574855011042,7.293455570832084,41956.66167661548
05126_28,05126,multi,45248,7.4254744119548475,7.434322609470142,5949.316498655826
05126_29,05126,multi,60975,3.8246056599888916,3.7846943873012058,-18517.91537691001
05126_30,05126,multi,63254,10.416937881879198,10.289698534666288,-166655.2442595847
05126_31,05126,multi,42265,6.095828802941247,6.244469331938903,77525.35573314037
05126_32,05126,multi,29870,14.192019725669933,14.175930853930273,-13632.91647037398
05126_33,05126,multi,61596,4.969443985385112,4.951855338850536,-10748.639172919095
05126_34,05126,multi,49135,4.791669253903373,4.812777111640358,9961.103542609839
05126_35,05126,multi,54633,7.970312538793282,8.02327756327416,46279.662994017825
05126_36,05126,multi,28670,3.2971173485956573,3.276950102407499,-3801.0925893913954
05126_37,05126,multi,60211,4.493248668747734,4.621247022792419,70244.58792207483
05126_38,05126,multi,55314,7.785271977598343,7.952874538781349,145904.706193652
05126_39,05126,multi,64590,6.705688476231141,6.737537881754456,27654.774813312106
05126_40,05126,multi,58388,4.4367541628302405,4.39707761832689,-20464.755765293725
05126_41,05126,multi,64094,7.685490376627133,7.616037233503633,-68115.20545892324
05126_42,05126,multi,59366,9.518814746169696,9.441834365140194,-86650.49446166027
05126_43,05126,multi,60858,6.903295051804882,6.873061430830377,-25347.913260722533
05126_44,05126,multi,52855,5.176367384062838,5.293959096812415,65076.32464299817
05126_45,05126,multi,55816,3.3194414840214863,3.317347804887911,-775.5804693615064
05126_46,05126,multi,53736,8.775510499080976,8.596472485536562,-167132.14277846552
05126_47,05126,multi,49631,10.052180599713846,9.981860511824221,-69919.9310361715
05126_48,05126,multi,57459,3.4580790594038793,3.473290386146812,6058.208362862468
05126_49,05126,multi,28737,4.187547243669625,4.154895177488085,-7827.900810209103
05126_50,05126,multi,60484,4.596369963460765,4.6452804114482,27339.570016632788
05136_00,05136,single,38671,8.646906988516829,8.540520856697956,-70710.07680608891
05145_00,05145,single,65525,1.0138639828081542,0.9915949041206797,-2926.3282681610435
05150_00,05150,single,65351,2.736251673864366,2.7459329829705994,3468.4863038258627
05151_00,05151,single,49312,4.544184420488235,4.543430729364512,-337.75045635923743
05159_00,05159,single,42053,11.789234859467523,11.771473711038784,-17597.718822123483
05172_00,05172,single,38859,6.9104607503746385,6.878126033742514,-17325.28695390839
05190_00,05190,single,55564,5.748556838848413,5.714759461149063,-21527.16222459916
05201_00,05201,single,65079,3.7502433086130718,3.6983312983986334,-25164.12823834829
05208_00,05208,single,57586,6.603246205201468,6.51368457256443,-67650.5203407798
05222_00,05222,single,62866,5.985617542115436,6.006687945318503,15885.151369737461
05241_00,05241,single,64476,4.784933719109325,4.837050994272427,32332.884488501586
05268_00,05268,single,65303,4.779833154108614,4.9705458566192435,121432.30845941021
05271_00,05271,single,64402,8.737881109653262,8.7566594508106,21157.245283572935
05287_00,05287,single,65036,6.260662339337913,6.18766975772538,-59094.04416703805
05296_00,05296,single,61201,4.118892658360916,4.126461640922113,3819.4897145554423
05298_00,05298,single,63625,6.291968133472429,6.393346650487543,81822.92074248614
05326_00,05326,single,60715,7.850624989719038,7.907120700558467,54051.227846409194
05341_00,05341,single,58987,5.133113747493283,5.114152109285328,-11461.465955699794
05350_00,05350,single,64522,4.587140061719133,4.567674827344348,-11497.860240617767
05364_00,05364,single,60539,7.473388646422627,7.531686126732432,52956.97765767109
05370_00,05370,single,63189,3.8470208419870056,3.840753803628156,-3044.4193920455873
05372_00,05372,single,63197,8.566549653741932,8.479042949706253,-94264.8744194815
05377_00,05377,single,52727,5.172528674297936,5.130798514243047,-22670.474170312285
05393_00,05393,single,64931,3.810776887129694,3.8033180814106893,-3687.5649294639006
05397_00,05397,single,60195,5.78854291906564,5.794678931370849,4278.347092897631
05401_00,05401,single,64094,3.86300326606303,3.844252220587301,-9262.807075111195
05427_00,05427,single,64123,6.838539169003865,6.708770525203802,-112729.26036279183
05431_00,05431,single,35946,6.939844448530755,6.8857936244703,-26861.983211188344
05432_00,05432,single,56080,4.670118358895778,4.652192406019367,-9371.601898660883
05468_00,05468,single,53517,7.4631416378292945,7.322779997213948,-111067.90909641515
05471_00,05471,single,39320,13.717003975187183,13.697092581638232,-21462.934664849192
05477_00,05477,multi,63577,5.0166498274078135,5.0803810416727995,40911.54759251233
05477_01,05477,multi,64312,5.0285623033070745,5.110955378683301,53727.91978358291
05477_02,05477,multi,65037,4.029620882144679,3.9724165730665755,-29770.753337642178
05477_03,05477,multi,64149,6.407600032855769,6.427531558352427,16410.837903171778
05477_04,05477,multi,65123,2.771870363318006,2.78063324955669,3168.6219202401116
05477_05,05477,multi,64281,5.29909552573193,5.279767822296969,-13143.223244564608
05477_06,05477,multi,63557,6.086847949935436,6.090959206345137,3182.050337688066
05477_07,05477,multi,63168,6.965887673068906,6.9145564862626205,-45007.17928701453
05477_08,05477,multi,59097,11.744838580380563,11.917469472341267,241402.10535289254
05477_09,05477,multi,53014,8.397935704868658,8.372538109585996,-22580.237467707135
05477_10,05477,multi,64212,4.35712569408402,4.399563291039217,23862.003541626967
05477_11,05477,multi,64576,5.10577566996478,5.1339735241278746,18645.606722026132
05477_12,05477,multi,64255,5.08163320940149,5.155078144421772,48309.132236039266
05477_13,05477,multi,64789,4.181477967107295,4.118597414077552,-33814.24274757132
05477_14,05477,multi,64093,4.941323363165212,4.983051088789862,26542.29405055195
05477_15,05477,multi,65056,4.832008590101199,4.785537330450936,-29076.094399225898
05477_16,05477,multi,64699,5.7165794658048785,5.615434948910904,-74156.12551363185
05477_17,05477,multi,64002,5.510706685170046,5.447392942859384,-44404.478544663405
05477_18,05477,multi,65037,4.038611840588113,4.045728534845843,3741.8243670929223
05477_19,05477,multi,62089,10.950940365162891,10.709050791670164,-325304.5134285474
05477_20,05477,multi,64522,5.239104195488783,5.2153363554876675,-16032.3923837794
05477_21,05477,multi,64245,6.935504294405404,6.9301150605870365,-4800.711784255691
05477_22,05477,multi,64562,6.393849630411861,6.394285771596105,360.09019826026633
05477_23,05477,multi,64082,4.489209313634222,4.526396608257733,21484.515403596684
05477_24,05477,multi,65086,3.9675499040192337,4.00765562699117,20817.847157607786
05477_25,05477,multi,65045,4.382436329767859,4.409448637096594,15447.478426491842
05477_26,05477,multi,65043,4.386740996286342,4.394514175037507,4439.722402351908
05477_27,05477,multi,65042,3.2482634072789307,3.267762494811174,8264.012738265097
05477_28,05477,multi,64395,8.020536765800806,7.795617991704797,-229075.56219903193
05477_29,05477,multi,63424,5.723157082302875,5.751959213220317,20962.126823680243
05477_30,05477,multi,61538,15.61484028220561,15.725983868041434,214357.25871517882
05477_31,05477,multi,64132,4.955358099726352,4.9986239055173005,27619.5393971717
05477_32,05477,multi,64781,4.53522123945586,4.538941462774259,2186.871276527643
05477_33,05477,multi,64665,5.339948207199951,5.377811143040061,26241.434296211228
05477_34,05477,multi,64308,3.7654797825227155,3.7820764990906026,8055.519265646115
05477_35,05477,multi,63875,6.242291054848874,6.258905535214881,13266.894048358314
05477_36,05477,multi,60001,14.586151881972233,14.462840165695244,-214928.44601193443
05477_37,05477,multi,62630,8.438846133114145,8.227276239974408,-220836.494560346
05477_38,05477,multi,62980,10.220205820614272,10.222749833991799,3275.410474622622
05477_39,05477,multi,64748,8.998651437941165,9.070410653285563,83953.66297606286
05477_40,05477,multi,63720,7.196861385661245,7.2349109740566,34990.117439105175
05477_41,05477,multi,23334,9.022446224150464,9.11781250357571,40367.096241729334
05477_42,05477,multi,64823,4.7042197528632625,4.70194343663017,-1387.9513092115521
05477_43,05477,multi,64077,3.9269312137684875,3.9348747954590313,4001.666208415292
05477_44,05477,multi,64339,3.5688965128971706,3.5552165978233607,-6270.302801106125
05477_45,05477,multi,64388,10.667568373179753,10.853977140633534,258312.08571944013
05477_46,05477,multi,65039,3.8693173712688846,3.8466902607390265,-11355.22128735762
05477_47,05477,multi,62205,6.057669463115082,6.0177659310674585,-29973.636208192445
05477_48,05477,multi,63446,16.310099226146303,16.210311829400915,-205890.33781385608
05477_49,05477,multi,54934,6.599410681905659,6.502553584931488,-69712.24709223025
05477_50,05477,multi,65136,3.537276702128519,3.537887288429863,281.387403562665
05480_00,05480,single,65060,6.380415659884818,6.429858132191331,41207.15676466469
05482_00,05482,single,65471,2.6649932834644563,2.685598736102469,7218.267474372871
05496_00,05496,single,30249,5.198245988376105,5.184649868003302,-4270.163664816879
05501_00,05501,single,65455,3.6918323119372523,3.689420186605274,-1165.393948965706
05512_00,05512,single,65190,5.192690018154967,5.150348975775137,-28548.986064536497
05516_00,05516,single,65390,4.9516724700142305,4.992537348869332,26572.464303823188
05528_00,05528,single,35569,13.030983398292904,12.860546931356117,-156961.05123626068
05530_00,05530,single,60677,6.116263381385189,6.127865346700645,8619.529292041901
05542_00,05542,single,64716,3.9064729229428186,3.8871591630829845,-9741.333093304187
05598_00,05598,single,41916,11.491073426925352,11.398740620915193,-88588.65953984298
05604_00,05604,single,44239,10.925558132035537,10.920613433848645,-4778.817328282632
05610_00,05610,single,57491,5.946414800782461,5.963712187491801,11843.955029077828
05623_00,05623,single,65130,4.073362963669273,4.164891306799521,49110.219027286395
05627_00,05627,single,65038,3.162343720308048,3.1822280579543905,8205.038474011235
05644_00,05644,single,52290,4.505148946797372,4.524731096029761,9246.150937538594
05658_00,05658,single,57281,4.945706463936156,4.98595489115982,22897.148891399615
05661_00,05661,single,65508,2.5421848083038836,2.6072270280923675,21940.540490513667
05672_00,05672,single,48722,8.700141842284243,8.521357558650315,-150011.79474689858
05677_00,05677,single,60753,7.4833576173916105,7.256490472600839,-203157.25744944997
05680_00,05680,single,65476,3.8211145523443637,3.8679081364297088,23558.063770430163
05684_00,05684,single,61406,7.984878859852248,8.01035700290723,25024.720094532706
05687_00,05687,single,45325,6.74468669470371,6.652021394597358,-56266.907141000964
05696_00,05696,single,65041,3.032913782210231,3.0325415328206313,-146.85360485687852
05743_00,05743,single,51224,7.522632682460818,7.666495080246376,111931.83368313406
05744_00,05744,single,65058,4.238342151174192,4.154321860263575,-45875.91360030603
05776_00,05776,single,64375,5.4618268193402635,5.516235865216832,38451.56835794449
05782_00,05782,single,63513,5.1641337909841365,5.188715164092884,16163.24825851433
05787_00,05787,single,63194,9.829046813607608,9.97243848246533,179431.02281168848
05790_00,05790,single,63299,8.761176894957476,8.980961080475797,246830.73765185196
05792_00,05792,single,62790,5.534578559020724,5.511939890386313,-15702.427177766338
05805_00,05805,single,62546,4.462536144039123,4.3919234204180695,-39106.10505270306
05810_00,05810,single,54420,5.2677161531228265,5.228525625140614,-22385.84425242152
05830_00,05830,single,40235,13.475612137495604,13.61825569001329,155498.8422406353
05841_00,05841,single,62983,5.339526461831777,5.325561778130628,-9380.346898776479
05845_00,05845,multi,62728,9.753349198741216,9.814432041707086,74976.00009538513
05845_01,05845,multi,63826,4.888926273117132,4.873857460495336,-9389.670000708662
05845_02,05845,multi,61722,9.566827213357312,9.562909114465134,-4626.199609007686
05845_03,05845,multi,63928,7.163315751408891,6.982616041455239,-163410.56547207665
05845_04,05845,multi,58284,8.870255005271087,8.904700955246453,35685.85031140596
05845_05,05845,multi,63453,5.695985953932594,5.734975572745466,28280.293494319543
05845_06,05845,multi,61701,7.4667595115408565,7.057096746537653,-367113.737967154
05845_07,05845,multi,63338,5.645066917766055,5.617286561212591,-19816.699104465544
05845_08,05845,multi,63549,5.487701486296928,5.475919214869394,-8209.028179425979
05845_09,05845,multi,63310,4.100849315484858,4.029858020323794,-36543.129921457614
05845_10,05845,multi,62824,7.512995746195231,7.35433189170038,-148196.00534958346
05845_11,05845,multi,62666,5.828940054908211,5.816779438516973,-8874.704235110432
05845_12,05845,multi,63683,3.1212510706681535,3.110674477039255,-4197.508542331867
05845_13,05845,multi,62814,5.496109658930989,5.360688964363499,-92351.35450266767
05845_14,05845,multi,63459,4.078154628167502,4.013613053316282,-33141.80730020639
05845_15,05845,multi,63966,4.831544209334211,4.710357391089091,-73967.25648602378
05845_16,05845,multi,65039,5.328057889793525,5.3169443014681,-7694.385047711432
05845_17,05845,multi,63624,4.886703363942494,4.888425951971417,1071.334043610841
05845_18,05845,multi,63968,4.848075365616249,4.71542783422106,-81148.21141778771
05845_19,05845,multi,61295,11.681417133300783,11.888532560249883,299223.8133880766
05845_20,05845,multi,64245,7.69745633579993,7.59252786046104,-103071.76960761007
05845_21,05845,multi,57112,8.102445134297065,8.205187037094316,95689.85152801871
05845_22,05845,multi,63560,4.643983775772958,4.617279973497255,-15719.084362320602
05845_23,05845,multi,49654,6.034214801824548,6.065970770759945,19079.704279241152
05845_24,05845,multi,53313,6.304375870699407,6.4003882110023325,65031.95084494492
05845_25,05845,multi,62330,16.147400138679156,15.73469180508086,-820138.4540021364
05845_26,05845,multi,42850,5.256603602790996,5.235689739917731,-9402.763362776488
05845_27,05845,multi,63914,6.428678712368155,6.226512764259155,-163520.6955405213
05845_28,05845,multi,63790,4.195719595497703,4.125818014433918,-37105.91807870101
05845_29,05845,multi,63434,6.541281780591009,6.521128020573474,-16699.42375596706
05845_30,05845,multi,60523,8.891126266904944,8.875953535761356,-16315.495293552987
05845_31,05845,multi,63877,5.87641578933953,5.719608281335105,-116150.33651865087
05845_32,05845,multi,63629,5.349897572205984,5.260183336010739,-60566.873759601265
05845_33,05845,multi,63382,7.496068373464979,7.478545356145837,-16631.463149890304
05845_34,05845,multi,60946,6.55747341339176,6.5423077120608735,-12107.98141308967
05845_35,05845,multi,53108,11.047736196024573,10.927243458635328,-140620.71414002217
05845_36,05845,multi,64487,10.412239463229254,10.841839219780365,588814.4835907081
05845_37,05845,multi,63768,5.348176000296972,5.182033177731244,-111563.3068702789
05845_38,05845,multi,57693,7.267779496766185,7.381053721224629,95732.02696221136
05845_39,05845,multi,62458,7.641044535835733,7.597123892795571,-41801.2754121786
05845_40,05845,multi,63210,4.282275373629423,4.308611154625963,14301.117507274961
05845_41,05845,multi,60840,9.003499430791011,9.038943430537142,38906.957337554544
05845_42,05845,multi,63323,5.222258562885391,5.251752306061325,19561.601000280818
05845_43,05845,multi,45207,5.342650879653213,5.35461743694868,5786.924300864339
05845_44,05845,multi,63352,7.680164863978632,7.520667063341036,-153596.87713657785
05845_45,05845,multi,62694,8.313511306168762,8.336289272078373,23776.611099777743
05845_46,05845,multi,49263,7.1851443483917805,7.3321489073061965,105132.57677328307
05845_47,05845,multi,63809,5.604510544691436,5.436570687227199,-118317.04755053367
05845_48,05845,multi,52095,5.335689632917323,5.37176215161399,20121.42049563583
05845_49,05845,multi,63416,6.005347575330516,5.984211276459952,-16070.559248787351
05845_50,05845,multi,63335,9.951693947779452,9.636991812295165,-390435.01953705586
05861_00,05861,single,65095,3.5272625404021,3.5349313834995177,3525.4708046130836
05875_00,05875,single,28051,6.155713631175153,6.236894558826023,28220.524223458953
05877_00,05877,single,54161,5.537266215807776,5.3489699359333525,-111021.26341803744
05886_00,05886,single,59609,10.406864316764823,10.480180165179934,91282.32483232953
05898_00,05898,single,64970,4.666301610940364,4.736754030124654,43040.547105909325
05918_00,05918,single,65199,8.882938914306296,8.861313819545298,-25018.235052340664
05936_00,05936,single,32383,5.452737016367413,5.381725886315255,-24914.426270254888
05942_00,05942,single,65501,1.1300793443688761,1.104447099014638,-3751.6306940307986
05950_00,05950,single,65056,2.4061532825998997,2.3855010493243034,-6437.8352658599615
05977_00,05977,single,62797,5.174341375667218,5.21284816316251,25117.374523487873
05978_00,05978,single,47845,7.050520130453552,7.181408801013584,89125.58262265194
05995_00,05995,single,51309,6.247243328078141,6.316861291544619,44879.33459560014
06004_00,06004,single,53827,7.621877223766087,7.619721851524211,-1768.287978422828
06005_00,06005,single,44061,5.611099493006331,5.59813382557632,-6403.613866254687
06020_00,06020,single,61247,9.250414577302347,9.057098807280813,-216761.15924297273
06026_00,06026,single,52120,7.526726972002484,7.436255494928348,-70556.04928634316
06039_00,06039,single,62031,5.722947240400617,5.773672436456625,36174.51201647613
06042_00,06042,single,61149,7.299198128156658,7.210347828320667,-78831.915480542
06049_00,06049,single,55964,7.539248959890334,7.316438241117536,-185241.19498639088
06062_00,06062,single,59477,11.596053632241256,11.768927206659464,240238.7700347677
06064_00,06064,single,55653,4.268532524459714,4.276935166012711,3996.1359445611015
06066_00,06066,multi,64352,7.684210439318125,7.693658468977157,9349.738216110505
06066_01,06066,multi,62779,4.101661832343565,4.007261645532502,-48056.31320238765
06066_02,06066,multi,62936,5.1260871804257935,5.128420926986387,1506.1480395803228
06066_03,06066,multi,47676,9.39561030770934,9.559274782913636,147902.45721592195
06066_04,06066,multi,64353,4.5342174392731405,4.517521746906887,-9725.35052489955
06066_05,06066,multi,61430,4.0994209883618495,4.091097360732824,-4187.97948909644
06066_06,06066,multi,65041,4.133438937523276,4.152818824486017,10444.72207646165
06066_07,06066,multi,64091,5.540648392743822,5.4248708466323325,-81367.42824264406
06066_08,06066,multi,65072,5.5106788705472765,5.474855777708741,-25608.163372638635
06066_09,06066,multi,61490,9.59823211101127,9.690831895843179,109831.17373181693
06066_10,06066,multi,63458,6.644567711564597,6.682629455556939,32189.47451871168
06066_11,06066,multi,63965,5.912646568353221,5.913470407264109,623.199182533659
06066_12,06066,multi,56740,9.319347706537378,9.296208779096181,-24440.415172711015
06066_13,06066,multi,64349,5.8423801431309785,5.796520229538252,-34346.855664844625
06066_14,06066,multi,65038,5.331843112525561,5.177291567372969,-105634.9149087891
06066_15,06066,multi,64341,7.705395510943657,7.633942597630525,-70520.33512886614
06066_16,06066,multi,64746,4.892205293964617,4.879121168084967,-8277.728540217504
06066_17,06066,multi,56813,8.563496584031228,8.553268207178993,-9946.633737422526
06066_18,06066,multi,65099,4.765896202601963,4.7829328585578335,10590.312838699669
06066_19,06066,multi,62086,8.209551522425617,8.18698002320443,-22977.674648480956
06066_20,06066,multi,63825,3.910505738564666,3.9342198453221426,11873.406873185188
06066_21,06066,multi,60582,10.64283205009033,10.590410266737152,-67432.88085455261
06066_22,06066,multi,63198,5.452726861705647,5.526785309542522,51387.91352737229
06066_23,06066,multi,64158,3.8675001299805816,3.8943161268375794,13353.90003501065
06066_24,06066,multi,65045,4.491248836174317,4.496894773776073,3300.8059609394986
06066_25,06066,multi,65076,4.75604041477283,4.667830695682508,-54096.18357456103
06066_26,06066,multi,44779,9.478101547964254,9.452853994864693,-21402.584510714747
06066_27,06066,multi,63497,4.87669932913125,4.948143118455242,44570.0665749684
06066_28,06066,multi,64633,5.560816909982864,5.54474484822133,-11536.297277103178
06066_29,06066,multi,58682,7.014926952884553,7.099966226278774,70437.19349691458
06066_30,06066,multi,61910,4.110571270615233,4.088733422016279,-11085.305852946825
06066_31,06066,multi,52133,16.313854668614212,16.647900073643857,574022.0072158817
06066_32,06066,multi,60273,6.111591614894711,6.074562318707491,-27197.87200745009
06066_33,06066,multi,60604,6.639967680724715,6.700249483110145,48736.06018118933
06066_34,06066,multi,63650,4.106842022334377,4.128662645644687,11438.149742541835
06066_35,06066,multi,63486,7.671121484227765,7.658144317110059,-12629.298173859715
06066_36,06066,multi,64560,5.297745103929082,5.333366740873614,24448.71747255884
06066_37,06066,multi,63899,7.3637889585148715,7.324937592927595,-36465.69507113192
06066_38,06066,multi,65041,5.243370221191436,5.226004812956068,-11824.77714724373
06066_39,06066,multi,59595,6.056849871526279,6.097735903871048,29615.901350214146
06066_40,06066,multi,61728,5.787910489711296,5.786977177829579,-666.8463611472398
06066_41,06066,multi,63230,7.436577905625135,7.391933954014884,-41858.4728267286
06066_42,06066,multi,61840,10.851511784296417,10.608856916969826,-322029.50697190315
06066_43,06066,multi,65071,3.21060690119077,3.212584644450688,826.6244892152026
06066_44,06066,multi,65036,3.3036559820234017,3.3113513190270005,3310.6387496618554
06066_45,06066,multi,65058,3.7955956496805783,3.7721537255558726,-11541.45878337603
06066_46,06066,multi,45447,8.880649113515428,8.721239972811878,-127519.82883074135
06066_47,06066,multi,65048,4.539673567351351,4.590744242633682,30331.66144272592
06066_48,06066,multi,59969,5.314386351128528,5.340975869429785,16990.473976791836
06066_49,06066,multi,65045,3.475839182385674,3.520100409861377,20141.1109897336
06066_50,06066,multi,38707,17.055976945743875,17.06645818802788,13843.384753918275
06070_00,06070,single,43353,5.96318976498697,5.89449676914202,-35312.75313241687
06076_00,06076,single,58854,5.942482983877981,5.829129709214122,-78531.88473972306
06085_00,06085,single,65458,3.3753520297779165,3.274782232221421,-43778.484286086634
06091_00,06091,single,61523,5.2939922501882135,5.37712868828131,54580.682251689956
06099_00,06099,single,65483,3.5302451988099306,3.49389653601741,-16718.999027151614
06109_00,06109,single,65509,2.7781997587675877,2.7848920922537426,2438.904385807924
06114_00,06114,single,65480,3.6072475145919185,3.585625834294506,-10183.581081836484
06116_00,06116,single,57734,4.403016412105621,4.402959312777726,-29.029538261704147
06117_00,06117,single,65307,2.2884918474443876,2.3034886928244878,4497.381063004956
06118_00,06118,single,60708,11.723781057452774,11.529827152003682,-273800.85839505866
06128_00,06128,single,55724,5.625734265870525,5.728015187314709,64710.71847158484
06133_00,06133,single,64697,3.2217679807608146,3.248182702656635,11056.84332860075
06139_00,06139,single,21282,5.717740355906339,5.847479396218633,31932.80060875404
06143_00,06143,single,59763,3.233843534346643,3.2368359879318964,1157.203407799825
06148_00,06148,single,43653,10.210098311114274,10.309090852935581,88670.01182236895
06151_00,06151,multi,61194,4.961781724505371,4.913946644003492,-28908.42876759637
06151_01,06151,multi,62168,5.509649962791536,5.4732684225556865,-24840.808884740807
06151_02,06151,multi,62886,4.881741147034359,4.896277984611383,8938.70885607414
06151_03,06151,multi,45575,12.828399357791842,12.93665953812047,127123.711206506
06151_04,06151,multi,59060,6.799191114355494,6.780436032462792,-15041.815354597755
06151_05,06151,multi,55163,7.297749734791722,7.289264829975389,-6827.493074621074
06151_06,06151,multi,62924,4.890846709710134,4.871061915551145,-12152.97478441894
06151_07,06151,multi,60498,5.429067664721745,5.388705159574417,-26415.387619026005
06151_08,06151,multi,63518,5.535012741983599,5.465122669701547,-48832.654853387736
06151_09,06151,multi,63509,5.63411265594129,5.356593869127821,-193710.55000518262
06151_10,06151,multi,61470,5.513728980821994,5.410297335001038,-69454.33958085068
06151_11,06151,multi,62875,7.3576067760772865,7.1929831868090055,-150608.910483459
06151_12,06151,multi,64747,7.854542640816646,7.909930789878768,56534.81453116005
06151_13,06151,multi,61689,10.687743620364317,10.802814538525046,152553.08826746792
06151_14,06151,multi,64058,3.182807013277933,3.0990761408902747,-33693.7109093843
06151_15,06151,multi,63342,5.421752329653376,5.366395246866151,-37827.86637584586
06151_16,06151,multi,63443,4.965244121493498,4.990257425140857,15798.574790840968
06151_17,06151,multi,57197,12.295063149272892,12.446797990461665,214729.1129999198
06151_18,06151,multi,64305,5.269430514164714,5.282510727553014,8875.481759704417
06151_19,06151,multi,29257,11.740259823001237,11.450850365573006,-196364.98562870082
06151_20,06151,multi,61144,5.660322531115211,5.58567632815969,-51328.62175081973
06151_21,06151,multi,44473,18.460926255796434,18.56919193283281,178296.29587904364
06151_22,06151,multi,63387,3.51571618056051,3.4743773355168632,-18316.45918618422
06151_23,06151,multi,63800,4.9105850374916535,4.830116763028276,-50007.554327619495
06151_24,06151,multi,41828,4.3027597727902185,4.274755605849644,-10047.34378746152
06151_25,06151,multi,61673,4.42022790769779,4.363462358305169,-30750.83642775379
06151_26,06151,multi,45254,13.219018824564555,13.358929212035966,168278.40223584138
06151_27,06151,multi,61168,5.87086528846105,5.825395051268795,-32531.083377463743
06151_28,06151,multi,62974,7.321904000738029,7.248312753109627,-67523.26878415141
06151_29,06151,multi,63853,4.920191702932524,4.922171418883042,1244.1810215953737
06151_30,06151,multi,60311,5.370429803374974,5.4003532953714775,19438.201637500897
06151_31,06151,multi,61690,5.465364862675917,5.498292627175937,22270.628669968806
06151_32,06151,multi,63305,5.531292039437191,5.490461727363816,-28488.62029334437
06151_33,06151,multi,61726,7.038536529827196,7.026962432245754,-10048.712410799228
06151_34,06151,multi,63930,3.2420802394198676,3.2123413318954133,-12271.200237687677
06151_35,06151,multi,61832,7.764923415516244,7.709530960096636,-53000.41326886602
06151_36,06151,multi,42095,4.971601302861656,4.999990295176686,11916.397290841676
06151_37,06151,multi,61847,5.184974215270053,5.117621871872638,-42915.88004145771
06151_38,06151,multi,63660,3.777781294056507,3.8644679074267096,42173.52147707902
06151_39,06151,multi,62961,4.699875856405066,4.654137835967073,-26936.86084594857
06151_40,06151,multi,63558,5.275966534051159,5.265545815464096,-6981.854796201922
06151_41,06151,multi,59543,5.8609532917448846,5.8659523636963,3490.627702511847
06151_42,06151,multi,64103,5.130645810931953,5.1785006398570825,31624.73041635938
06151_43,06151,multi,62126,11.77275102166141,11.912441120082624,205549.26486664452
06151_44,06151,multi,64597,4.856111463107454,4.937260067428364,51336.426506629214
06151_45,06151,multi,63853,3.9167368544064756,3.891011599669408,-12825.278467127122
06151_46,06151,multi,54102,7.032470554114981,6.993946710630132,-29234.09703479428
06151_47,06151,multi,58420,10.083839141965374,9.86294367856749,-257407.5070078997
06151_48,06151,multi,64019,4.078449230220359,4.087861578697341,4920.76685781125
06151_49,06151,multi,63460,7.499714628665975,7.393833530862657,-100072.94425248727
06151_50,06151,multi,63413,5.653132945041281,5.334508027632331,-222004.86708809342
06153_00,06153,single,64965,4.4512356293384,4.399571658371277,-29706.40592383314
06176_00,06176,single,63564,3.4515817624932366,3.440992221747016,-4639.485067185946
06188_00,06188,single,63550,9.502534411717871,9.482770074535598,-23845.991018245928
06195_00,06195,single,55586,7.351703334781651,7.206313112903696,-117652.95191823319
06196_00,06196,single,43616,5.213998082608423,5.130309577214673,-37758.35582028795
06202_00,06202,single,44305,8.066868233892134,7.898662487270062,-118980.81234213756
06208_00,06208,single,62933,8.456827684839123,8.40667668344463,-53223.79940937646
06209_00,06209,single,56842,7.212118421933284,7.245501216668715,27433.981230923906
06213_00,06213,multi,59736,6.50799907844744,6.50448044959343,-2735.0776290893555
06213_01,06213,multi,63923,7.266557043209261,7.282855904967803,15158.628006844781
06213_02,06213,multi,61633,4.080117025042962,4.020506983752396,-29761.25254079234
06213_03,06213,multi,53175,7.198369026162625,7.175997000826639,-17100.212234226987
06213_04,06213,multi,55024,9.352926122090194,9.235534303565705,-120069.6957077533
06213_05,06213,multi,60801,6.733633543004627,6.591373314280802,-115255.50183297228
06213_06,06213,multi,64879,8.483047825785237,8.461968870136701,-23173.692426904105
06213_07,06213,multi,60680,4.651542462202024,4.586613217020317,-36397.47051046416
06213_08,06213,multi,40477,7.772171787630568,7.77301812792932,532.5364874545485
06213_09,06213,multi,51352,10.743887285744185,10.729717990219465,-15624.660398367792
06213_10,06213,multi,62029,4.967864698963014,5.0537363778386455,53380.40256775636
06213_11,06213,multi,61237,5.319137074268506,5.208984578064082,-71016.48033588752
06213_12,06213,multi,35242,6.45858664232535,6.541189263276964,37843.40802142769
06213_13,06213,multi,61723,5.396692845342099,5.309458631812033,-57645.74552166462
06213_14,06213,multi,54792,9.719157266654816,9.709657235395266,-10113.197517019697
06213_15,06213,multi,43550,8.018102775990865,8.112933504466927,66619.21548348479
06213_16,06213,multi,62007,5.605731715142085,5.8355777011535945,163062.22890448617
06213_17,06213,multi,53673,8.375341449198649,8.236599688888726,-123703.91783030238
06213_18,06213,multi,59967,6.306332181892129,6.061338879845992,-181699.8044352634
06213_19,06213,multi,62765,8.644420796164574,8.658048793603331,14799.862176327966
06213_20,06213,multi,61506,3.723697152121254,3.7141489049054313,-4368.0572740593925
06213_21,06213,multi,61811,4.930957945116496,4.8955865905487235,-21484.15556062665
06213_22,06213,multi,53525,10.679073828818566,10.746682161122823,77534.15424059797
06213_23,06213,multi,61797,5.584887162805555,5.544387577978295,-27853.82400437072
06213_24,06213,multi,61544,5.3121170595182905,5.42972036279811,77747.03132061381
06213_25,06213,multi,59137,14.8328701927635,14.667049465873392,-289280.35178127885
06213_26,06213,multi,53649,8.598720835097842,8.690147244659864,84800.78187587205
06213_27,06213,multi,59493,6.353212055943678,6.342125215311127,-8373.710017354228
06213_28,06213,multi,61181,5.437026230360619,5.453424940297831,10926.275012132712
06213_29,06213,multi,61169,5.050000346600816,5.068847660082755,11665.729641918791
06213_30,06213,multi,62077,5.013524266249404,4.899877767742089,-69937.40263049118
06213_31,06213,multi,61659,3.3122452740631214,3.3341814201002693,8989.696396052022
06213_32,06213,multi,61946,3.0768668284866947,3.0749212697296358,-741.4109348542988
06213_33,06213,multi,52456,13.444481802445857,13.206798106422358,-332286.4511187207
06213_34,06213,multi,60774,5.657612257488835,5.695216652806838,25945.40916935657
06213_35,06213,multi,55672,6.8236463989050895,6.773130941041318,-38238.17027879413
06213_36,06213,multi,64341,7.9309005280762515,7.992213029782628,62815.2128411429
06213_37,06213,multi,61489,3.9743144668054713,3.9787616333534674,2174.783164963126
06213_38,06213,multi,58344,7.292542804043726,7.424754973891036,113526.09788405336
06213_39,06213,multi,65060,3.9053194329673446,3.918168730751367,6540.242972898297
06213_40,06213,multi,61642,6.116571439785995,6.118704319440472,1608.6324847713113
06213_41,06213,multi,60613,6.406675819246968,6.298022819078468,-83670.40481851995
06213_42,06213,multi,61464,6.330316780406161,6.35750093607803,21199.401460354216
06213_43,06213,multi,62583,4.9388445565955275,4.760736486068389,-108116.74264105316
06213_44,06213,multi,58352,6.512612979811805,6.515180121928652,1951.5357460603118
06213_45,06213,multi,61922,4.307469339380605,4.313062165291084,2985.453557316214
06213_46,06213,multi,61733,6.153162325537891,5.871391073222386,-209162.11280519608
06213_47,06213,multi,58836,6.104806277782903,6.184983941333042,57975.03311900562
06213_48,06213,multi,62797,11.401020999913934,11.911975559794698,748030.4474650389
06213_49,06213,multi,62837,6.3415167810319355,6.1522335567146875,-148600.54116015136
06213_50,06213,multi,51359,7.185494661643516,7.081967980908443,-75860.48117956053
06214_00,06214,single,63730,4.3969458569314845,4.406075038560129,5121.62172299251
06215_00,06215,single,56891,7.523694112866188,7.362576800639467,-136449.42012428725
06218_00,06218,single,65501,4.699836293188206,4.7368155794077325,22857.271571725607
06223_00,06223,single,61668,5.590271266170748,5.618662894654008,19625.217807086185
06225_00,06225,single,55305,7.052296483325223,6.933001622481036,-92269.43465519045
06234_00,06234,single,64410,2.8284109342879016,2.7795100120022935,-17663.315735830925
06240_00,06240,single,63780,7.137565953216415,6.919694540669765,-195337.42427763436
06246_00,06246,single,53270,2.625308149936562,2.6495920007796294,6823.614708907029
06258_00,06258,single,59135,5.235200331807164,5.429005149345826,122218.7039943682
06262_00,06262,single,65173,3.413105874459162,3.419448518309259,2824.367048908025
06271_00,06271,single,65044,7.095169707241076,6.713901342566503,-342454.1842195038
06275_00,06275,single,58469,4.364928506960279,4.359917057051664,-2556.5059525882825
06292_00,06292,single,58168,6.4004212508392255,6.452964566924773,39284.31219826825
06304_00,06304,single,64626,3.6064844000060674,3.5461911736995346,-27870.47220931016
06314_00,06314,single,60348,4.759322310760397,4.731015053709269,-16212.213762586936
06330_00,06330,multi,63498,17.007104680074587,16.97841729880204,-61907.732387661934
06330_01,06330,multi,64224,4.140326597013107,4.119122370926886,-11247.884578894824
06330_02,06330,multi,62778,4.7430301503333,4.751284890131386,4920.106485617347
06330_03,06330,multi,63578,6.3261770764329945,6.416103996441048,72852.38294236921
06330_04,06330,multi,57529,8.139505463529137,8.17588100570724,34142.37009799667
06330_05,06330,multi,63183,5.603136639692704,5.61289512786262,6915.474965913221
06330_06,06330,multi,44231,8.801933387752479,8.55126479825691,-192400.50264665112
06330_07,06330,multi,38914,11.50052910763691,11.524823543613996,21768.02291339077
06330_08,06330,multi,64581,5.928635803203729,5.890841497702613,-28848.909794134088
06330_09,06330,multi,54418,9.817897723320577,9.7567812221328,-65102.20640869904
06330_10,06330,multi,63394,4.662638168951805,4.647040088263587,-9205.640062535182
06330_11,06330,multi,63181,5.322256461748532,5.306890546467933,-10319.136172907427
06330_12,06330,multi,64488,3.963928790099458,3.9649299300622323,511.8991226265207
06330_13,06330,multi,64101,5.392118677959937,5.365574213697682,-18304.501725087874
06330_14,06330,multi,63975,5.319104670107383,5.331895092662686,8715.364636854269
06330_15,06330,multi,63500,5.555174825562634,5.495037217891132,-42197.86560131423
06330_16,06330,multi,64637,6.509267345777443,6.469985648157779,-32954.98644920532
06330_17,06330,multi,64361,3.606190721671787,3.603198561341486,-1388.3728767242283
06330_18,06330,multi,64081,5.4668517778937495,5.513564276641327,32868.5976928696
06330_19,06330,multi,62934,5.054477080977469,5.090311847353694,22878.7835092023
06330_20,06330,multi,63997,6.068173206185536,6.022794504562586,-35113.38861179259
06330_21,06330,multi,64057,4.373896916804186,4.405528412131505,17789.035743224435
06330_22,06330,multi,64252,5.6797032552402325,5.752637992513003,53574.2688712629
06330_23,06330,multi,60267,11.056590185514168,10.94302659867771,-150568.38435183
06330_24,06330,multi,64037,5.093483489487079,5.039381426720116,-35105.652926238254
06330_25,06330,multi,63406,9.073862255241236,9.29767240810543,260708.73163369857
06330_26,06330,multi,64139,5.210289881365427,5.246053130062779,23984.958355867304
06330_27,06330,multi,61606,5.385837900259647,5.3877843517422415,1291.8983351264615
06330_28,06330,multi,64169,5.044773035774992,5.070766615855441,16872.538465672173
06330_29,06330,multi,64168,4.109751844266861,4.135055768385103,13387.11228248477
06330_30,06330,multi,63487,4.736687850427862,4.7064795990766335,-18110.401667028666
06330_31,06330,multi,61774,5.630664575003132,5.595791545960356,-24184.55376207549
06330_32,06330,multi,61617,6.069583470837072,6.162919920073644,70350.49695110694
06330_33,06330,multi,64257,4.188320776095712,4.179483181886728,-4751.885844003409
06330_34,06330,multi,64121,5.4151118270648695,5.37802658624938,-25665.464984213933
06330_35,06330,multi,63734,4.1655419361002455,4.181585143292251,8534.918801006861
06330_36,06330,multi,64524,3.8369918657881,3.8448640867284953,3901.9770986521617
06330_37,06330,multi,63491,5.47477928925032,5.477978505500277,2224.7399234778713
06330_38,06330,multi,64577,4.591840508402336,4.525617147622507,-38990.86208881531
06330_39,06330,multi,53881,7.231369307752842,7.47477915902842,192873.581253408
06330_40,06330,multi,64411,5.04104758157225,5.054140394098452,8513.485509134829
06330_41,06330,multi,64504,4.320817405668503,4.277359606909117,-24102.425718391314
06330_42,06330,multi,63295,8.11511502860161,8.188891348442958,76134.36474640109
06330_43,06330,multi,64534,4.5227190964794595,4.44910833692667,-42619.73994383379
06330_44,06330,multi,58312,7.64808385270074,7.6154697866583865,-29028.095335721504
06330_45,06330,multi,63387,8.719510055266241,8.953969848845393,262658.0081732329
06330_46,06330,multi,62642,5.530359468429594,5.53316606182115,1945.0853186370805
06330_47,06330,multi,62888,4.378084426272472,4.364285113577397,-7586.725998116657
06330_48,06330,multi,64023,4.601564490888345,4.527349019467881,-43376.00631482899
06330_49,06330,multi,64345,4.537776671854691,4.55537523111776,10296.896948328242
06330_50,06330,multi,46496,12.913573664563886,13.041634823681845,154545.9194967784
06335_00,06335,single,60239,7.060183112618769,6.9672756720343845,-78506.79563027155
06336_00,06336,single,61925,5.349249242739147,5.397632876892343,32199.34120039642
06343_00,06343,single,63882,3.5229415281465,3.503430956947533,-8757.490153221413
06357_00,06357,single,64205,8.510348562022642,8.472125628179965,-41676.74879468139
06363_00,06363,single,65449,3.486258777744061,3.4696301523776687,-7570.281047227792
06364_00,06364,single,47616,6.60309428819114,6.499487932081343,-64639.23422763217
06397_00,06397,single,64103,7.031922887925189,7.033627640887681,1537.0802554767579
06416_00,06416,single,47752,12.05129023709569,12.133154716144002,94541.6533313198
06422_00,06422,single,30729,7.247153999497676,7.397460805024262,67640.22214446962
06443_00,06443,single,64168,4.024140363073638,4.025880384664332,898.8146452866495
06447_00,06447,single,64624,4.110517020690415,4.061463897440033,-25905.25336011499
06451_00,06451,single,39453,6.1029100779131324,6.077266597967843,-12322.833515095524
06453_00,06453,single,59202,5.351373752607887,5.411204451943367,38122.09663852211
06478_00,06478,single,53350,5.08365961558773,5.098808157856299,8229.213143823668
06481_00,06481,single,35199,5.702956282961172,5.787120840757131,34039.4485003443
06500_00,06500,single,61880,4.700580009389453,4.63002648348277,-40736.04872660502
06503_00,06503,single,65040,2.9106364547504406,2.90996760136043,-253.2092242948711
06504_00,06504,single,65045,19.596237718325742,19.603806897942885,19299.643663570285
06506_00,06506,single,64150,3.646921079760027,3.7751390135225615,61047.783584425226
06507_00,06507,single,64891,6.121538231062428,6.030576463510707,-71729.0729034245
06523_00,06523,single,22398,6.0838167438817585,5.89241783500578,-51341.55189439561
06524_00,06524,single,65061,3.0584164635829882,3.040083413994509,-7274.086593753658
06526_00,06526,single,64381,5.634655767637284,5.663647777561176,21088.674385715276
06538_00,06538,single,65043,7.087499596934598,6.8321344356868785,-231201.17065356392
06602_00,06602,single,65088,3.462433702514787,3.407016742982267,-24777.963924716227
06604_00,06604,single,62355,4.904585865346592,4.90314151049249,-883.3108685845509
06605_00,06605,single,54752,6.619584310506256,6.707815331038402,64382.33319001831
06614_00,06614,single,61920,7.714093322038871,7.67690599607011,-35439.91872621607
06624_00,06624,single,47915,12.990174728239493,12.933921914745055,-69874.60613979772
06625_00,06625,single,62402,12.648495394836996,12.451881897184656,-307958.4235848747
06635_00,06635,single,64086,7.617542704003934,7.609852266189057,-7504.812441186048
06663_00,06663,single,57607,7.450968239120709,7.296415569159872,-131300.61318119895
06672_00,06672,single,39026,8.725948526455134,8.816657287903153,62100.82676285412
06687_00,06687,single,46054,5.822038803184389,5.7608833048467,-32622.782597452402
06706_00,06706,single,62535,7.51800452864765,7.606321656425059,83530.31631133053
06711_00,06711,single,60043,4.657411997214763,4.647910297332682,-5308.784689259483
06713_00,06713,single,65173,6.074294650291009,6.118075384782752,34788.75532484427
06730_00,06730,single,44691,5.533231626104699,5.680057923923312,73579.52120552491
06736_00,06736,single,65156,3.3160694840378566,3.3187888260445497,1175.5738012492657
06742_00,06742,single,54667,9.85109299379761,9.744358961589855,-114336.11797440704
06746_00,06746,single,29342,7.259908276844392,7.148727129863049,-47004.96298260428
06750_00,06750,single,47579,7.20320952471382,7.286506772572348,57425.64009189792
06776_00,06776,single,31443,4.224676319234353,4.173405054254354,-13538.734971288475
06781_00,06781,single,42643,10.980133369220994,11.051254143886007,66816.8624188872
06782_00,06782,single,64594,4.458042281672179,4.525113292542894,38918.48735012859
06784_00,06784,single,65505,2.436728406793133,2.436682572539034,-14.631796639412642
06790_00,06790,single,65066,2.932254628782172,2.8843760618893284,-18120.356673074886
06794_00,06794,single,39110,4.538841511380952,4.554799893846023,5675.635673077777
