sample_id,terrain_id,group,valid_pixels,control_rmse,candidate_rmse,delta_sse
00016_00,00016,single,33282,6.806288021064446,6.84515013455281,17656.891077503562
00021_00,00021,single,53654,7.104160310909943,7.066412245675323,-28700.152205748484
00039_00,00039,single,64173,4.3377528587961285,4.371308479871753,18753.78674856294
00042_00,00042,single,64976,6.599807132770792,6.607877316184353,6925.690215684008
00047_00,00047,single,65077,4.651475318875663,4.623282852666633,-17016.223742217757
00057_00,00057,single,65514,2.065162722599332,2.071086705766749,1605.2942583449185
00059_00,00059,single,64915,3.4563269974259105,3.4375293480038605,-8412.224153525196
00068_00,00068,single,37734,6.696254390410047,6.788510403662539,46943.00683273096
00074_00,00074,single,62724,8.230399420991505,8.129274578944996,-103768.6693301145
00087_00,00087,single,65427,2.625521869988974,2.6368781629113953,3910.00625527557
00106_00,00106,single,65080,2.852297125834976,2.8646023019235747,4578.212315390818
00109_00,00109,single,65250,2.519283998991766,2.547438862734965,9308.101189719513
00116_00,00116,single,51982,6.891228780992676,6.898904988433721,5502.602820906788
00123_00,00123,single,44949,15.208583080312506,15.07704967961583,-179057.5899266526
00124_00,00124,multi,59349,7.987130158286218,8.003971972115464,15983.823123862036
00124_01,00124,multi,28309,7.609276825715716,7.569707210883181,-17003.13705709763
00124_02,00124,multi,48212,8.44020253192366,8.539777102786491,81515.60502582276
00124_03,00124,multi,42658,10.735723966912985,10.736190287823256,427.12613333389163
00124_04,00124,multi,58069,9.81391609928974,9.784657660948788,-33298.138624875806
00124_05,00124,multi,62200,4.596405753905896,4.554079763197867,-24090.269301188877
00124_06,00124,multi,53586,6.643070183127771,6.655491987100807,8851.985606883187
00124_07,00124,multi,51025,7.159620120061764,7.300177459622863,103704.77536497638
00124_08,00124,multi,63127,3.5709543061155578,3.5598766592992566,-4986.5801863428205
00124_09,00124,multi,50661,6.067470778483281,6.1176846729241365,30997.647655553184
00124_10,00124,multi,53673,5.715018637873712,5.589885596335508,-75926.74098501727
00124_11,00124,multi,55547,9.644731040751381,9.686966641413516,45353.34025567025
00124_12,00124,multi,61889,7.496227452233673,7.444970566932876,-47397.02677442785
00124_13,00124,multi,55059,9.095909910491711,9.07283714643189,-23080.909765515476
00124_14,00124,multi,40867,12.636341677881244,12.557721446029854,-80947.84495711792
00124_15,00124,multi,64470,7.4242474434266414,7.4894023687950915,62645.35332916491
00124_16,00124,multi,63157,3.9946706025615017,4.039300347361098,22645.199602507986
00124_17,00124,multi,62223,7.72267625873648,7.782195286211507,57421.55445702467
00124_18,00124,multi,63837,4.317828021511116,4.290384271442067,-15080.9567242302
00124_19,00124,multi,64427,4.135215185337657,4.174846927844058,21218.532617719844
00124_20,00124,multi,62895,9.437322816905093,9.356760396227125,-95229.12063060701
00124_21,00124,multi,43490,6.812327461262138,6.763643002179423,-28744.22747851163
00124_22,00124,multi,64038,5.481461576813261,5.457560377657876,-16743.102825339884
00124_23,00124,multi,60831,4.5772392617465965,4.644372476018564,37659.03872237448
00124_24,00124,multi,64344,4.738578365501998,4.729301197712602,-5651.6621452523395
00124_25,00124,multi,44084,7.1385139465475,7.143927277453398,3408.380050301552
00124_26,00124,multi,58489,5.588917696749769,5.563629919855332,-16495.2511976026
00124_27,00124,multi,64235,7.160845357033432,7.189669009630445,26569.795450925827
00124_28,00124,multi,36619,4.724177809680213,4.727910951020078,1292.1374224862084
00124_29,00124,multi,48548,8.830533611454962,8.928184907816052,84190.09119873215
00124_30,00124,multi,44875,5.57785294078549,5.479752563786327,-48678.392683205195
00124_31,00124,multi,64437,4.297212512676044,4.309854235224955,7011.270747819915
00124_32,00124,multi,64251,7.422394694219309,7.482199442899704,57271.12516158074
00124_33,00124,multi,64616,8.248293067856903,8.282405738695243,36437.368648263626
00124_34,00124,multi,44455,7.253500241528359,7.239643429044227,-8927.843154780567
00124_35,00124,multi,58854,6.195905022552433,6.124199960407111,-51992.44128451776
00124_36,00124,multi,50313,8.827488377268184,8.97179980295728,129236.01720152795
00124_37,00124,multi,63726,4.850694005702942,4.85514168532991,2750.9524959446862
00124_38,00124,multi,54390,7.464755667107296,7.513526912935194,39732.41180241108
00124_39,00124,multi,50092,6.711470271546909,6.723357557314962,7999.874616976827
00124_40,00124,multi,59970,10.6066532891339,10.749398065653361,182816.4327352941
00124_41,00124,multi,39384,7.034793310614299,7.032165947594939,-1455.5935927277897
00124_42,00124,multi,57197,6.46762583921375,6.363836070494721,-76173.50401372835
00124_43,00124,multi,60140,6.865912739446637,6.9284619650178385,51890.443143893965
00124_44,00124,multi,60978,10.33951303978286,10.35301663737539,17038.69191077538
00124_45,00124,multi,51187,9.46049423736171,9.481028569702826,19909.261677778326
00124_46,00124,multi,50384,7.583171120586306,7.387264906992997,-147766.2676523896
00124_47,00124,multi,61256,9.80334448298877,9.80738073381914,4848.645536691882
00124_48,00124,multi,36194,6.618595914218257,6.646902577049347,13590.91913748905
00124_49,00124,multi,46090,7.104001400361417,7.017294603417878,-56433.16498931404
00124_50,00124,multi,62591,4.885048470595298,4.869248653408442,-9646.281525228638
00129_00,00129,single,61614,4.084808488926397,4.14155277120292,28761.351457447745
00141_00,00141,single,61334,9.762746636916782,9.79358725849191,36992.34432765655
00144_00,00144,single,57032,8.125589300299282,8.119298560766817,-5828.234576744027
00148_00,00148,single,62924,4.630044508682853,4.674093327550239,25788.538225269644
00155_00,00155,single,65251,4.356341913131465,4.397779489138801,23669.772256278433
00161_00,00161,single,39651,6.204531806823064,6.186186679510513,-9013.041376494803
00185_00,00185,single,43263,3.97264814539124,3.965767400373466,-2363.120810343884
00188_00,00188,single,55700,3.328935712929178,3.339467764126166,3911.9205520143732
00197_00,00197,single,63398,5.890643553168987,5.881621127973387,-6733.779102741741
00217_00,00217,single,39039,8.538058992786421,8.499241754185453,-25818.090058014728
00221_00,00221,single,64379,3.2166532347413206,3.248983588854609,13457.549765125848
00239_00,00239,multi,61079,5.7683966975574315,5.753036195353155,-10809.4557408588
00239_01,00239,multi,64943,3.9165937718539703,3.929239634224249,6443.4710253933445
00239_02,00239,multi,64294,5.302465734660953,5.2670239995895285,-24084.600230262615
00239_03,00239,multi,61796,5.785618972210865,5.75694519222109,-20452.55694800988
00239_04,00239,multi,25149,4.9909361435238075,5.038431219570135,11979.614629442804
00239_05,00239,multi,64671,4.604884024028576,4.612314963620936,4429.475162034854
00239_06,00239,multi,64301,7.889181124535724,7.885188561008705,-4049.6881084600464
00239_07,00239,multi,25484,5.211458049217308,5.2653358064216595,14384.855510180816
00239_08,00239,multi,65036,4.2061208826280545,4.249200460775444,23689.47203769535
00239_09,00239,multi,60843,5.361683906268072,5.398469427426383,24082.745333364233
00239_10,00239,multi,63449,8.399975182586111,8.358845201501998,-43734.75901400484
00239_11,00239,multi,55011,10.771088776250648,10.691913789688066,-93482.0043486366
00239_12,00239,multi,47733,7.063385725119315,7.170828650252653,73001.2095912518
00239_13,00239,multi,64252,5.031197480576044,5.0183603110577515,-8289.01411011815
00239_14,00239,multi,46474,6.894342984072515,6.959173057621264,41739.43633490708
00239_15,00239,multi,65064,4.161696503298503,4.162060972205543,197.3879613718018
00239_16,00239,multi,64856,7.281762207212076,7.267085942425016,-13848.231330719776
00239_17,00239,multi,58609,6.040267999796901,6.06180056657257,15272.83722979948
00239_18,00239,multi,42457,10.634416103497612,10.276940041237275,-317379.2048757933
00239_19,00239,multi,55001,6.432622225902119,6.432352973405535,-190.51943192631006
00239_20,00239,multi,63156,9.827661902468176,9.773668626597598,-66840.52398851607
00239_21,00239,multi,61773,6.513893232010686,6.469220242240591,-35827.99996553082
00239_22,00239,multi,51657,8.99228444128429,9.097963362275147,98755.67620470468
00239_23,00239,multi,64940,4.272909465237868,4.309266923424828,20262.976181102917
00239_24,00239,multi,39168,8.946899977856155,8.965844183681893,13291.375355364755
00239_25,00239,multi,56137,6.349271840584487,6.349519994030716,176.9016626821831
00239_26,00239,multi,65043,7.450953620182406,7.444812122581497,-5950.283861549571
00239_27,00239,multi,48522,7.882714902104445,7.906406515205709,18150.612692276016
00239_28,00239,multi,45829,7.384634526056013,7.5016559047308204,79834.7701267004
00239_29,00239,multi,65048,3.489840644298233,3.51736445884597,12545.48341485858
00239_30,00239,multi,64451,12.401421611539737,12.431391314978425,47966.499142764136
00239_31,00239,multi,60350,14.331463770075079,14.495070674632926,284623.88120209984
00239_32,00239,multi,42499,8.870095967287746,8.938069131046978,51444.075728100725
00239_33,00239,multi,64780,8.245083674006473,8.248394360993661,3537.2952582733706
00239_34,00239,multi,27113,7.4795846533091686,7.477645402220069,-786.434924416244
00239_35,00239,multi,62079,6.033414937572635,6.135767263998645,77322.13274464756
00239_36,00239,multi,60651,7.527506271412992,7.512269893774901,-13898.280317428522
00239_37,00239,multi,65048,4.440479363179467,4.411546725025795,-16659.60380135011
00239_38,00239,multi,51054,6.496039182364807,6.473216025576284,-15111.950561733916
00239_39,00239,multi,59839,7.218130654362938,7.12357372413183,-81148.11910475977
00239_40,00239,multi,25069,4.434254446239418,4.425128379431599,-2026.8617296264856
00239_41,00239,multi,64538,4.25898240160857,4.2709713261968405,6599.976761909202
00239_42,00239,multi,65038,8.18358461334044,8.190668283231828,7543.744757918641
00239_43,00239,multi,60654,9.677116710835694,9.67926725497412,2524.829384512268
00239_44,00239,multi,65037,4.016456412757523,4.017199349479835,388.1731966333464
00239_45,00239,multi,28019,8.62805600629025,8.507674510813855,-57798.28991287388
00239_46,00239,multi,56216,7.209890310910811,7.217419240525057,6106.305490396917
00239_47,00239,multi,58751,6.581013709700571,6.62645620602529,35261.19886277616
00239_48,00239,multi,29268,6.429112233092351,6.493424603963671,24324.019635314122
00239_49,00239,multi,48977,7.474441530544619,7.411237838267097,-46079.02592258528
00239_50,00239,multi,64875,4.388904070204228,4.413452303684682,14018.339176454581
00247_00,00247,multi,64794,7.330258064937251,7.326568014993324,-3504.3459259634838
00247_01,00247,multi,34438,3.78963908308446,3.7975512143261305,2067.3422534940764
00247_02,00247,multi,64812,5.493804747191909,5.419766714613687,-52369.35072363075
00247_03,00247,multi,37378,16.021415246413046,16.040295318887672,22625.928272366524
00247_04,00247,multi,64700,6.102545263332783,6.168590171995941,52435.85743056331
00247_05,00247,multi,63411,5.344029741642436,5.428322057726663,57578.867303551175
00247_06,00247,multi,63894,4.986133197075618,4.982276431010659,-2456.457477072254
00247_07,00247,multi,63513,4.795067183251403,4.77513818168347,-12113.493915715255
00247_08,00247,multi,62196,6.565058928580877,6.555689748324879,-7645.795295001008
00247_09,00247,multi,63736,6.274783140603481,6.287276912702792,10003.206841780804
00247_10,00247,multi,64697,4.502898041618277,4.4536317713413975,-28547.86299302522
00247_11,00247,multi,63680,9.75136025475786,9.706266712260943,-55873.68076056242
00247_12,00247,multi,37215,3.997005198684177,3.967918243140569,-8621.79904566519
00247_13,00247,multi,63668,10.256234531477405,10.287826774781967,41322.63197763637
00247_14,00247,multi,50178,9.96648824105686,9.908590829091295,-57740.60942268465
00247_15,00247,multi,63388,8.504051730633162,8.553047333456147,52974.80008276459
00247_16,00247,multi,63431,5.138078133048759,5.13162285983501,-4205.077316942625
00247_17,00247,multi,63068,5.838653208296302,5.873681942051923,25874.799229539
00247_18,00247,multi,53517,8.570815063431823,8.74639373558992,162720.17921624612
00247_19,00247,multi,60699,7.7999586610253395,7.831906575677429,30313.414228117093
00247_20,00247,multi,64382,6.87241810518334,6.867725759623129,-4150.933074053377
00247_21,00247,multi,63575,4.403802950593658,4.405826734142614,1133.4649191731587
00247_22,00247,multi,58713,5.718100073594783,5.7189667975678375,582.0090544100385
00247_23,00247,multi,63514,5.44796600479161,5.462097599730594,9792.372548116371
00247_24,00247,multi,63761,4.603270822921529,4.637215390201158,19999.549812177196
00247_25,00247,multi,64689,4.581385451632145,4.529188773495882,-30762.317708306015
00247_26,00247,multi,47199,11.17874151251375,11.158323911927475,-21526.013951710425
00247_27,00247,multi,52925,8.9669024960903,8.994815328926087,26534.60645391047
00247_28,00247,multi,61815,8.774376452778496,8.78436999957068,10846.934847043827
00247_29,00247,multi,61302,9.260605965536687,9.257556907913624,-3461.2914957348257
00247_30,00247,multi,56747,9.416146219852545,9.505411428659357,95847.7709743455
00247_31,00247,multi,20784,17.881456245481026,18.074238960005616,144067.13352172542
00247_32,00247,multi,39796,5.1740439348463045,5.201447866530569,11315.167569845915
00247_33,00247,multi,57565,10.742703476512968,10.78037425019075,46673.18333313055
00247_34,00247,multi,64830,5.854379720135331,5.828976717655984,-19241.046919625252
00247_35,00247,multi,45016,8.422588593777013,8.450971882457058,21559.384046779945
00247_36,00247,multi,55234,5.651479006965879,5.6718156520477905,12719.165366070112
00247_37,00247,multi,63827,5.6056083911742745,5.657381018452153,37218.45255768951
00247_38,00247,multi,31381,4.912583959013226,4.86125988080385,-15741.761668140069
00247_39,00247,multi,61191,7.777363816701831,7.840285012749084,60131.24186996184
00247_40,00247,multi,63243,6.6086230937251695,6.572103209296309,-30442.562020421028
00247_41,00247,multi,63886,4.6124570641744755,4.626200357394097,8111.578453735448
00247_42,00247,multi,33594,3.2662727520483914,3.2710553894741343,1050.3389258412644
00247_43,00247,multi,45100,12.720468487476642,12.814278813460119,108033.57586611714
00247_44,00247,multi,63680,4.3762234599037315,4.39162207491299,8597.607325570658
00247_45,00247,multi,62082,8.494954653272611,8.567481474628478,76825.49763960764
00247_46,00247,multi,34036,9.467957064841343,9.520725024209675,34103.867951906286
00247_47,00247,multi,63541,4.934744698684583,4.932932315904728,-1136.367745872587
00247_48,00247,multi,63972,10.296098753430885,10.309110736731244,17151.82986435853
00247_49,00247,multi,63661,9.053944113137687,9.094714040669995,47104.0138723664
00247_50,00247,multi,63652,5.424075762404372,5.404841461338355,-13257.86210680101
00249_00,00249,single,54016,5.122338662856847,5.1101390701272384,-6742.92860466335
00266_00,00266,single,54537,7.4830391087878585,7.550378216067164,55209.8176250821
00276_00,00276,single,64538,7.092089196963876,7.152533221654746,55567.36703005899
00293_00,00293,multi,65355,2.3696911625359234,2.3605444304707426,-2827.662342475727
00293_01,00293,multi,64228,5.7290637065735615,5.739310170421593,7547.450156344101
00293_02,00293,multi,64877,4.8949743792037,4.869012148771373,-16445.986562747275
00293_03,00293,multi,64081,5.91495923876595,5.840431753063293,-56141.34705911204
00293_04,00293,multi,63826,4.648043838437237,4.565977889282124,-48262.50467743236
00293_05,00293,multi,64629,4.211078928573977,4.20052190706017,-5739.148975861259
00293_06,00293,multi,65187,5.807656036771591,5.741425634693895,-49861.55733775534
00293_07,00293,multi,64433,6.204404699935231,6.176159256271439,-22531.86711998284
00293_08,00293,multi,60478,3.4577746366681255,3.418071105784975,-16510.213006104343
00293_09,00293,multi,64910,6.5713948627400915,6.566619887682792,-4072.043995473534
00293_10,00293,multi,63433,8.099933031746822,8.082048162759195,-18358.31032001041
00293_11,00293,multi,64912,5.49831459171868,5.507125911849786,6294.676288518123
00293_12,00293,multi,61848,3.9634174295040907,3.985616310318044,10913.676592545584
00293_13,00293,multi,65338,4.211181051783924,4.275831412594252,35850.203856839566
00293_14,00293,multi,64898,4.801382368418538,4.778058170926857,-14500.339453141205
00293_15,00293,multi,65350,4.347412347202657,4.4728643211713015,72311.1551264599
00293_16,00293,multi,65149,4.796210874376207,4.7620884643992865,-21248.49024588801
00293_17,00293,multi,65236,4.456597064928115,4.399627121454477,-32914.07954126876
00293_18,00293,multi,65265,3.124349662119501,3.1284932923791917,1690.9815122559667
00293_19,00293,multi,65039,5.488271790470843,5.490873330765335,1857.6886929273605
00293_20,00293,multi,65398,4.20504223155884,4.263918791200177,32608.965838105418
00293_21,00293,multi,64476,5.975722793243429,6.198293064562533,174702.49403091334
00293_22,00293,multi,65275,3.518908736318246,3.586432056398715,31317.391495956108
00293_23,00293,multi,64875,5.331076824778427,5.33791954088514,4736.193748636171
00293_24,00293,multi,65141,2.8417985256459004,2.84708839504449,1960.3186533022672
00293_25,00293,multi,63842,6.109016183605778,6.09414592045069,-11585.039487310685
00293_26,00293,multi,64395,4.957934236592545,5.099664611841959,91792.96413665265
00293_27,00293,multi,63954,4.136292898309386,4.120156716909437,-8520.435929324478
00293_28,00293,multi,64597,4.709724758496671,4.724017252892298,8709.723636746407
00293_29,00293,multi,64792,8.158477579178966,8.121425771919881,-39082.524108531885
00293_30,00293,multi,65466,1.9695758419439866,1.9980291780431818,7390.561429466121
00293_31,00293,multi,65066,4.6520527795164455,4.666923094854554,9016.59316545981
00293_32,00293,multi,65042,4.671862176061786,4.660107725077015,-7134.598953306675
00293_33,00293,multi,64815,3.9100188923836754,3.9300121818134413,10159.622294385917
00293_34,00293,multi,63895,4.036091887399575,4.036422283192988,170.41593425441533
00293_35,00293,multi,64121,6.704487384347929,6.756121103884919,44565.45971793402
00293_36,00293,multi,65036,5.144739523345377,5.138120218214786,-4426.700459795073
00293_37,00293,multi,65070,3.994613874580874,4.040408301636314,23943.107547530904
00293_38,00293,multi,65014,5.177815165484333,5.197175035131196,13058.611780051142
00293_39,00293,multi,65033,4.444795126285933,4.467580899007624,13206.600831327029
00293_40,00293,multi,65039,5.343285223763305,5.2797535331805845,-43894.795822878834
00293_41,00293,multi,65042,5.208826873490144,5.211839092259478,2041.6245163893327
00293_42,00293,multi,65043,4.704959690646952,4.719681742566739,9024.720185436308
00293_43,00293,multi,65445,4.685056739057927,4.730198426999805,27815.467316173017
00293_44,00293,multi,65041,4.566191915924176,4.596815112687763,18250.541490170173
00293_45,00293,multi,65092,3.2004088063622507,3.1875435590498413,-5349.428953063674
00293_46,00293,multi,63796,5.663572554283442,5.686048818206922,16274.173660157248
00293_47,00293,multi,64950,5.883462026948517,5.872342348699303,-8490.313506053295
00293_48,00293,multi,64847,5.326196121687311,5.342716692170701,11429.706949464977
00293_49,00293,multi,64235,4.592503731114571,4.5831142064808414,-5534.146554207429
00293_50,00293,multi,63131,3.747514102333663,3.7063512028493197,-19370.024399396963
00319_00,00319,single,50761,9.283252611597186,9.291453124887658,7732.0231972094625
00320_00,00320,single,61999,6.002644132393369,5.96907514800092,-24916.062497351784
00322_00,00322,single,64134,3.769537442412964,3.7905199788761137,10173.523862552829
00327_00,00327,single,64022,3.2510604620400194,3.2464947253941188,-1899.2847077621846
00331_00,00331,single,39488,5.7797567392590095,5.8034318121266875,10828.906109271571
00335_00,00335,single,39219,3.95992824837075,3.962658618302795,848.3694444857538
00350_00,00350,single,65470,2.958848151122264,2.922019817178633,-14179.660819599405
00360_00,00360,single,44754,12.068368713279769,12.014821872952158,-57713.80786533654
00385_00,00385,single,65039,2.023906292802951,2.0217681200481907,-562.6101659536362
00386_00,00386,single,64527,3.0184734324356888,3.0215437056887735,1196.6211494272575
00394_00,00394,single,64953,5.742285477240028,5.751749239780523,7065.380477301776
00395_00,00395,single,62589,4.061333550068991,4.082283771555564,10678.346004077233
00397_00,00397,single,55800,4.195663833982183,4.177066734801927,-8688.53434448596
00415_00,00415,single,27924,4.58581487313008,4.567318337306342,-4727.5682816552
00419_00,00419,single,65056,3.5184574513993683,3.522727198261765,1955.8485325137153
00445_00,00445,single,62453,5.8000245773108965,5.768172599609116,-23012.054320015013
00449_00,00449,single,65157,3.2953371450341002,3.303051410055974,3316.6032417630777
00453_00,00453,multi,49391,5.6436459181948715,5.623220655901243,-11366.286868814379
00453_01,00453,multi,54329,8.773817273079773,8.693791083099997,-75944.6697810553
00453_02,00453,multi,55544,7.962034981317163,8.186530877203522,201362.92778013647
00453_03,00453,multi,42715,5.306973306743815,5.290469681607492,-7470.692314234562
00453_04,00453,multi,40148,4.163998557208473,4.16464998588478,217.82379686739296
00453_05,00453,multi,62876,6.930626490262389,6.8932430333904025,-32493.312679173425
00453_06,00453,multi,57521,8.780082826305724,8.766508315669594,-13700.719229012728
00453_07,00453,multi,63633,5.227493753152974,5.200181541789242,-18122.86113411188
00453_08,00453,multi,60218,6.137729194952041,6.121693910640223,-11837.855266851373
00453_09,00453,multi,60087,10.368972737543643,10.443275577105588,92919.0864426326
00453_10,00453,multi,63620,4.069628397124846,4.121382373993135,26969.623841335066
00453_11,00453,multi,58315,8.83849995311427,8.723933552236852,-117333.55865787715
00453_12,00453,multi,63559,3.1974379496775747,3.202364898438459,2004.110653781332
00453_13,00453,multi,62138,7.35628799813874,7.444209620038221,80859.16999985091
00453_14,00453,multi,41334,12.066490878572584,12.187846079067375,121662.07913360558
00453_15,00453,multi,37233,9.353354264812825,9.468386008798332,80613.07925786544
00453_16,00453,multi,50674,7.483573044812842,7.519907010025425,27624.21773069352
00453_17,00453,multi,63403,6.703277181105857,6.812716215112951,93784.27587464591
00453_18,00453,multi,55853,8.756672560471028,8.715370504720068,-40305.27281803079
00453_19,00453,multi,63178,5.350231946335688,5.377008398199005,18147.086650214158
00453_20,00453,multi,43453,5.743286465059653,5.702994880453895,-20040.037502328865
00453_21,00453,multi,40919,4.911135505233186,4.884661705612481,-10611.60498211335
00453_22,00453,multi,63162,10.497843925586293,10.448311435183939,-65531.53754931502
00453_23,00453,multi,60032,9.236946031455705,9.244587524765551,8478.110150013119
00453_24,00453,multi,53019,7.78396507751439,7.810695818200051,22101.332613553852
00453_25,00453,multi,63568,4.837140822756474,4.874292235914783,22934.918787455186
00453_26,00453,multi,63651,4.909158154322745,4.897479820271717,-7289.643135057762
00453_27,00453,multi,56747,6.91034641784043,6.904797470404407,-4350.197058310732
00453_28,00453,multi,63188,4.898117357645102,4.836195469667822,-38087.642992351204
00453_29,00453,multi,41189,5.55266024347804,5.502520079776615,-22831.414913595654
00453_30,00453,multi,42553,5.594624250964949,5.559160046196043,-16832.26852094941
00453_31,00453,multi,8421,8.152618150795597,8.130052835593919,-3094.0741619840264
00453_32,00453,multi,62974,5.408085601220046,5.443284721787976,24053.466690589674
00453_33,00453,multi,59505,6.237201893562946,6.269987651828715,24400.483023117296
00453_34,00453,multi,52992,12.81706222540414,12.919491619025543,139696.42958520912
00453_35,00453,multi,63734,3.6557648300554604,3.677897955493392,10345.103924889117
00453_36,00453,multi,61216,7.967128103759238,7.951908646654608,-14831.357200113125
00453_37,00453,multi,62705,7.478784556526067,7.383238784574273,-89041.31902173068
00453_38,00453,multi,60465,6.932927995720496,6.836510296689607,-80274.39559017215
00453_39,00453,multi,63577,5.743931635471653,5.744673008186875,541.5067992201075
00453_40,00453,multi,60183,8.954242164018272,9.212413315900713,282264.67173204105
00453_41,00453,multi,63529,3.5885397284880804,3.6053776948455996,7695.327458853833
00453_42,00453,multi,62097,7.038745970209994,6.997948641622813,-35560.44581143372
00453_43,00453,multi,63095,5.946183375753203,5.910561009570486,-26649.137986990623
00453_44,00453,multi,63179,7.228548099744662,7.151116820462628,-70345.7635935992
00453_45,00453,multi,50308,6.625137669797499,6.660030649189846,23320.731423063204
00453_46,00453,multi,56221,8.660876975687748,8.66386149359764,2906.9625900499523
00453_47,00453,multi,63331,4.957232629974681,4.977957321382051,13040.090126239927
00453_48,00453,multi,63531,3.3533190220383493,3.3938752363630686,17384.664543923922
00453_49,00453,multi,61987,6.567780500787324,6.566660162790908,-912.1395069304854
00453_50,00453,multi,61338,12.181815185983893,12.149201126727048,-48673.73990016058
00454_00,00454,single,24592,11.530010442403535,11.197627557247904,-185774.80189785548
00464_00,00464,single,64623,12.118042989391652,12.096511013419988,-33693.60469945334
00476_00,00476,single,63327,4.195780157013883,4.213070146639712,9207.045056051575
00488_00,00488,single,52562,5.317868261142928,5.334863661179683,9516.215567780659
00500_00,00500,single,63079,6.396730447158125,6.269613191761292,-101564.18163173646
00512_00,00512,single,65451,4.451042985763151,4.542610885924631,53900.86201753933
00524_00,00524,single,65198,5.038261527343151,4.99142771160921,-30625.366415877827
00527_00,00527,single,48900,7.762302581716921,7.727594271143452,-26290.016570211388
00536_00,00536,multi,65467,2.721343545106165,2.742420347373791,7539.0927273714915
00536_01,00536,multi,64709,6.523130104500847,6.532772344649156,8146.096089184284
00536_02,00536,multi,65247,7.442834080058257,7.4470437420462305,4089.770217873156
00536_03,00536,multi,65477,2.329970307934856,2.360856803627547,9486.518031294458
00536_04,00536,multi,46474,7.757814555414204,7.545786684976998,-150798.36957793823
00536_05,00536,multi,65094,5.9116845593737235,5.935575577404128,18424.407911933027
00536_06,00536,multi,65034,6.742340392913008,6.7224410413474835,-17425.23724262789
00536_07,00536,multi,65306,2.5790568919033574,2.5801030634291475,352.4803998172283
00536_08,00536,multi,65120,5.380692582334048,5.428545547112124,33683.58643758297
00536_09,00536,multi,64892,6.808163637364021,6.854420148947355,41010.671021797694
00536_10,00536,multi,65370,3.354957482911429,3.3533149055125233,-720.3026566562476
00536_11,00536,multi,51249,6.439756386548296,6.430452193456733,-6136.909173143096
00536_12,00536,multi,65060,8.4996970755583,8.476496189930943,-25624.708455235697
00536_13,00536,multi,65057,6.742874941916879,6.697449101587345,-39719.771575328894
00536_14,00536,multi,65078,7.319499698223161,7.433321385009455,109278.39063222893
00536_15,00536,multi,62181,9.968281444844541,9.916152113758725,-64454.47542857751
00536_16,00536,multi,63060,7.204316599692691,7.241450438585065,33827.07311735209
00536_17,00536,multi,65131,5.484600211152934,5.477246993434851,-5249.874425930902
00536_18,00536,multi,65040,8.164439757206765,8.274967121246878,118177.96023514122
00536_19,00536,multi,64681,9.176041886433692,9.221473899437092,54062.71972662769
00536_20,00536,multi,64969,8.730992209119435,8.68937993862831,-47096.10852305591
00536_21,00536,multi,65061,3.778167068387588,3.8460306791389596,33662.92497580778
00536_22,00536,multi,65187,2.9624613915334246,3.0030514743379415,15784.423281457275
00536_23,00536,multi,65123,3.09022817901338,3.07242743817736,-7143.982387478463
00536_24,00536,multi,64677,11.136900481375294,11.252888962491726,167963.43122975808
00536_25,00536,multi,65241,4.5423976192164535,4.603027326441607,36175.11914811004
00536_26,00536,multi,65160,3.23493552083237,3.239395462131578,1881.5038706000196
00536_27,00536,multi,65164,2.6281701175194137,2.6240894764735594,-1396.6330394949764
00536_28,00536,multi,65117,6.865404690664301,6.950289762683875,76365.71552132256
00536_29,00536,multi,61090,9.111731336800846,9.27389383135121,182137.32060496695
00536_30,00536,multi,65482,2.5585249286647165,2.5708159262715413,4128.294104414934
00536_31,00536,multi,65226,3.195894369520908,3.1575186023222868,-15903.213977020234
00536_32,00536,multi,65450,5.282052432759388,5.285025713971625,2056.366672639735
00536_33,00536,multi,64243,8.449765065280054,8.426294252101702,-25446.32051221188
00536_34,00536,multi,65051,3.0166420419994098,3.017301874421072,258.9935197085142
00536_35,00536,multi,65223,3.2269940427478923,3.2561646489024394,12334.82171420101
00536_36,00536,multi,65052,4.48738323322963,4.643881769916651,92961.23426087387
00536_37,00536,multi,65405,2.9909816841949555,3.0853678300449014,37511.28564726096
00536_38,00536,multi,51983,9.629356599392013,9.381938170905254,-244514.75946992077
00536_39,00536,multi,65060,6.984448975671908,7.131457226241817,135009.5632174546
00536_40,00536,multi,64730,5.88245965513464,5.939294172857858,43491.030441763345
00536_41,00536,multi,65041,3.51106940091465,3.5740982822814704,29045.371946861036
00536_42,00536,multi,65350,2.4617231745497374,2.4646363601135572,937.8639559242874
00536_43,00536,multi,65042,5.837969796448803,5.819345549953267,-14121.185007701628
00536_44,00536,multi,65085,3.9034521775073876,3.87384474416995,-14986.849603024311
00536_45,00536,multi,65257,2.3839452209378322,2.377197651022128,-2096.455805581063
00536_46,00536,multi,62413,5.95752203559314,6.012255797025406,40889.937134092674
00536_47,00536,multi,65054,5.614802751241203,5.6346527048572055,14526.634248700691
00536_48,00536,multi,65152,3.2700760996178015,3.262476040389449,-3234.652369505726
00536_49,00536,multi,64747,5.225298572276753,5.228376817995994,2083.4925165046006
00536_50,00536,multi,65268,8.073222362545398,8.113678204521557,42741.05599993188
00562_00,00562,single,63021,5.502588071275034,5.494898407971388,-5329.494903676212
00569_00,00569,single,64565,3.5932356767208873,3.6112260268833425,8368.320577570237
00577_00,00577,single,65505,1.6619486544594864,1.747293625950539,19059.4451908395
00598_00,00598,single,65050,4.1452778166672815,4.192607256412895,25670.514267651597
00618_00,00618,single,65008,3.0729575487591867,3.07057204697342,-952.7182966060936
00621_00,00621,single,57186,7.5100394340310475,7.444749200263792,-55836.50452089403
00623_00,00623,single,65043,2.3980513404829487,2.408631644212701,3307.8375993305817
00631_00,00631,single,64906,4.674318658528461,4.688659951389232,8715.39713058807
00646_00,00646,single,53355,5.192719346292462,5.195878852375353,1751.2625855905935
00689_00,00689,single,61058,7.525383283596495,7.518325740988157,-6482.626616946422
00692_00,00692,single,61847,8.506474259604419,8.466491427727918,-41971.05851165019
00701_00,00701,single,44384,5.687101536531152,5.704179160148294,8634.286012858152
00711_00,00711,single,56626,5.000641893320068,4.995262164244967,-3045.077628724277
00718_00,00718,single,38770,11.920891241379849,11.892480981284747,-26229.614702233113
00726_00,00726,single,55166,8.234689794247853,8.18398533598858,-45925.69653436728
00736_00,00736,single,65043,9.37254678037328,9.399767647419146,33236.88682986982
00756_00,00756,single,64049,6.81048003073805,6.772032579458913,-33447.219913643785
00762_00,00762,single,65454,2.330958828441352,2.3510455554286778,6155.696297087707
00769_00,00769,single,36593,5.215996803854109,5.239111739744398,8843.399707687087
00770_00,00770,single,64884,3.3987469114727182,3.4108927922116736,5366.495409234427
00776_00,00776,multi,65418,2.930186230209834,2.9286001894190385,-607.881996630691
00776_01,00776,multi,55913,8.230548580881175,8.599622562522887,347307.97612404544
00776_02,00776,multi,65075,7.00512403209211,7.012736777878713,6944.44028400071
00776_03,00776,multi,65142,4.1178902646060225,4.047388068297655,-37500.29878396727
00776_04,00776,multi,65217,4.028859871027524,4.01959981176145,-4860.57172747422
00776_05,00776,multi,51198,4.968085848887488,4.916802205377647,-25953.959579462186
00776_06,00776,multi,62042,7.9119470076623974,7.856611886500213,-54135.06456652749
00776_07,00776,multi,65203,3.4551193756930205,3.3798127759488654,-33560.9947349038
00776_08,00776,multi,65116,4.55227988952829,4.582784353790425,18145.240236196667
00776_09,00776,multi,65420,2.7785635711134575,2.7748482195251722,-1349.8028340619057
00776_10,00776,multi,65108,3.172672189385279,3.18052899136589,3249.92074642051
00776_11,00776,multi,65098,4.3630610627330215,4.342977758464843,-11382.126640693285
00776_12,00776,multi,64993,6.847146488984465,6.795303524685563,-45967.27733019367
00776_13,00776,multi,64971,4.704435042353543,4.711506472877091,4326.040514407679
00776_14,00776,multi,60322,10.694330862650013,10.716197560294784,28241.40625792276
00776_15,00776,multi,55914,7.4219910720458495,7.377531866222385,-36790.016185356304
00776_16,00776,multi,62391,10.436087295678712,10.427013568200868,-11810.996359869838
00776_17,00776,multi,65211,4.686215415532909,4.660514764736083,-15664.793946814723
00776_18,00776,multi,65208,6.134056742850952,6.1295194803424895,-3628.372957555577
00776_19,00776,multi,64871,5.556471068534174,5.524798040126415,-22768.25175440684
00776_20,00776,multi,65011,6.278131885298268,6.289751404089173,9493.73550310731
00776_21,00776,multi,48490,5.405851846375535,5.368885640864654,-19313.623261934146
00776_22,00776,multi,65210,4.6088534866962325,4.614458354525825,3371.05989157781
00776_23,00776,multi,65079,4.9675972237599755,4.972830789221771,3385.662133649923
00776_24,00776,multi,63753,7.894861720185882,7.914244002600834,19534.97442989424
00776_25,00776,multi,65078,2.8848283168001987,2.917649903042314,12393.879885252565
00776_26,00776,multi,65102,4.972093587118927,4.933678629868742,-24773.252097224817
00776_27,00776,multi,51607,5.254568917984333,5.24985482052037,-2555.5207011345774
00776_28,00776,multi,64189,6.619006171788481,6.542141076387506,-64935.70029084571
00776_29,00776,multi,65163,4.30270885169728,4.327380438761822,13874.37558866851
00776_30,00776,multi,65305,3.2729940999953437,3.265766091275735,-3086.4589948477224
00776_31,00776,multi,65058,4.6599642148728755,4.6682119585781425,5005.328722119331
00776_32,00776,multi,56192,17.6996323345112,17.53712926276672,-321759.9996251948
00776_33,00776,multi,65110,3.06053758894953,3.064192439002428,1457.4853880172595
00776_34,00776,multi,65038,3.5191691727165098,3.532860049717444,6279.319046595134
00776_35,00776,multi,65116,4.028880467181491,3.995858927557962,-17255.03999595996
00776_36,00776,multi,65169,4.455937625546903,4.4784110849962175,13085.004811671562
00776_37,00776,multi,64737,7.793555896825634,7.881676029553384,89421.44583769608
00776_38,00776,multi,65244,2.8846354403165053,2.892662491732057,3025.668809209019
00776_39,00776,multi,63592,6.36508140644781,6.385527920130845,16578.78466873709
00776_40,00776,multi,65037,3.9174502759861336,3.8993901497246752,-9181.476534137502
00776_41,00776,multi,64229,9.04011372554391,9.030230617506389,-11470.731963606551
00776_42,00776,multi,65067,9.204198716733123,9.049424995849842,-183826.06914850976
00776_43,00776,multi,65039,4.173872829329006,4.163563057170633,-5590.561509876512
00776_44,00776,multi,64457,8.806526779690516,8.798212600071613,-9434.504399393685
00776_45,00776,multi,57426,9.036165478280683,9.05816272133481,22857.002905402333
00776_46,00776,multi,56993,8.697014193022628,8.859085615973198,162164.58102330845
00776_47,00776,multi,65038,6.210620320903566,6.2678949570923,46482.81616904307
00776_48,00776,multi,64500,7.246414897336408,7.184000517380468,-58092.92027474474
00776_49,00776,multi,65154,5.334562689156587,5.34563360995853,7703.783379022032
00776_50,00776,multi,65049,4.465543198155188,4.468259598524807,1578.5951607115567
00808_00,00808,single,59312,5.5481064188226945,5.552934350969854,3178.830886703916
00823_00,00823,single,38638,13.398714878966663,13.333448176372972,-67412.49660777114
00835_00,00835,single,65219,2.6210730079386306,2.6324388578034768,3894.267390740104
00843_00,00843,single,65486,1.0374441522544984,1.0314481299891982,-812.3619626304135
00852_00,00852,single,26205,7.050307551519288,7.102668362764105,19419.511376988143
00858_00,00858,single,64399,4.417083519741713,4.325256326876438,-51698.52076645568
00863_00,00863,single,64953,12.645584599773047,12.561791781447866,-137193.5388576463
00865_00,00865,single,37371,13.189838051292641,13.074132916167196,-113565.84657057188
00882_00,00882,single,65027,4.697923328452806,4.760742712796724,38638.23559728172
00887_00,00887,single,51624,4.428030174086858,4.446304899273388,8372.175614260137
00895_00,00895,single,65157,3.261733820585599,3.2678548937594094,2604.200860680081
00904_00,00904,single,61782,5.6403042528202985,5.640533286502688,159.62564444355667
00905_00,00905,single,65450,2.3304931762674506,2.335723124688328,1597.2464191112667
00926_00,00926,single,65460,3.5740124905351234,3.606748615095106,15387.70118270535
00929_00,00929,multi,60299,4.397671950062812,4.33838418715287,-31231.33792815567
00929_01,00929,multi,63222,8.006629893074082,7.9266429268727405,-80573.54055743292
00929_02,00929,multi,24328,4.573127046912004,4.5921387164956435,4239.0811215871945
00929_03,00929,multi,58873,8.41674156582501,8.358055496445184,-57957.34259266779
00929_04,00929,multi,58577,5.098458710867044,5.051418171502582,-27967.921544821933
00929_05,00929,multi,56842,4.500373530578641,4.487896939919626,-6374.430779916234
00929_06,00929,multi,48281,8.495902015625937,8.554890543936095,48561.08578714728
00929_07,00929,multi,58524,5.744385524642053,5.6440464266939925,-66875.6667785726
00929_08,00929,multi,58152,4.823201709950428,4.880986856419855,32609.196754695848
00929_09,00929,multi,61649,3.21130945102631,3.2191523385324636,3109.1679632058367
00929_10,00929,multi,32950,5.449945815044899,5.447952937364802,-715.6140041006729
00929_11,00929,multi,64961,4.98020070431156,4.976534146446379,-2371.527620272711
00929_12,00929,multi,64953,3.7125946290929908,3.716333123353545,1803.9399135215208
00929_13,00929,multi,63165,8.289620960142395,8.246962068131243,-44558.63183819689
00929_14,00929,multi,50507,9.879432351449644,9.95559849893664,76303.84850575775
00929_15,00929,multi,58706,5.0018025662528744,4.944668472133815,-33361.59904705826
00929_16,00929,multi,59993,4.982925420827132,4.936366879725796,-27706.43390183989
00929_17,00929,multi,57808,3.8874074199155144,3.9242792803691757,16650.52043838706
00929_18,00929,multi,59157,4.1506351742638365,4.149719217684867,-449.75672255363315
00929_19,00929,multi,58069,6.122457270976678,6.0609320170885095,-43527.71635388583
00929_20,00929,multi,64984,3.9705641295813505,3.924003651413263,-23886.484105263837
00929_21,00929,multi,57588,4.973283554596221,4.942390015465118,-17640.94640520774
00929_22,00929,multi,64974,5.566040436044916,5.604131851363811,27645.635986448033
00929_23,00929,multi,63345,3.496334432527553,3.4982788502086883,861.5204887585714
00929_24,00929,multi,56551,5.160179238807904,5.138761322834269,-12474.123835541308
00929_25,00929,multi,65006,3.7673634453058304,3.770137884481184,1359.427507320419
00929_26,00929,multi,56659,6.55512571875386,6.549121492983924,-4457.978778994642
00929_27,00929,multi,56439,5.329075359617908,5.306994151587815,-13255.10909464676
00929_28,00929,multi,64918,5.224181312598127,5.176257452568729,-32357.0249636285
00929_29,00929,multi,59607,6.209419422593239,6.2829060148414095,54720.32429785095
00929_30,00929,multi,59377,4.505199455722688,4.516959559502389,6299.990329253487
00929_31,00929,multi,64516,5.894777180509028,5.882992824247132,-8954.397427085787
00929_32,00929,multi,59749,6.798361301147317,6.847387938829465,39972.391927211545
00929_33,00929,multi,58689,7.089393651918912,7.063760441550807,-21291.82786734309
00929_34,00929,multi,58069,5.158340360577507,5.095039980743428,-37689.27042899933
00929_35,00929,multi,57742,5.554406750693424,5.582154880156778,17843.360888238996
00929_36,00929,multi,57038,7.698983368226966,7.781403930965071,72774.91154322308
00929_37,00929,multi,58274,5.8770513234531006,5.802935007649071,-50446.49386936519
00929_38,00929,multi,64968,6.010231418490584,5.981643714089567,-22272.341551957652
00929_39,00929,multi,64942,3.846470175427033,3.8053319031143906,-20442.567292096093
00929_40,00929,multi,40450,6.464895760527005,6.480630686286999,8239.539506490342
00929_41,00929,multi,64995,7.179220798504946,7.173281733302146,-5540.202941142023
00929_42,00929,multi,62131,7.100939329943684,7.1665610733366645,58170.66135083791
00929_43,00929,multi,64489,3.861985670880838,3.8747847932412847,6385.950471411459
00929_44,00929,multi,57111,4.6546808215789595,4.653021458579754,-882.0712150670588
00929_45,00929,multi,59780,4.767683366669622,4.705883040128643,-34999.36655742861
00929_46,00929,multi,63567,3.7626726738783263,3.7390551806898094,-11262.29293765407
00929_47,00929,multi,62197,6.749493110071057,6.743854342851286,-4732.311320280656
00929_48,00929,multi,56334,5.8882065769943805,5.953937436033156,43850.06443069503
00929_49,00929,multi,59790,4.713540543349139,4.732566313552613,10745.426416353323
00929_50,00929,multi,25827,5.208774143631309,5.184202954876758,-6595.384222490713
00939_00,00939,single,54748,5.991373030341621,5.987915330812251,-2267.704848579131
00969_00,00969,single,64788,4.028067507488915,4.034932583692042,3586.217294034548
00970_00,00970,single,64663,3.709394125433235,3.727452401305867,8684.022740118206
00987_00,00987,single,65055,4.412271426908261,4.614125813711749,118531.37318665627
00989_00,00989,single,65498,2.6437875858003586,2.63519929241707,-2969.5147940450697
01012_00,01012,single,65044,4.987174038699105,4.997259970725138,6550.08188013616
01064_00,01064,single,46953,7.50833482977101,7.589630089284919,57629.782412764616
01076_00,01076,single,24521,4.814150988968591,4.828000942912427,3274.6167348762974
01077_00,01077,single,63432,4.048650516616816,4.079600454379691,15957.516033665393
01087_00,01087,single,61214,6.849968497989444,6.745571604074364,-86882.99870471563
01089_00,01089,single,65338,8.79240101014335,8.742081282417873,-57649.70202664845
01096_00,01096,single,60617,5.395928039671944,5.413680019746247,11631.91414413508
01099_00,01099,single,59279,6.310882289941155,6.306265624367878,-3452.9515056489035
01107_00,01107,single,50439,5.646969812108042,5.728112924016561,46555.681790716946
01108_00,01108,single,64548,3.3948843053674325,3.395728125492259,369.8636178347515
01137_00,01137,single,63867,4.262735547305113,4.256960799009708,-3142.1990444483235
01140_00,01140,single,53838,6.6483759161585185,6.663024668408811,10498.162844155915
01143_00,01143,single,65003,5.964363056484693,5.941378762968678,-17787.750127967447
01152_00,01152,single,59649,5.355522178883071,5.380213010616397,15811.412810733542
01156_00,01156,single,65335,4.176137631931205,4.17110610779785,-2744.028076061979
01161_00,01161,single,31592,10.635382524039036,10.74879612243967,76618.70805960428
01197_00,01197,single,53826,7.891388759286295,7.892419393438993,875.6053983354941
01199_00,01199,single,65089,7.757724485026268,7.811597949570291,54594.917937329505
01221_00,01221,single,64696,5.571473197326738,5.519820759749131,-37063.84469012171
01222_00,01222,single,59650,5.6044002561449435,5.600070491983815,-2893.7835028180853
01238_00,01238,single,50953,5.566706038855172,5.555626984667319,-6278.679871687898
01259_00,01259,single,48796,16.549417770804826,16.579420194182212,48500.560842476785
01264_00,01264,single,63592,3.785178422986546,3.7385731094106878,-22298.3312696208
01270_00,01270,single,63973,6.321063565355699,6.341155758642198,16275.483400534838
01283_00,01283,single,51149,7.641964377720054,7.721395547647013,62418.64141520299
01295_00,01295,single,62127,4.5767144590182625,4.484637263611012,-51835.28056889679
01306_00,01306,single,61996,6.312317743047674,6.414053700221608,80268.05504986411
01307_00,01307,single,19928,10.224483574703738,10.334702666588843,45157.14367994666
01320_00,01320,single,65427,4.537771912609017,4.478194526393912,-35143.96352567966
01334_00,01334,single,24111,7.279890846443823,7.152616430738957,-44289.229011957534
01344_00,01344,single,61796,6.329183821131937,6.151504335022067,-137036.4772881372
01360_00,01360,single,63800,5.219183712310134,5.201094105695535,-12026.218753414229
01365_00,01365,single,42438,9.252485869852253,9.341537230052065,70269.81853789743
01367_00,01367,single,51597,12.766159523295931,12.808019633208083,55236.54662701115
01373_00,01373,single,36675,4.053300134934128,4.052683546176738,-183.3037920165807
01395_00,01395,single,38763,3.519746981140637,3.506042556807505,-3732.2722399681807
01404_00,01404,single,65271,2.0753099687247056,2.0740177630478525,-349.9690589522943
01411_00,01411,single,60391,10.274497219824195,10.136403478825594,-170219.13757278956
01412_00,01412,single,63208,13.969671260868541,14.049027973545428,140541.20962556824
01423_00,01423,single,65277,4.374423187356787,4.391556591788416,9804.022919984534
01432_00,01432,single,65085,6.061047876400672,6.057183288637404,-3048.058629005216
01446_00,01446,single,46917,3.9600777552872977,3.989448696258747,10954.419130499475
01450_00,01450,single,65046,4.20060707622769,4.232728117886538,17620.149046566337
01458_00,01458,single,61870,5.485623441366528,5.437322643801108,-32641.808165017515
01470_00,01470,single,48401,7.100090012682289,7.201418490458936,70140.3133382881
01476_00,01476,single,64430,7.053811418699781,7.203067063707048,137101.85942092258
01486_00,01486,single,44303,9.499580888469893,9.487634291706792,-10049.36482895445
01496_00,01496,single,27452,6.805211378785901,6.815688508595834,3917.6182658851612
01514_00,01514,single,63853,4.109590074528362,4.115267296265761,2981.573631517589
01533_00,01533,single,46510,7.078723806143028,7.254448243945393,117144.20680582989
01534_00,01534,single,65042,6.2153172719550085,6.232172384464663,13646.061271633022
01541_00,01541,single,65509,1.349192175784122,1.362921471823483,2439.2545497063547
01544_00,01544,single,60552,3.808688206828761,3.8197435998774294,5106.671810292639
01545_00,01545,single,47263,5.998140498517156,5.912592655920053,-48158.04424936394
01555_00,01555,single,55258,8.432172851813224,8.416013051652328,-15044.726385906339
01565_00,01565,single,65048,4.255059460303851,4.346923714290994,51401.89017319027
01572_00,01572,multi,59608,6.915140419739826,6.939708548602995,20289.83090582397
01572_01,01572,multi,63262,4.452244403113121,4.470108474420259,10083.301587581635
01572_02,01572,multi,55251,6.07341213756049,6.080805834489857,4965.109241062775
01572_03,01572,multi,52758,7.5916560494513785,7.579921401973004,-9392.670980050229
01572_04,01572,multi,60749,6.965648463240335,7.010533184224268,38108.88126327004
01572_05,01572,multi,47429,9.454020561580247,9.442816771991735,-10041.487145803869
01572_06,01572,multi,64237,5.263183983754523,5.268643336490669,3693.432238624431
01572_07,01572,multi,59941,6.023027517779822,6.074677951675699,37454.237946052104
01572_08,01572,multi,29857,12.936222641862864,12.902858086355332,-25740.001646227203
01572_09,01572,multi,62591,6.112294083405037,6.1425131040670315,23179.21684815269
01572_10,01572,multi,61021,5.315551239276434,5.364058308788352,31611.10909301229
01572_11,01572,multi,61628,5.371356734155621,5.365528829229489,-3856.2826325474307
01572_12,01572,multi,63227,8.477656661203687,8.494747337103952,18340.24678426422
01572_13,01572,multi,62328,6.560787177805026,6.615854559826443,45225.394026079215
01572_14,01572,multi,63758,5.3542559440444375,5.369163611564761,10192.428694654256
01572_15,01572,multi,63401,5.252641994770962,5.2871622756376055,23067.62987119984
01572_16,01572,multi,62757,4.674648179371299,4.646513125159802,-16458.10976787191
01572_17,01572,multi,62068,4.6543312819979334,4.652094355741256,-1292.1184571972117
01572_18,01572,multi,60538,6.026456556183733,5.989036217614523,-27219.32606881298
01572_19,01572,multi,60524,4.952602100685676,4.924064390447371,-17059.140088597313
01572_20,01572,multi,55568,6.2546565180754055,6.363527028846675,76336.4337405935
01572_21,01572,multi,11100,9.023356662620401,9.185671112155571,32807.03035015054
01572_22,01572,multi,48524,7.877771964598817,7.847012360834658,-23470.48306891229
01572_23,01572,multi,19631,10.9578584745085,10.913968862738052,-18844.70013295021
01572_24,01572,multi,60283,6.77982416615794,6.823465679112703,35788.09708703868
01572_25,01572,multi,55669,6.117574915301366,6.1185110119896216,637.6416059713811
01572_26,01572,multi,52213,7.352519772684073,7.364045360124539,8856.2154630078
01572_27,01572,multi,42421,9.25626262214255,9.233392266265568,-17938.35562796984
01572_28,01572,multi,54428,6.451005107785638,6.5802094544740966,91639.85559341405
01572_29,01572,multi,42384,13.351271290882956,13.318228927480831,-37349.769108762965
01572_30,01572,multi,48329,8.263258014736067,8.282683147766841,15533.284132244065
01572_31,01572,multi,62002,4.981189781006064,5.033729743592667,32624.429189070128
01572_32,01572,multi,54807,5.039381797606958,5.069900976153046,16909.439614842646
01572_33,01572,multi,60977,6.849713178120288,6.830727613501037,-15837.610642286949
01572_34,01572,multi,50281,17.189961155525825,17.328429435700947,240328.2052914817
01572_35,01572,multi,61444,5.359375658956012,5.400804492271187,27390.61138472054
01572_36,01572,multi,62766,6.497192137611107,6.531083463779082,27714.047226370312
01572_37,01572,multi,61331,7.385678082262323,7.447187489332222,55955.99816753203
01572_38,01572,multi,49880,8.434729347715965,8.474682296548158,33697.97320730332
01572_39,01572,multi,62210,5.158499150465518,5.22614586884899,43701.72604529932
01572_40,01572,multi,61729,7.278783653779109,7.315723344306449,33279.126867332496
01572_41,01572,multi,63444,6.8751101522590545,6.923496730537298,42359.48875330016
01572_42,01572,multi,59606,6.558015188313684,6.5576212874301945,-307.940140966326
01572_43,01572,multi,63877,5.611923081008798,5.679011995324124,48386.60877723177
01572_44,01572,multi,32929,10.281144975296783,10.299855394059772,12680.270851954818
01572_45,01572,multi,60648,6.432439099623513,6.40251828035159,-23290.79942894727
01572_46,01572,multi,57833,9.605937514216684,9.565802809845398,-44499.72504523769
01572_47,01572,multi,61431,6.804870155753256,6.836556343317729,26553.230228726752
01572_48,01572,multi,55414,6.392107837252936,6.452781564156463,43186.75192761421
01572_49,01572,multi,45870,9.364193575349276,9.369163916073765,4271.009351663291
01572_50,01572,multi,63036,5.379286375009071,5.4277809846374225,33036.1913509632
01586_00,01586,single,64502,5.1260674471036065,5.210101811877459,56026.01263967622
01597_00,01597,single,57703,4.596430809461076,4.5820771704929575,-7602.081147020683
01623_00,01623,single,62856,4.881206591738699,4.971292878005655,55789.41971098911
01631_00,01631,single,58908,9.288319322119644,9.29412110126809,6350.943075348623
01634_00,01634,single,64081,5.251481270933613,5.209224309365208,-28326.213604174554
01650_00,01650,single,53167,5.123690380670054,5.02817961324452,-51551.40873120539
01661_00,01661,single,65039,2.859988929897426,2.843415871209583,-6147.6724534397945
01666_00,01666,single,58255,8.693356693950332,8.564733388921406,-129314.01703602262
01669_00,01669,single,65079,3.708887125140523,3.7134070020906944,2183.2609299346805
01674_00,01674,single,31774,7.386807629280956,7.308892613035013,-36381.729586591944
01686_00,01686,single,65042,6.980153684034756,6.94281904669942,-33809.42592333816
01713_00,01713,single,64658,2.988593648454517,2.9779207145224524,-4117.435250998475
01715_00,01715,single,64325,7.143322092742352,7.136991867757377,-5814.825634540059
01735_00,01735,single,64027,4.287830233013023,4.289564848839048,952.624775425531
01764_00,01764,single,50979,10.771873388226888,10.786226163086868,15773.848223186098
01765_00,01765,single,57394,12.56709271538929,12.433762161348948,-191315.88730115257
01768_00,01768,single,53146,6.255505298882947,6.228077053103027,-18197.33734678477
01771_00,01771,single,60801,4.685057878703233,4.66186906369146,-13178.261659741402
01783_00,01783,single,56778,9.361808668265125,9.26098132194985,-106611.28385285847
01788_00,01788,single,51943,5.267103185374959,5.159701773975985,-58168.553935403936
01790_00,01790,single,63679,12.352679750057918,12.43020040558361,122339.14696864784
01812_00,01812,single,44842,6.296359071255694,6.306062460888962,5483.558069590479
01814_00,01814,single,61557,6.603071397420361,6.670575353084671,55156.52854633238
01841_00,01841,single,65080,3.544640296697535,3.5308078211975666,-6369.442255254835
01850_00,01850,single,63210,3.7237365399204254,3.7272710878137567,1664.694976865314
01860_00,01860,single,65075,3.1274958595538207,3.1321673429079646,1902.9174528690055
01917_00,01917,multi,65051,4.891780172707071,4.801870692314468,-56695.27141152229
01917_01,01917,multi,59295,8.392569426133168,8.371684454282928,-20760.42293884512
01917_02,01917,multi,65057,4.009906701148632,4.038789252290772,15123.597324411385
01917_03,01917,multi,65062,11.1520173956676,11.229524065682371,112864.2712127436
01917_04,01917,multi,65097,3.4218942597857036,3.4250917650047494,1425.18642821908
01917_05,01917,multi,65041,4.141589740759363,4.144494002679573,1565.2088997000828
01917_06,01917,multi,65194,4.115457075611839,4.129304559116721,7443.146872951649
01917_07,01917,multi,65286,3.5728799626264354,3.5657042434044106,-3344.2411339506507
01917_08,01917,multi,64648,4.713291220878363,4.718572683035508,3220.377558829263
01917_09,01917,multi,65482,4.489638162086139,4.4545175332076745,-20569.4921800578
01917_10,01917,multi,65071,4.109951049118832,4.1650052302943195,29644.456781591056
01917_11,01917,multi,64898,4.200892149996278,4.190814842782582,-5488.151899321005
01917_12,01917,multi,65188,2.899782821782368,2.8945200153213184,-1987.8620638940483
01917_13,01917,multi,64377,5.411103140485227,5.424746222384154,9517.133900705725
01917_14,01917,multi,59659,5.495906911652654,5.469274062824866,-17422.456839280203
01917_15,01917,multi,65083,4.418356359969324,4.4069285099041,-6563.882982606068
01917_16,01917,multi,65204,5.938572542427881,5.921091763007363,-13517.843921953812
01917_17,01917,multi,65049,4.497964318210386,4.496582848867306,-808.2787846699357
01917_18,01917,multi,65214,3.639920103627935,3.635882676937503,-1915.695183490403
01917_19,01917,multi,65040,3.5341189955239796,3.552265462971351,8363.678632012568
01917_20,01917,multi,65206,2.652735144621141,2.677199639282223,8502.481666386127
01917_21,01917,multi,65178,2.793274992987326,2.787808185303048,-1988.6269524646923
01917_22,01917,multi,65118,5.608168768765649,5.675517020751532,49485.54591096286
01917_23,01917,multi,61521,5.873062884525937,5.923210803175323,36393.274985327385
01917_24,01917,multi,65296,4.545208772765453,4.542035904785439,-1882.6552559453994
01917_25,01917,multi,65049,3.45592671834969,3.460690502059295,2143.3169627637835
01917_26,01917,multi,65357,3.451611037069257,3.476280705880622,11170.086105636321
01917_27,01917,multi,65150,3.5362242246651405,3.5306106723834128,-2584.5035725338385
01917_28,01917,multi,58453,6.718416943810218,6.66821311956242,-39283.92452277336
01917_29,01917,multi,65396,5.556127347940915,5.564432609234761,6039.9193774312735
01917_30,01917,multi,65489,2.0232981226417333,2.0330856876560977,2600.0521541330963
01917_31,01917,multi,62876,7.135838834628629,7.202878679014415,60440.52271234151
01917_32,01917,multi,65148,5.327636780398428,5.276693053872806,-35194.51830290165
01917_33,01917,multi,65039,5.860660745929866,5.702875691133624,-118667.11754941009
01917_34,01917,multi,65088,3.641149189627563,3.62485160664034,-7707.607118641026
01917_35,01917,multi,65252,4.28442849789787,4.27044888493121,-7803.739517743699
01917_36,01917,multi,65211,3.1987205811692148,3.204588820827654,2450.3785901051015
01917_37,01917,multi,65044,4.345302539854601,4.35751792593823,6914.71784612909
01917_38,01917,multi,65442,1.9491519801224546,1.9596092857764111,2674.949032768607
01917_39,01917,multi,64751,3.9916617328320863,3.95065883241412,-21086.692762956023
01917_40,01917,multi,65211,2.9634867845173893,2.959963459010892,-1360.9694377593696
01917_41,01917,multi,65046,4.116404377396332,4.089779565005505,-14211.777467183769
01917_42,01917,multi,65481,1.9604985959998238,1.972925424270771,3200.7102857837453
01917_43,01917,multi,61903,6.137367746356319,6.195097802775274,44072.08424864616
01917_44,01917,multi,65073,3.0976881519785895,3.1035136385314552,2350.763273032382
01917_45,01917,multi,65040,4.952381166547196,4.975650853606006,15025.683772151358
01917_46,01917,multi,65094,3.808764103024168,3.7842020432818115,-12139.958622453734
01917_47,01917,multi,63182,5.923736659962033,6.005032609636797,61271.415886032395
01917_48,01917,multi,65041,4.001455697926325,3.972654759912916,-14937.437101840973
01917_49,01917,multi,65159,2.7844715642455165,2.7900139586198023,2013.152281650342
01917_50,01917,multi,63096,7.740802192353747,7.671592253707368,-67303.92738626245
01918_00,01918,single,59683,6.361230249733962,6.3859642175215585,18817.375323063694
01922_00,01922,single,64069,2.824855494164331,2.8538969616046197,10566.214922936633
01925_00,01925,single,62773,5.940644059978235,6.011834122818545,53413.399622881785
01949_00,01949,single,42924,5.223124620336796,5.238237174011751,6786.19390033558
01969_00,01969,single,65502,1.6910070652714322,1.734900262739496,9849.799507100135
01977_00,01977,multi,42637,5.072020950621096,5.079171865896929,3095.033464441076
01977_01,01977,multi,60522,3.584819947462294,3.582743745258613,-900.646736651659
01977_02,01977,multi,58959,5.021209212914156,5.1617095366466,84352.84063179791
01977_03,01977,multi,41633,5.5005824080573715,5.466877846695777,-15389.781548332423
01977_04,01977,multi,47579,7.179336769993835,7.12914795318769,-34167.713078466244
01977_05,01977,multi,40309,5.619154227126042,5.584825246241228,-15503.695836930536
01977_06,01977,multi,60591,4.486733908762302,4.556892745733824,38444.40346894413
01977_07,01977,multi,52667,7.076252362470326,7.121212088874629,33618.089619383216
01977_08,01977,multi,39631,6.032880230938702,5.997883315498753,-16686.220962752588
01977_09,01977,multi,59807,4.959527506233358,4.955298882042202,-2507.4727505743504
01977_10,01977,multi,60520,8.038778836922107,8.12224130514504,81631.71389107779
01977_11,01977,multi,38857,5.656765400002377,5.617989155376181,-16987.994441221468
01977_12,01977,multi,35292,4.5017771791692365,4.551442600931398,15868.411791724036
01977_13,01977,multi,39275,4.985305483729929,4.977475466387274,-3063.7935627950355
01977_14,01977,multi,60457,3.5676016147366276,3.583352492032732,6809.501688061282
01977_15,01977,multi,39706,5.1783073219703315,5.117484255152635,-24864.755605460145
01977_16,01977,multi,32378,7.967577878947482,7.9407448994605305,-13821.122351255268
01977_17,01977,multi,41930,5.232360133018274,5.157910029466896,-32435.231991733424
01977_18,01977,multi,43904,5.3497355579953085,5.343294920201424,-3023.6656801998615
01977_19,01977,multi,64944,9.138825732322651,9.022749995838188,-136909.63347011246
01977_20,01977,multi,40928,4.467614809308826,4.461902811270356,-2087.548484588973
01977_21,01977,multi,58055,6.26770411397731,6.316091897827644,35349.80569336191
01977_22,01977,multi,59929,6.750300778927139,6.752968950462709,2159.1843339102343
01977_23,01977,multi,60894,4.642807676933283,4.6103217354860915,-18304.53059625253
01977_24,01977,multi,42755,6.892616764979692,6.735164658138218,-91740.3824460581
01977_25,01977,multi,37770,8.14249429248261,8.1429788221739,298.0353369982913
01977_26,01977,multi,55277,12.131702741408189,12.111014461347432,-27723.633374890313
01977_27,01977,multi,47850,7.329439307235934,7.312721544417902,-11712.922642709687
01977_28,01977,multi,56147,6.612664982397023,6.578345298919277,-25418.381226710044
01977_29,01977,multi,46892,6.15357276551567,6.149846544569049,-2149.7758732251823
01977_30,01977,multi,11181,7.171866204537381,7.163214641842572,-1386.6771314265206
01977_31,01977,multi,39561,5.83860788039484,5.87938638210737,18903.91721667908
01977_32,01977,multi,40245,5.272987415420116,5.285222167378971,5198.731398473494
01977_33,01977,multi,65213,9.429653780825438,9.346397384383685,-101942.680576941
01977_34,01977,multi,60474,7.439028027062357,7.382193399848161,-50940.79365331866
01977_35,01977,multi,44599,10.076466666691221,10.078442115758069,1775.7089953068644
01977_36,01977,multi,43941,9.683684972385382,9.715200268255838,26863.840413429774
01977_37,01977,multi,38846,5.739120671436078,5.64005788259148,-43789.27634358406
01977_38,01977,multi,59739,6.258920127282428,6.215455441486649,-32390.176029095426
01977_39,01977,multi,39533,6.836945672827362,6.767920532092112,-37124.56284446083
01977_40,01977,multi,60023,3.6835422377841067,3.6869132416621593,1491.3214944358915
01977_41,01977,multi,38562,4.858957213048088,4.862813643330884,1445.7407265733927
01977_42,01977,multi,37516,6.530568986050873,6.47454796031113,-27332.656629878096
01977_43,01977,multi,57832,4.541628809391111,4.543420201107658,941.2089493274689
01977_44,01977,multi,43684,5.427456040905658,5.404753518792684,-10742.702751951292
01977_45,01977,multi,59226,6.817865418634809,6.794242471320714,-19044.600475872867
01977_46,01977,multi,59482,7.323879976649293,7.248640166425627,-65218.06637200713
01977_47,01977,multi,60328,9.424001676280824,9.185958426398262,-267251.55490722694
01977_48,01977,multi,60790,4.01393622795721,3.989939655902117,-11675.666873672977
01977_49,01977,multi,44845,6.159863684407817,6.129660226538223,-16645.841447432525
01977_50,01977,multi,12830,5.856786734135398,5.903894419326841,7108.056911264546
01994_00,01994,single,61832,7.74012062320792,8.048718852003498,301270.72507419344
01999_00,01999,single,30687,4.329844086762495,4.314205011545015,-4148.420070640743
02008_00,02008,single,64353,9.077760763008078,9.372639648516124,350121.0883029727
02009_00,02009,single,60884,4.808526571889228,4.807776187608132,-439.33422140963376
02016_00,02016,single,65505,2.0240712941907546,2.010856170802793,-3492.8618227159604
02019_00,02019,single,62987,10.185354973500802,10.263640131738706,100832.91642341949
02037_00,02037,single,56884,5.462302359627865,5.486160069838596,14858.399093739688
02041_00,02041,single,62229,6.107252250514725,6.174936583255009,51731.69925191905
02047_00,02047,single,63693,6.369424585703159,6.475570452041757,86841.7830495676
02050_00,02050,single,65405,1.681206415764708,1.6937889658281644,2777.491892516613
02056_00,02056,single,65511,3.5467208344925187,3.6512548862782865,49292.675391212106
02089_00,02089,single,65423,7.149015976601202,6.917222671520888,-213309.07106656674
02111_00,02111,multi,65501,2.1132660841716557,2.107276186485353,-1655.9056536341086
02111_01,02111,multi,65501,1.2297547891341971,1.193137939792749,-5811.163439375348
02111_02,02111,multi,65501,1.226072240482854,1.2173886426060438,-1389.8022967698053
02111_03,02111,multi,65501,1.7490498728119135,1.7349053648250807,-3227.812819669023
02111_04,02111,multi,65501,1.1649045059231968,1.1841405092088753,2959.7437509559095
02111_05,02111,multi,65501,1.9568737836577363,1.9738923522051595,4381.755742736161
02111_06,02111,multi,65501,2.784041173280848,2.7722777624401003,-4281.22804866638
02111_07,02111,multi,65501,0.9761196728337481,0.984333091843591,1054.6984123671427
02111_08,02111,multi,65501,1.286878804769012,1.28028329597667,-1109.0459152879193
02111_09,02111,multi,65501,1.315348157140696,1.3096076516792297,-987.0066103329882
02111_10,02111,multi,65501,1.3857231226534525,1.397410958784146,2130.669916135259
02111_11,02111,multi,65501,1.4134549843757358,1.4311274140239105,3292.7799622593593
02111_12,02111,multi,65501,1.3345144416821246,1.347214161488413,2230.7807788206264
02111_13,02111,multi,65501,2.08962463647755,2.087925039202309,-465.06705916300416
02111_14,02111,multi,65501,1.5941109935017361,1.5952574338170427,239.4992021471262
02111_15,02111,multi,65501,2.3121161614383148,2.2806217959216952,-9474.416246168257
02111_16,02111,multi,65501,2.1949236860549264,2.2026306448525816,2219.944829308428
02111_17,02111,multi,65501,1.9576518066190276,1.9591482130804903,383.9095393065363
02111_18,02111,multi,65501,1.2408766495688326,1.2339566988833082,-1121.7520952895284
02111_19,02111,multi,65501,1.900504644589555,1.8924890306549953,-1991.4382318556309
02111_20,02111,multi,65501,1.0554558289705918,1.049351053150005,-841.6468569179997
02111_21,02111,multi,65501,2.0731809874058347,2.127212728110618,14865.752212792635
02111_22,02111,multi,65501,2.6242946486630014,2.59450072459124,-10184.64523623325
02111_23,02111,multi,65501,0.924794304556583,0.9155528332247778,-1114.009260606952
02111_24,02111,multi,65501,1.0201550250439795,1.0161173404051793,-538.5378019260243
02111_25,02111,multi,65501,2.0436654985087657,2.052189437974822,2286.824592711462
02111_26,02111,multi,65501,2.608497317764964,2.59605902172423,-4240.260455299169
02111_27,02111,multi,65501,1.21429140380051,1.2113100599955182,-473.6738808359951
02111_28,02111,multi,65501,1.979531364319266,2.017015464386685,9812.50576892402
02111_29,02111,multi,65501,1.2660471508312163,1.239839142613845,-4301.731575650163
02111_30,02111,multi,65501,1.260503539457909,1.2406811166292815,-3247.509438105859
02111_31,02111,multi,65501,1.1974281514269105,1.2031709617687383,903.0089307921007
02111_32,02111,multi,65501,1.2760097700685076,1.2316824162981193,-7281.0491537051275
02111_33,02111,multi,65501,3.4226940244293713,3.420847186664039,-827.8612673105672
02111_34,02111,multi,65501,3.8369321120324105,3.7842055297278296,-26320.6952800852
02111_35,02111,multi,65501,2.688908009867073,2.641778505643472,-16455.98736102041
02111_36,02111,multi,65501,2.7950020142564282,2.769183770638453,-9409.710178025067
02111_37,02111,multi,65501,0.9729896284286015,0.9805647209722538,969.3070499226451
02111_38,02111,multi,65501,1.0962616444788242,1.1077562526237943,1659.423430018127
02111_39,02111,multi,65501,3.231430556557529,3.1980728144733535,-14048.24281801749
02111_40,02111,multi,65501,2.8676237199910295,2.858902134358516,-3271.4072022018954
02111_41,02111,multi,65501,1.1329117734776346,1.1064900624646226,-3875.6174127366394
02111_42,02111,multi,65501,1.2348172439122416,1.1934682842679487,-6576.7641673553735
02111_43,02111,multi,65501,2.3184923746406136,2.2727664153139884,-13751.261120742187
02111_44,02111,multi,65501,2.100919143916063,2.092055881265694,-2434.242413656786
02111_45,02111,multi,65501,2.9778868436350807,2.9409377287560385,-14324.762749687769
02111_46,02111,multi,65501,1.151092197233399,1.1633992321775912,1865.764996463433
02111_47,02111,multi,65501,2.241904371646526,2.2472779498542157,1580.0788081744686
02111_48,02111,multi,65501,1.395336025334903,1.3850226754232187,-1878.2288713520393
02111_49,02111,multi,65501,2.275751508861266,2.2659748641781787,-2908.430750149302
02111_50,02111,multi,65501,1.4538064368588766,1.4352442246630073,-3512.633355429396
02114_00,02114,single,65052,5.821177340077046,5.875748873954303,41523.9409333393
02115_00,02115,single,45869,4.4472980538836255,4.458313291450908,4499.630771305412
02117_00,02117,single,55994,7.009446614229794,7.014131886899776,3679.0459631197155
02121_00,02121,single,65515,2.4721914988882374,2.4891712126607692,5519.148616811261
02136_00,02136,single,60207,6.063682821651078,6.057063008361945,-4830.833533567376
02141_00,02141,single,63230,8.936612442540763,8.994137196511353,65219.33982530981
02145_00,02145,single,11743,5.282672009398914,5.295635280204462,1610.3112729638815
02155_00,02155,single,65500,1.2318755998207473,1.2331290363223772,202.3771045897156
02157_00,02157,single,64732,2.9040085731967076,2.911165093331717,2693.9132859585807
02160_00,02160,single,57050,8.174849668673243,8.129311566934888,-42357.37455467787
02170_00,02170,single,63852,2.7154414668612183,2.704148292989016,-3908.0213996535167
02171_00,02171,single,44729,8.560925809263566,8.549540717172787,-8713.398722125217
02182_00,02182,single,64369,2.745174346856969,2.7767131024147553,11210.08396891132
02187_00,02187,single,65236,3.898326000490393,3.931253534498351,16818.411380564794
02193_00,02193,single,65373,2.4998902657462643,2.4926364695946175,-2367.4682389525697
02202_00,02202,single,65066,3.0077606311992406,3.0102269068926293,965.7106383219361
02211_00,02211,single,62538,4.525639886917588,4.536006236462424,5874.58152317442
02225_00,02225,single,63017,2.5487809217350517,2.542986551747637,-1859.22739270702
02232_00,02232,single,61973,6.5712503881521505,6.5684676157331365,-2266.0331301884726
02255_00,02255,single,65079,2.8035764587199066,2.8475752827441743,16181.504893911944
02262_00,02262,single,60198,5.078402304903176,5.104340625713361,15899.691575785168
02274_00,02274,single,59841,5.32224093805938,5.331718679489147,6042.473367059603
02277_00,02277,single,63629,5.1406172486299075,5.124758788547718,-10358.35936749354
02280_00,02280,single,59450,6.675557536205681,6.70148872404315,20622.17647249438
02285_00,02285,single,64413,4.058800015495593,4.066198727530566,3872.1569622186944
02287_00,02287,single,64688,3.9493134335623274,3.8945621601012967,-27781.049346075393
02288_00,02288,single,64919,10.395357141518058,10.340594241909068,-73719.47312725242
02296_00,02296,single,65388,2.784321853066771,2.783126770872087,-435.0628976020962
02297_00,02297,single,61891,5.145543096881086,5.145329577677654,-135.99302845355123
02308_00,02308,single,65058,5.956342282543435,6.089269783817454,104170.42156491056
02310_00,02310,single,59050,8.294203503861509,8.279088040476502,-14792.791558016092
02319_00,02319,single,63119,7.700914562389608,7.89684953601451,192900.9738775501
02334_00,02334,single,61567,7.50991391754337,7.599869819089086,83682.74177127797
02341_00,02341,single,62180,7.339713252019691,7.3611944681524015,19636.032124905847
02348_00,02348,single,61119,3.4653323472665636,3.4736781348776296,3539.4934400292113
02383_00,02383,multi,51174,6.491310467671162,6.512903453892283,14369.649580559693
02383_01,02383,multi,44592,10.348739545524412,10.434571104205782,79546.06115251314
02383_02,02383,multi,62914,7.380908924591243,7.2544911760063036,-116401.86782010226
02383_03,02383,multi,62116,7.275133191580448,7.289657033290138,13139.814139273949
02383_04,02383,multi,33746,14.336498567567675,14.044081154603706,-280057.2339983536
02383_05,02383,multi,61455,10.375643842550906,10.449531050869883,94561.67105960008
02383_06,02383,multi,55063,9.94099647370335,9.845197106589952,-104372.18204546347
02383_07,02383,multi,47512,7.47856663041077,7.596949610590837,84793.93188171647
02383_08,02383,multi,47960,8.472992622753432,8.265167592914873,-166834.07067481428
02383_09,02383,multi,44413,10.858453570642869,10.990154664910815,127797.76852368936
02383_10,02383,multi,46848,10.214177284090068,10.021340200993313,-182808.30579716247
02383_11,02383,multi,55377,7.963673588376006,8.04158407791537,69053.87080155779
02383_12,02383,multi,48806,12.77785037293648,12.939620507521449,203048.515717566
02383_13,02383,multi,49801,9.376232259115447,9.456397162868244,75185.36278219149
02383_14,02383,multi,62380,9.241128954640436,9.047817216665276,-220542.4919754155
02383_15,02383,multi,58604,5.789312534549426,5.84144475880276,35533.78804974421
02383_16,02383,multi,58842,11.202044674486695,11.234652136949363,43049.02780249249
02383_17,02383,multi,56790,9.623448408810999,9.55576208402821,-73723.08966145571
02383_18,02383,multi,60291,14.544217942209231,14.37863805690104,-288736.20231220126
02383_19,02383,multi,47436,9.550214197529058,9.173089639554997,-334946.43482854636
02383_20,02383,multi,45740,16.19059860656427,16.22838789125955,56035.63079306483
02383_21,02383,multi,49537,6.635455852012705,6.791521396092025,103804.21429837681
02383_22,02383,multi,63074,5.231908862211559,5.210151500519537,-14329.888284302317
02383_23,02383,multi,48642,14.85684424888184,14.520477334628191,-480658.7933684252
02383_24,02383,multi,48940,15.227381833911723,15.411151799862976,275553.845314119
02383_25,02383,multi,43618,13.249942804099543,12.865841390345498,-437536.939857997
02383_26,02383,multi,62357,5.8679374418698185,6.002305854168635,99458.52611900773
02383_27,02383,multi,28704,13.055248350795988,12.993152884116878,-46428.36495811865
02383_28,02383,multi,58487,8.077092820527646,8.147961901021,67251.55236940738
02383_29,02383,multi,51327,6.265089881411951,6.233132585288122,-20500.486088500824
02383_30,02383,multi,49810,7.26600295941161,7.418830032018892,111785.59628317505
02383_31,02383,multi,60753,7.368191677317628,7.240709411296278,-113144.91788008483
02383_32,02383,multi,43826,12.696908658116719,13.056233157297656,405554.1806943957
02383_33,02383,multi,28678,10.639420159564391,10.741746618884676,62743.42305687163
02383_34,02383,multi,63268,5.27988155571426,5.18845300694063,-60554.09618259617
02383_35,02383,multi,42047,13.954658952964973,14.302964228300668,413838.31446774676
02383_36,02383,multi,63518,7.020177216030455,7.019082012532509,-976.6429745210335
02383_37,02383,multi,43474,11.87256062119826,12.363174946207614,516923.20814788993
02383_38,02383,multi,51089,8.435848880132337,8.4723912370488,31566.20436287718
02383_39,02383,multi,59198,7.811605867053374,7.808770101397011,-2622.218370628543
02383_40,02383,multi,52417,9.280015369229817,9.389745397149003,107383.21536259074
02383_41,02383,multi,61731,7.926230839166243,7.72320118176174,-196137.83356755134
02383_42,02383,multi,40420,11.644650848072379,11.504691257901317,-130959.68577750213
02383_43,02383,multi,31877,16.442475766458045,16.35203969644522,-94541.0328132119
02383_44,02383,multi,45701,10.742141694007767,11.020991412481036,277343.07841426134
02383_45,02383,multi,58903,9.295721690779851,9.21961385076419,-83003.88078575581
02383_46,02383,multi,46316,8.107541404930439,8.276260359303732,128029.36900389474
02383_47,02383,multi,49629,8.044065825911506,8.216816463767772,139411.72152316943
02383_48,02383,multi,63015,7.259877127385263,7.270365765205157,9603.640710362233
02383_49,02383,multi,47339,8.398369932627553,8.32245790435899,-60087.95865834318
02383_50,02383,multi,46658,16.665428891845043,16.698351556958745,51250.29361706227
02386_00,02386,single,65055,3.2671825073375467,3.2496552786768844,-7430.719107125886
02388_00,02388,single,48737,5.434352577312418,5.377232778736541,-30097.806196379475
02408_00,02408,single,65491,3.02003192589274,2.9967923337918196,-9157.51101386454
02421_00,02421,single,65175,3.214433257196481,3.2739060066320618,25149.688284572214
02423_00,02423,single,59213,6.2365717595684105,6.2909174398272825,40313.0940046208
02437_00,02437,single,64795,7.390645135413371,7.39101381516343,353.1132031204179
02473_00,02473,single,58380,6.585811574619364,6.56469073475046,-16215.024769687094
02490_00,02490,single,56337,14.496858756130644,14.609802447851614,185203.02956326492
02510_00,02510,single,62113,7.345077030664856,7.32152186516152,-21458.43677103147
02517_00,02517,single,53335,7.089675461138658,7.170497158784622,61470.26007849071
02519_00,02519,single,53385,10.556320834278653,10.611713541228136,62596.83398660086
02521_00,02521,single,36164,9.044516733160384,9.040865600229058,-2387.9861306129023
02547_00,02547,single,60977,6.001685625232924,5.9986275412482986,-2237.7318425923586
02552_00,02552,single,65171,2.696385364631968,2.699719700606636,1172.5844757957384
02564_00,02564,single,51741,8.915992165382603,8.879752716501025,-33368.184153121896
02585_00,02585,single,53859,11.146851254433553,11.07246220218241,-89022.12297684234
02593_00,02593,single,60326,9.180718787698968,9.28145204867216,112191.56040290464
02595_00,02595,single,47652,9.377529391843568,9.377446497394898,-74.0837727189064
02607_00,02607,single,61624,5.476090859471254,5.481168551632592,3428.6108598103747
02609_00,02609,single,20891,7.124620811110842,6.790586133397992,-97104.74538564403
02629_00,02629,single,61919,5.136681577138261,5.216900472206064,51427.00575764757
02630_00,02630,single,64787,4.000640920374005,4.01442907781064,7159.808776029386
02632_00,02632,single,54528,4.134548913151995,4.194573240199512,27261.270990916528
02634_00,02634,single,64124,3.821302980062726,3.8291653826889154,3857.1267347559333
02642_00,02642,single,65027,6.685110192788435,6.759477519692775,65016.46884536743
02649_00,02649,single,64709,3.0691856406160634,3.0912409129254774,8792.004400145262
02682_00,02682,single,65144,2.1702733085772623,2.1776662752019504,2093.999955688603
02687_00,02687,single,64321,3.6649802386571464,3.6902138265637405,11937.844842408784
02688_00,02688,single,57371,9.224236434135245,9.233869916168107,10201.472320634872
02704_00,02704,multi,57734,7.781756536747314,7.774743949567558,-6298.2780305650085
02704_01,02704,multi,65077,6.408243491397267,6.370863772430627,-31085.944797556847
02704_02,02704,multi,64331,3.9587820937360463,3.9636654681021977,2488.8555696019903
02704_03,02704,multi,49323,8.320052123878655,8.550945631414821,192133.00396306533
02704_04,02704,multi,65175,6.626175552004726,6.645949416220321,17104.605012786575
02704_05,02704,multi,65090,5.206308019308263,5.210047972903059,2535.690824376419
02704_06,02704,multi,62384,8.946019375399109,8.983215484522727,41603.75087998249
02704_07,02704,multi,49905,7.566548594497018,7.680632396033788,86807.57015078561
02704_08,02704,multi,65084,3.1493720653567294,3.1343344249946097,-6149.925030237064
02704_09,02704,multi,65243,5.850399745520941,5.909491465610527,45338.15664712526
02704_10,02704,multi,65407,4.774442715335722,4.784074365466748,6021.649166055955
02704_11,02704,multi,63390,6.964517863783557,7.072790162307037,96343.39324519131
02704_12,02704,multi,63727,8.432909388710987,8.476625316957266,47108.018406138755
02704_13,02704,multi,51597,6.642894935144119,6.717259506800949,51262.76301048137
02704_14,02704,multi,63000,7.772639116933371,7.8182034861554,44754.37525752932
02704_15,02704,multi,65479,3.6566509483187395,3.6210223365819436,-16978.272264569066
02704_16,02704,multi,65239,3.193936299239024,3.1903030983476564,-1513.2332361517474
02704_17,02704,multi,46247,4.7793797370773055,4.7387796921360374,-17871.584338918445
02704_18,02704,multi,65006,3.2937365972899317,3.2813906859442583,-5276.923059777357
02704_19,02704,multi,47646,3.472428595165793,3.5037690895518416,10417.201580476947
02704_20,02704,multi,65056,8.021443295051265,7.9930677479015255,-29562.780905394815
02704_21,02704,multi,65058,2.873883571755354,2.8991185349416777,9477.746743156575
02704_22,02704,multi,47650,5.764046298699459,5.797635171360327,18504.58429255616
02704_23,02704,multi,63268,6.994626825689375,7.023313635189167,25441.960054253228
02704_24,02704,multi,61881,8.919966665029156,8.925484378525569,6093.179872259498
02704_25,02704,multi,65224,5.388937573899414,5.37950348015268,-6626.137624716386
02704_26,02704,multi,64206,7.43455750596403,7.5102171113757334,72598.73547755182
02704_27,02704,multi,65310,4.802861818907852,4.831918656593813,18283.942845323123
02704_28,02704,multi,50136,5.782365076496426,5.913261791553663,76754.16188085452
02704_29,02704,multi,62156,10.9554984298847,11.070341588885428,157224.6615982065
02704_30,02704,multi,50070,4.153401392614966,4.165638745671075,5097.277775195427
02704_31,02704,multi,56557,9.396335178045272,9.435462275630528,41673.09659605194
02704_32,02704,multi,44228,4.376744924964307,4.45055228712026,28815.405427443795
02704_33,02704,multi,58804,9.045498056422371,9.129676459165813,89967.60085460544
02704_34,02704,multi,61782,7.3932985545973215,7.479737499268153,79427.52863409743
02704_35,02704,multi,63418,7.400973904222196,7.446201283475565,42585.11236051563
02704_36,02704,multi,65043,8.255478422916468,8.291034794137664,38267.00617408287
02704_37,02704,multi,62905,8.331755089364155,8.2257104429388,-110450.52251368575
02704_38,02704,multi,44449,3.8502322183165494,3.9329007059127825,28599.367917280644
02704_39,02704,multi,64228,7.611563146829804,7.702238842368613,89186.33582915692
02704_40,02704,multi,62471,8.4000212321371,8.453032988165052,55812.216025822796
02704_41,02704,multi,65302,5.139635275848689,5.150278034321421,7151.421979000792
02704_42,02704,multi,45036,4.136912365329847,4.139994169555259,1148.76952996396
02704_43,02704,multi,60304,8.2214839071535,8.243692832372561,22051.597594800405
02704_44,02704,multi,56774,8.329316051716907,8.399934362095312,67072.31523690186
02704_45,02704,multi,58230,8.167927822766126,8.101464412734568,-62965.22208855115
02704_46,02704,multi,64900,10.999525077267327,11.040111580726704,58053.81513615511
02704_47,02704,multi,65347,4.367932175665932,4.395381836523271,15719.220694537275
02704_48,02704,multi,65320,5.012853618648304,4.999836698732045,-8513.442224659026
02704_49,02704,multi,65337,3.385776076101663,3.388277477000843,1107.1108753429726
02704_50,02704,multi,64778,8.007020985180827,7.914072646843011,-95861.0235432596
02730_00,02730,single,65232,3.5456282783063235,3.5651285643900383,9045.186061687768
02739_00,02739,multi,64051,4.669926943556424,4.69541666426543,15290.25426570233
02739_01,02739,multi,60922,3.90396082273094,3.896354984381977,-3614.3768276795745
02739_02,02739,multi,60320,3.7639773320162058,3.7550521489949302,-4047.997644186951
02739_03,02739,multi,64185,4.629639190100794,4.6292233096116595,-247.14949432201684
02739_04,02739,multi,60231,6.931568851825465,6.908074809362422,-19584.060010581277
02739_05,02739,multi,61307,4.504977429487257,4.49835518991844,-3655.2597801657394
02739_06,02739,multi,64549,3.4945515355100216,3.509686654657537,6842.838169699535
02739_07,02739,multi,63409,3.3888230725262734,3.38180706224771,-3012.105718472041
02739_08,02739,multi,62593,4.025215294059027,3.9797584319054073,-22776.402632092126
02739_09,02739,multi,62438,4.430811845675087,4.4426463952441235,6556.8255079118535
02739_10,02739,multi,61148,5.132596858259047,5.1113783118853,-13291.267608958296
02739_11,02739,multi,63087,4.395112456933679,4.408038745252073,7178.800354779698
02739_12,02739,multi,63576,3.3578858379906777,3.314354975667591,-18465.547239725478
02739_13,02739,multi,58484,6.463079146251064,6.399570300737596,-47775.112700161524
02739_14,02739,multi,64064,3.947697703226406,3.9666491063414258,9608.829744446208
02739_15,02739,multi,60760,4.119753145345564,4.123966833463791,2110.587608824484
02739_16,02739,multi,62633,3.1775430451423627,3.183421484266263,2342.0071304002777
02739_17,02739,multi,63524,5.204449660250198,5.211435214442798,4622.05250173714
02739_18,02739,multi,62457,4.633638028725039,4.631528120977924,-1220.9497730769217
02739_19,02739,multi,62155,3.2038849318735902,3.198419259436487,-2174.983547369018
02739_20,02739,multi,55101,7.680794285627115,7.686706751027453,5006.4668409228325
02739_21,02739,multi,63173,3.382286454149263,3.3710286295108203,-4802.893908410333
02739_22,02739,multi,62513,4.165531417942594,4.166547643915625,529.3147715777159
02739_23,02739,multi,63076,8.247148647461517,8.261176801069793,14607.223668783903
02739_24,02739,multi,55376,6.310630589174755,6.338427423231422,19470.410176141188
02739_25,02739,multi,63054,4.270128888880344,4.278113326462635,4303.618760569021
02739_26,02739,multi,62356,6.434424168920674,6.4704906102833,29022.62446415238
02739_27,02739,multi,47711,10.591771620850432,10.674663717180064,84105.8767096242
02739_28,02739,multi,60013,6.794699465552488,6.701540745647374,-75453.89249843918
02739_29,02739,multi,65040,4.8731696983285575,4.922000252325727,31108.86453015427
02739_30,02739,multi,58934,6.188964977615634,6.18075137846935,-5987.688017572276
02739_31,02739,multi,63119,7.332771292550505,7.309788763513126,-21240.99912955193
02739_32,02739,multi,64300,4.697969061343823,4.694243573843692,-2249.8937005735934
02739_33,02739,multi,63145,4.048963826789967,4.029598342715101,-9878.736387327313
02739_34,02739,multi,61278,3.9422572510953224,3.923219992070733,-9175.591706921346
02739_35,02739,multi,60870,4.27713498170497,4.2782211147903855,565.6195809580386
02739_36,02739,multi,57439,9.447465491092721,9.465585772564136,19684.908913336694
02739_37,02739,multi,61329,3.1470195215511483,3.139085531636722,-3058.7160508306697
02739_38,02739,multi,64523,3.552029658576158,3.5684153552808677,7528.121169180609
02739_39,02739,multi,64931,4.179632194423307,4.1452302336975455,-18595.692349742167
02739_40,02739,multi,65032,4.65549516727307,4.6659800895007235,6355.898820606992
02739_41,02739,multi,61548,6.054834753590569,6.083476739821943,21398.107002818957
02739_42,02739,multi,65044,3.0055943746974787,3.0552774711175825,19586.236626592465
02739_43,02739,multi,62647,3.5326907426834433,3.521048149675423,-5144.810394519009
02739_44,02739,multi,52573,8.199288441091474,8.203426437658633,3568.359667251818
02739_45,02739,multi,64157,4.324554603441897,4.30284710080248,-12015.280954243615
02739_46,02739,multi,63005,7.132987848353597,7.098851113781098,-30609.625217668712
02739_47,02739,multi,62615,3.9640754442977895,3.9380645471098377,-12869.996731433086
02739_48,02739,multi,63676,3.783874820160337,3.7900639436774473,2984.878883530386
02739_49,02739,multi,58789,7.9869681514416095,7.8437318145970965,-133305.90775561146
02739_50,02739,multi,63397,3.6497879402548996,3.6648546355037728,6986.824277979322
02742_00,02742,single,64920,5.232891379128539,5.267469626542259,23571.41852472257
02754_00,02754,single,57465,8.32459030083113,8.30081125366926,-22717.99517257791
02759_00,02759,single,51665,5.44354263931929,5.397299476434954,-25900.430576333776
02782_00,02782,single,65109,4.5778516679283,4.530281962739411,-28209.856620319188
02799_00,02799,single,65296,1.6980810086196148,1.6885441442042866,-2108.91616335421
02809_00,02809,single,51631,3.6586522345612904,3.63031351943309,-10664.895440259948
02815_00,02815,single,65097,6.275541692170424,6.227186490324602,-39355.81989637297
02828_00,02828,single,63686,4.628471356256332,4.798309132310147,101962.77838751301
02841_00,02841,single,64346,3.993249070995542,3.948352489549786,-22942.615284857224
02844_00,02844,single,40849,6.713376874405959,6.734185166501483,11430.399815077893
02849_00,02849,single,65050,7.4313270620148435,7.3443001508594925,-83646.31164659746
02854_00,02854,single,61182,3.758080770380426,3.797520742479175,18231.79015798308
02856_00,02856,single,57865,6.7363707069018535,6.741964045954424,4362.378474954516
02860_00,02860,single,65046,7.9116076387648215,7.818518425494167,-95247.18693081429
02868_00,02868,single,64926,4.32592896246469,4.311729470742599,-7963.197235740721
02873_00,02873,single,63355,8.46041679233559,8.25163664958112,-221054.7753500715
02878_00,02878,single,64448,4.650332260543732,4.695437512505675,27167.62262364477
02897_00,02897,single,61289,5.463421477679665,5.46952161895266,4087.5164743177593
02915_00,02915,single,65478,2.7513016528879977,2.7407263281141274,-3802.9609020408243
02934_00,02934,single,65058,5.871428985699272,5.873625707925007,1678.5369108328596
02936_00,02936,single,65508,2.3231955380514115,2.3087722847628234,-4376.461420575157
02944_00,02944,single,63522,5.244779486410329,5.31881723986494,49680.8719052223
02948_00,02948,single,65292,3.981820858134615,4.0084662842832595,13900.967532324605
02958_00,02958,single,60268,6.963862568555191,6.92684628720737,-30988.744107283652
02959_00,02959,single,63739,5.400986377185089,5.458037088593578,39487.26747251116
02966_00,02966,single,57749,4.7274073122887055,4.784137793054409,31161.044319556095
02977_00,02977,multi,44787,8.224106551400961,8.1165549439631,-78711.55854967609
02977_01,02977,multi,33005,16.398575955244013,16.231541842194233,-179888.56361908838
02977_02,02977,multi,37227,6.833403406475224,6.777215494168749,-28469.432428669184
02977_03,02977,multi,12372,11.321775225364624,11.319461167909829,-648.2077036723495
02977_04,02977,multi,40936,9.607269443349367,9.553579001928965,-42113.09056936763
02977_05,02977,multi,37299,6.7275217233235045,6.748108045970869,10347.252190393396
02977_06,02977,multi,51048,9.590545525525904,9.64502189951345,53492.38064067997
02977_07,02977,multi,60399,6.325136330478712,6.273109601537519,-39588.25433933921
02977_08,02977,multi,45787,8.632479917840508,8.822226426914039,151645.15188384615
02977_09,02977,multi,39604,8.465756503672191,8.295712452650525,-112878.84881564695
02977_10,02977,multi,50345,6.1533872727779055,6.206543669196974,33077.13768235501
02977_11,02977,multi,50337,7.977226096737955,7.895922691277651,-64961.96492666006
02977_12,02977,multi,37235,7.473440618650803,7.379067955527815,-52191.21179871075
02977_13,02977,multi,49819,5.582432032317394,5.54860459992778,-18758.566730751656
02977_14,02977,multi,50570,6.972342630506837,6.968038264270599,-3034.4278099499643
02977_15,02977,multi,42906,7.292428343807695,7.2554332412587925,-23091.993376557715
02977_16,02977,multi,37414,9.838914848532044,9.784143546554116,-40211.83602148201
02977_17,02977,multi,37683,6.843630387622965,6.862236285895496,9609.540362788364
02977_18,02977,multi,35903,7.568739475584372,7.537060706199044,-17180.776055671275
02977_19,02977,multi,60578,4.152941679028847,4.1213119843553665,-15853.996625065804
02977_20,02977,multi,41609,6.1693070244298776,6.069531051816876,-50810.49634251371
02977_21,02977,multi,41224,6.838888198205542,6.8372324937653195,-933.4603334239218
02977_22,02977,multi,42719,9.618074775627115,9.662568554299465,36647.292012006976
02977_23,02977,multi,39010,9.306040713825208,9.153393872428166,-109921.37870294414
02977_24,02977,multi,50105,6.976938674864774,6.947813186230076,-20320.844449782744
02977_25,02977,multi,48825,11.469765903436787,11.469061684931093,-788.7164567410946
02977_26,02977,multi,43185,7.372036824171996,7.370268474426294,-1125.8135955985636
02977_27,02977,multi,51065,4.572702189687744,4.5555944655463385,-7974.534118760377
02977_28,02977,multi,48462,7.537971852508472,7.509281523275727,-20921.56168505922
02977_29,02977,multi,59504,7.756885793170967,7.7350844740698115,-20097.201526002027
02977_30,02977,multi,51159,6.033724746374124,6.062266185479358,17661.979099734686
02977_31,02977,multi,55399,7.803113135823188,7.7606717302000146,-36593.748872894794
02977_32,02977,multi,59046,4.3741391198854735,4.33709289781794,-19055.220951616764
02977_33,02977,multi,48573,6.698692526039099,6.721385819366593,14792.701898485422
02977_34,02977,multi,27046,11.156246036974478,11.215442218444538,35817.51863132045
02977_35,02977,multi,51043,12.206063719097985,12.073606351561251,-164155.36920404993
02977_36,02977,multi,43691,10.551431980881928,10.577740495211826,24286.827986821532
02977_37,02977,multi,54333,9.887090656075806,9.996613810431736,118322.38857560139
02977_38,02977,multi,33471,8.066166605299847,8.070740614375897,2470.5065623112023
02977_39,02977,multi,51066,5.862753302044422,5.787774177627578,-44608.51787949074
02977_40,02977,multi,49786,9.565735878879893,9.518986913370359,-44418.623494515195
02977_41,02977,multi,50041,7.087504266797894,7.073828525418428,-9691.276578464545
02977_42,02977,multi,47199,6.8485403300042,6.823979657137326,-15849.721113331616
02977_43,02977,multi,42296,8.216248219305028,8.243563073428044,19016.169276771136
02977_44,02977,multi,22349,8.47216198613011,8.493811375657554,8208.853987615788
02977_45,02977,multi,55621,6.974430926395673,7.008897252043318,26806.760243355297
02977_46,02977,multi,56250,8.022645855404333,7.970245765351779,-47139.12906347029
02977_47,02977,multi,50055,8.083606224339556,8.13031990322125,37912.264594338834
02977_48,02977,multi,46515,7.443658097262357,7.2490563722512675,-132996.97092383076
02977_49,02977,multi,50079,7.903345852484981,7.957170161438913,42751.50652892608
02977_50,02977,multi,61758,5.279476991782621,5.277426969654644,-1336.5596402930096
02983_00,02983,single,64985,2.799102489434782,2.8083647141101475,3375.1663071168587
02991_00,02991,single,64499,7.349672735278018,7.359315038547095,9147.79776929412
02998_00,02998,single,64615,6.479982787845666,6.494098223965368,11833.255860196427
03003_00,03003,single,64526,2.405033067192163,2.3998830027040707,-1596.736367797479
03012_00,03012,single,63881,6.769645248953473,6.7921248800697915,19474.99097904004
03013_00,03013,single,65255,3.500096422663813,3.476065289727769,-10939.679009819403
03014_00,03014,single,62874,8.953940004084204,9.002197231062892,54481.16289649997
03026_00,03026,single,38616,10.091922391909595,10.12092595041085,22638.418746287003
03030_00,03030,multi,65043,5.62172073887697,5.619032338968802,-1965.5760147441179
03030_01,03030,multi,61399,9.114405914139027,9.25869796734548,162774.4519131761
03030_02,03030,multi,65061,3.5355105399276745,3.5522842262826675,7735.001208431087
03030_03,03030,multi,65050,5.19179222231992,5.214855336621288,15612.631124591455
03030_04,03030,multi,64840,5.4669877911128415,5.451918912180908,-10668.493697456783
03030_05,03030,multi,64228,14.825722638581771,14.835652879424083,18918.010736310855
03030_06,03030,multi,64489,9.782968720945405,9.82192302719275,49249.924088615924
03030_07,03030,multi,64330,9.018894787102102,9.049231810952744,35261.40795455221
03030_08,03030,multi,65071,4.73505014497541,4.74735231588822,7590.80126658082
03030_09,03030,multi,56543,11.815531469404236,11.822140693251038,8833.524406188168
03030_10,03030,multi,65050,4.3627951717546924,4.331283093040169,-17821.649534909986
03030_11,03030,multi,64971,3.5744288029344875,3.560756664789641,-6338.131647247821
03030_12,03030,multi,65112,3.797643641643925,3.814274863923014,8242.886758333072
03030_13,03030,multi,61079,6.866208738682198,6.895249943774685,24410.18228028342
03030_14,03030,multi,64969,3.605912495858168,3.586225278719266,-9199.167185445316
03030_15,03030,multi,65073,4.0730057083213795,4.067775204221037,-2770.8335846178234
03030_16,03030,multi,65068,3.2454012767199605,3.2394172375081,-2524.990305373445
03030_17,03030,multi,65084,4.268294811238161,4.2737702864722475,3044.1001196149737
03030_18,03030,multi,65150,4.801558882231732,4.703248550706144,-60877.51315370761
03030_19,03030,multi,64838,7.079388258105026,7.149984521908995,65132.40047545172
03030_20,03030,multi,64205,5.247180156335473,5.314108638031628,45383.3699806137
03030_21,03030,multi,65052,4.060461303850774,4.065845143367838,2846.072473538108
03030_22,03030,multi,64997,5.142779458127643,5.1387604907727065,-2685.75230833143
03030_23,03030,multi,65042,8.729062405349731,8.871211293532118,162725.93506230973
03030_24,03030,multi,65085,2.956699981197121,2.9621300273548523,2091.8006687154993
03030_25,03030,multi,64042,6.764881477536139,6.736595153727122,-24458.097052950412
03030_26,03030,multi,59983,4.435537862409392,4.461799602088442,14015.601407232694
03030_27,03030,multi,64906,4.794781433926686,4.829303141669728,21564.35873135738
03030_28,03030,multi,64646,6.796082910548851,6.790836515503108,-4608.118588888552
03030_29,03030,multi,65143,4.193202654219461,4.209642966449326,8999.206158508547
03030_30,03030,multi,55574,5.422371627250244,5.380026756272432,-25421.001738235354
03030_31,03030,multi,65041,2.377010339582668,2.38627883901596,2871.465388674289
03030_32,03030,multi,65090,4.030412659184616,4.030630995684022,114.55970526020974
03030_33,03030,multi,59027,4.875016687153769,4.864603470983529,-5986.563798032701
03030_34,03030,multi,65245,3.2017375161060384,3.1691575194811894,-13542.496135180816
03030_35,03030,multi,65046,5.843149007954289,5.831818279218942,-8604.667826942168
03030_36,03030,multi,65044,6.97702052417488,6.935915344892708,-37198.25533438288
03030_37,03030,multi,65039,3.5562893198437515,3.575998664940914,9142.70947587397
03030_38,03030,multi,61605,11.164187792371713,11.213489601967938,67966.33169019967
03030_39,03030,multi,64899,7.664285482472052,7.623223607058996,-40739.295471513644
03030_40,03030,multi,64380,9.788966282527081,9.798412061862905,11911.462291307747
03030_41,03030,multi,65076,3.2149216258532607,3.204931828006975,-4173.521594348364
03030_42,03030,multi,58586,5.591745858473278,5.555036977106431,-23972.56682076957
03030_43,03030,multi,62092,6.391195333256023,6.327520416538342,-50286.0237109717
03030_44,03030,multi,61021,7.524275475328236,7.478886903383716,-41553.59943072498
03030_45,03030,multi,65038,4.021513422540092,3.952806643434871,-35633.65988786984
03030_46,03030,multi,64849,4.291563090008906,4.329045290876684,20953.968345147325
03030_47,03030,multi,64862,6.5723763379711855,6.658305927845554,73742.06837596186
03030_48,03030,multi,61616,13.158681155965114,13.225347946710007,108378.75752397813
03030_49,03030,multi,63508,4.866103648106099,4.906742504510484,25222.665265935706
03030_50,03030,multi,64925,5.2095759310246486,5.1792157239388334,-20477.72585109435
03058_00,03058,single,44104,11.919111750809096,11.933454592006834,15088.576944800094
03059_00,03059,single,53707,9.075545025330666,9.02100866781778,-53004.51899014227
03061_00,03061,single,41840,4.875615862868487,4.869235136689514,-2601.578810947947
03083_00,03083,single,48538,7.187725593679417,7.062283541175466,-86764.12102767266
03085_00,03085,single,51687,7.033760358715729,6.988508541721547,-32797.11472380441
03093_00,03093,single,63944,7.21320574373374,7.206093916001378,-6557.302148674615
03116_00,03116,single,65068,7.510545808150321,7.531454870353012,20464.805270276498
03118_00,03118,single,63021,5.522409068986977,5.497718340534258,-17147.697317561135
03120_00,03120,single,56688,9.449234774947561,9.435720449826754,-14467.765377033502
03127_00,03127,single,45248,9.791421643346764,9.944000793439818,136251.41026352067
03133_00,03133,single,64599,3.7870310867836188,3.785400101875883,-797.8313050176948
03172_00,03172,single,65308,3.199276277416554,3.1697304629179626,-12289.495627303608
03174_00,03174,single,64704,3.0679813250164467,3.079233511460561,4475.5502805784345
03193_00,03193,single,65047,10.555137992457233,10.210490344512033,-465529.99346197024
03195_00,03195,single,65444,2.883076563243666,2.9219579002619254,14771.201720193028
03200_00,03200,single,60009,9.620268237035322,9.631832871630726,13360.614662558772
03214_00,03214,single,48716,9.601002359976208,9.450194044335246,-139964.90880253538
03239_00,03239,single,59898,5.018686987758696,5.031492329463874,7708.631831324659
03241_00,03241,multi,65465,2.742992097869837,2.747372210522976,1574.3294341322035
03241_01,03241,multi,64603,2.735907580249238,2.7491476696686155,4691.639247718267
03241_02,03241,multi,64563,3.996941850699116,3.9947282000113598,-1142.1689190650359
03241_03,03241,multi,64484,2.8435766289870275,2.8495157174491847,2180.3187614670023
03241_04,03241,multi,64329,3.1156127222084935,3.1272716090019967,4682.191519554704
03241_05,03241,multi,64386,2.7267366686621455,2.7272145508023793,167.81218592543155
03241_06,03241,multi,64962,2.632491994456348,2.6374799190298006,1707.6055801128969
03241_07,03241,multi,64775,2.599465494984517,2.6151380319118154,5293.805946947075
03241_08,03241,multi,64586,3.4474992412071024,3.4854144706037054,16977.270607359707
03241_09,03241,multi,64538,4.159565881905128,4.14178893362295,-9524.050476882607
03241_10,03241,multi,64159,2.9517732650998236,2.954468569240279,1021.3546962933615
03241_11,03241,multi,64570,2.3709840037141574,2.3701281353115613,-262.010084470734
03241_12,03241,multi,64655,3.3945993510250863,3.4481183835136666,23677.671735125594
03241_13,03241,multi,64323,3.0287023670045934,3.024818017543422,-1512.4902915423736
03241_14,03241,multi,64358,3.1824573096547484,3.2109923798064557,11741.314903285354
03241_15,03241,multi,64974,2.5913066493414902,2.591413417239914,35.95324137440184
03241_16,03241,multi,64623,3.0626910111779537,3.079451565091457,6652.660733263008
03241_17,03241,multi,64439,4.603662950015663,4.576093180891274,-16308.464226814918
03241_18,03241,multi,64085,2.8681600612676066,2.8673721092159186,-289.62090040929615
03241_19,03241,multi,64299,2.8661678457703195,2.8795092070670036,4928.849712065421
03241_20,03241,multi,64290,2.8019555578007536,2.801738276806111,-78.27797197271138
03241_21,03241,multi,64760,2.6860751114652452,2.6970297512880004,3818.895574497059
03241_22,03241,multi,64843,3.518725934229837,3.512057388255637,-3040.1706573553383
03241_23,03241,multi,64335,3.499450829297159,3.4886685657043466,-4847.497196123935
03241_24,03241,multi,64624,3.126938081502838,3.166152335868833,15947.836297387257
03241_25,03241,multi,64325,3.0817986800855763,3.09218297362679,4124.032562142238
03241_26,03241,multi,65463,1.6991030688492619,1.7064081396320732,1628.5558106238022
03241_27,03241,multi,64697,2.428528273181078,2.4411332285853957,3971.2225887356326
03241_28,03241,multi,65190,2.743848244869443,2.7630972220790917,6910.339989104308
03241_29,03241,multi,64525,2.8616442386399004,2.840624439575658,-7734.0014613493695
03241_30,03241,multi,64568,3.34721721053664,3.3859709707755212,16848.138919717516
03241_31,03241,multi,64345,3.1715196301076136,3.1716945467436974,71.39294501114637
03241_32,03241,multi,64526,3.2063880791813646,3.205217384342042,-484.3343129698187
03241_33,03241,multi,65320,5.504306372291186,5.362173826822767,-100885.46567096002
03241_34,03241,multi,64532,3.867928895072403,3.893712150506966,12914.167953643948
03241_35,03241,multi,64791,3.2332266765092936,3.2496367765027667,6892.754090578295
03241_36,03241,multi,65079,11.886794583321125,11.996901957391195,171142.8740146011
03241_37,03241,multi,65095,2.8232822345413435,2.864481321504443,15253.75466233032
03241_38,03241,multi,64533,4.908180207369508,4.925541303877383,11017.344036357012
03241_39,03241,multi,64580,3.4308056071830175,3.4654406755183724,15425.059658093378
03241_40,03241,multi,64487,4.550114885237192,4.571915019577923,12823.980092135258
03241_41,03241,multi,64625,2.927564851621908,2.953100006853582,9704.328467970598
03241_42,03241,multi,64558,2.4333333237325814,2.422402362454357,-3426.600406021811
03241_43,03241,multi,64666,2.64585593962346,2.6531947072130087,2514.763814873062
03241_44,03241,multi,65069,6.069057759377984,6.164145139994454,75689.77171851974
03241_45,03241,multi,64437,3.0603131468543125,3.049273073832906,-4346.293563934858
03241_46,03241,multi,65258,9.679208813596452,9.791537209411839,142726.9246539194
03241_47,03241,multi,65129,2.0019054713985267,2.007154162267522,1370.4649136066437
03241_48,03241,multi,64196,2.6606162941196523,2.675566520015181,5121.373182578012
03241_49,03241,multi,64411,2.775377887381292,2.778851472824711,1242.6872364161536
03241_50,03241,multi,64558,3.4985185559916725,3.4689540296623496,-13298.304144176655
03242_00,03242,single,25253,5.7513066492452225,5.76293416359446,3380.922152865678
03255_00,03255,single,65265,3.1725034052180368,3.195305383176028,9476.388954631053
03267_00,03267,single,64347,6.253799507934614,6.243300041268833,-8443.155198099092
03275_00,03275,single,64475,3.864056670697489,3.8611840670921462,-1430.800469650887
03305_00,03305,multi,51357,4.292269380250834,4.328935151979409,16234.10780052282
03305_01,03305,multi,30382,6.431651714175299,6.458696935280933,10591.843610410579
03305_02,03305,multi,52923,8.3627661374154,8.392813993024747,26645.103245310485
03305_03,03305,multi,64041,8.02075896333951,8.000687092968594,-20594.329653321765
03305_04,03305,multi,64307,9.19240177869249,8.954461588367987,-277669.14540834073
03305_05,03305,multi,61757,4.671273933709317,4.697383592239935,15106.531006274745
03305_06,03305,multi,57895,8.677484975631165,8.747617756319974,70751.79524065554
03305_07,03305,multi,62680,8.074886236826456,8.141394197468161,67601.1159182908
03305_08,03305,multi,33263,6.999209404764539,6.961423612374136,-17546.68423895538
03305_09,03305,multi,56505,7.320042598714188,7.360703445914247,33729.61845910642
03305_10,03305,multi,52266,10.478676942953978,10.408645639726457,-76452.94978082646
03305_11,03305,multi,64146,13.946790829026401,13.80515350247003,-252139.40075415
03305_12,03305,multi,54550,7.412062952369823,7.544393106754213,107964.82210139092
03305_13,03305,multi,57071,5.977582586040827,5.965227959069452,-8420.767225473188
03305_14,03305,multi,42716,9.994861216629287,10.048996409799818,46350.196311366744
03305_15,03305,multi,52176,5.587782748899278,5.5343428588807795,-31011.59707087651
03305_16,03305,multi,40689,5.345563766290251,5.321800888748999,-10314.143935333006
03305_17,03305,multi,54492,3.81348841700787,3.805671998068195,-3245.2465262208134
03305_18,03305,multi,32143,10.383554627099485,10.36451295892317,-12698.986312743276
03305_19,03305,multi,44154,11.877519689538357,11.906382037936057,30309.922073980793
03305_20,03305,multi,48478,8.695733984528568,8.570614535104884,-104729.73915375117
03305_21,03305,multi,54051,7.160378986859962,7.029851052318529,-100114.41984711774
03305_22,03305,multi,55572,4.1024777719761785,4.130442882427498,12794.593603324145
03305_23,03305,multi,48059,7.794992481162774,7.8209707319734845,19496.354481210932
03305_24,03305,multi,40874,11.047871966420603,11.113228124125357,59200.444541164674
03305_25,03305,multi,55806,7.572378056770251,7.5658171055512815,-5542.7054939400405
03305_26,03305,multi,51882,3.535169382035949,3.5586628431826655,8646.585208485834
03305_27,03305,multi,52140,7.378046166965739,7.307787511185002,-53798.41349946428
03305_28,03305,multi,54754,3.8081919815297463,3.794418965541937,-5733.339639768936
03305_29,03305,multi,49719,11.859580879330327,11.740777637450227,-139402.08751883637
03305_30,03305,multi,50385,7.7724091071172,7.653835151367501,-92161.76326405536
03305_31,03305,multi,48644,6.400176858356765,6.418022905889764,11127.519415718503
03305_32,03305,multi,62181,24.810852332375834,24.654388252069324,-481251.9248024151
03305_33,03305,multi,53954,15.318001436356418,15.519480753675456,335222.39912868664
03305_34,03305,multi,59675,5.4803702998530595,5.504933906942636,16102.624201416038
03305_35,03305,multi,47229,7.187875264979653,7.006257904156827,-121751.68658150034
03305_36,03305,multi,59948,13.63576464383734,13.695808379258038,98380.04768737406
03305_37,03305,multi,53204,5.623205103047683,5.562445224452171,-36159.50036947522
03305_38,03305,multi,36584,6.5412939341290715,6.561947613564299,9900.733425468206
03305_39,03305,multi,51071,7.215360584444033,7.327864892114159,83561.11965152808
03305_40,03305,multi,63543,9.821724667040542,9.588479340065225,-287680.72624208406
03305_41,03305,multi,52387,5.339554991622978,5.360141916436199,11539.48648224771
03305_42,03305,multi,53911,6.54184775261286,6.7973058031228355,183706.80891078897
03305_43,03305,multi,59512,12.002211230903688,12.1958664940915,278878.2970944755
03305_44,03305,multi,17743,9.962627020788753,10.076400425289268,40452.414305069484
03305_45,03305,multi,58396,5.72491472065131,5.771011845926513,30945.74364162516
03305_46,03305,multi,63549,11.7332453752445,11.654787467487647,-116610.89766526781
03305_47,03305,multi,64086,14.126857809755538,13.944667552269483,-327758.7745842561
03305_48,03305,multi,60704,6.545989100659207,6.595419664247674,39432.54391382914
03305_49,03305,multi,60482,7.735937813092433,7.738065848156424,1991.6252274708822
03305_50,03305,multi,46146,6.428071085154783,6.54963283417702,72799.57827789057
03308_00,03308,single,57311,3.732445994564834,3.751183827910501,8036.550080372952
03316_00,03316,single,60916,7.162701637155931,7.182130239690287,16977.2914512977
03347_00,03347,single,59926,4.935873602366738,5.013328755579936,46179.99392155092
03355_00,03355,single,65150,5.563680120430459,5.560298513579345,-2450.7424917817116
03356_00,03356,multi,44556,6.638014002484272,6.662805516848541,14692.227746226825
03356_01,03356,multi,50090,7.09341816505649,7.162626939507185,49420.96841695253
03356_02,03356,multi,52352,6.758549351586164,6.767800557696843,6551.070186598226
03356_03,03356,multi,44574,4.747875391715079,4.819803478468605,30675.1508711474
03356_04,03356,multi,52792,5.603351965760178,5.62348339815766,11931.640136167407
03356_05,03356,multi,50597,8.89923698736197,8.885779055027545,-12110.368800108321
03356_06,03356,multi,51326,5.752401707948687,5.722078220561684,-17858.689093261957
03356_07,03356,multi,50182,7.544657787278371,7.50136597031224,-32687.034615681507
03356_08,03356,multi,56397,5.650978105005027,5.63649252492281,-9221.223052402958
03356_09,03356,multi,41624,11.909115811934472,11.94320908049386,33848.79157149047
03356_10,03356,multi,49386,4.702092492924798,4.690016695002113,-5601.22246251069
03356_11,03356,multi,55666,5.477226677155771,5.470671997152314,-3994.5906303189695
03356_12,03356,multi,50553,6.189968753028483,6.169509836864917,-12782.90924437251
03356_13,03356,multi,14047,8.54380429117336,8.527801985216348,-3837.4306335141882
03356_14,03356,multi,50506,4.43202749168012,4.386892668860265,-20103.428387269378
03356_15,03356,multi,54953,4.031841125884738,4.056535436973844,10976.141154007055
03356_16,03356,multi,51688,5.7130124689379445,5.63543921178975,-45502.8257996086
03356_17,03356,multi,55474,5.6978474485877895,5.662999356738744,-21962.36922934279
03356_18,03356,multi,55019,8.579280232901047,8.468590053359645,-103822.60385779198
03356_19,03356,multi,13343,5.01465450046572,5.089899489100601,10144.910399557091
03356_20,03356,multi,49984,7.077411921838152,7.085006575079695,5376.2119387649
03356_21,03356,multi,50571,6.121584134823382,6.115233192483923,-3930.14151165355
03356_22,03356,multi,13799,6.044949041482428,6.0089680180149125,-5984.795649514534
03356_23,03356,multi,14195,9.835985878079686,9.937120349332703,28386.34682219848
03356_24,03356,multi,47479,4.951817968982617,4.965249025438251,6324.04548670724
03356_25,03356,multi,52715,6.496682275019181,6.4097342139791325,-59156.134552489035
03356_26,03356,multi,18367,12.477946889324626,12.480355400217388,1104.0834025805816
03356_27,03356,multi,59290,4.329577883137647,4.3571579530400655,14204.744540211745
03356_28,03356,multi,39365,8.485693670567308,8.499660418728732,9338.565366408788
03356_29,03356,multi,50593,8.341821954916224,8.176316243403217,-138313.48157487344
03356_30,03356,multi,51323,6.7403671540552335,6.709578601911875,-21253.077874943614
03356_31,03356,multi,52804,5.047229330923817,5.064427201112005,9182.560495091602
03356_32,03356,multi,52244,7.454817893918482,7.458616418304424,2959.572650196962
03356_33,03356,multi,50351,6.008367077583453,6.003118002935713,-3174.5893537113443
03356_34,03356,multi,49656,7.07487363587991,7.082528608321239,5381.445364745334
03356_35,03356,multi,58589,7.058691640135826,7.332958480329561,231259.7121811891
03356_36,03356,multi,46862,5.292825905869652,5.321074810708693,14050.683663900942
03356_37,03356,multi,48806,5.904508882270599,5.932961453620962,16438.17654259689
03356_38,03356,multi,13678,5.653650249545896,5.7148637904916475,9518.615941653028
03356_39,03356,multi,51569,7.333319447444598,7.343221215349262,7494.197848496959
03356_40,03356,multi,48852,5.3037540262932685,5.281058518977595,-11735.603139053099
03356_41,03356,multi,53863,5.4787390709715496,5.490904811194338,7188.2240657946095
03356_42,03356,multi,57541,5.465961280230925,5.505975605941908,25262.49315491668
03356_43,03356,multi,55666,4.671842704358554,4.694732570573224,11934.771191490814
03356_44,03356,multi,38547,10.4127650257745,10.208176001817263,-162622.78507502005
03356_45,03356,multi,52624,5.317093845450625,5.218601644093007,-54607.07448028866
03356_46,03356,multi,12152,6.844151878246035,6.583645320214227,-42508.05120441876
03356_47,03356,multi,52508,5.269657174909848,5.283026242456747,7407.804350209422
03356_48,03356,multi,56347,5.144886212887589,5.126128344509801,-10855.944825437851
03356_49,03356,multi,51523,6.38370265848393,6.229299832985038,-100340.17808355205
03356_50,03356,multi,52532,4.966533897565373,4.982922178062953,8565.577783964574
03390_00,03390,single,54844,7.202223253029633,7.133863688769436,-53747.59475915227
03421_00,03421,single,62542,15.130413205421224,15.159623588602694,55336.13474380784
03425_00,03425,single,62480,7.50306306139809,7.6899099979891945,177365.7544066282
03427_00,03427,single,64038,5.212052753234058,5.22296202175722,7289.982064679265
03436_00,03436,single,65363,4.423224826681323,4.478793060275609,32333.076606803574
03445_00,03445,single,57181,5.8469764546785905,5.750760065615668,-63807.83928089682
03461_00,03461,single,65056,5.210046194254822,5.19336873116291,-11287.383092985488
03477_00,03477,single,61392,7.968851911806132,7.955604476505863,-12951.14616409596
03483_00,03483,single,63295,3.7175005575213116,3.7573393242415856,18848.51692490466
03488_00,03488,single,64837,1.6735598244700132,1.6498104670809666,-5117.448822229169
03502_00,03502,single,63040,6.548567468386619,6.420894012303534,-104385.1603977289
03503_00,03503,single,65041,3.1137341544476045,3.140224857739275,10775.457761033438
03511_00,03511,single,60986,8.18588222930218,8.183186449612734,-2691.15379202459
03514_00,03514,single,57150,5.707471142933227,5.685194417780539,-14504.171620710753
03516_00,03516,single,44149,5.688445838150948,5.77689610678089,44772.056072057225
03524_00,03524,single,64093,8.946812036537072,8.871694712242046,-85787.10569881275
03526_00,03526,single,49847,5.527526262152371,5.525924427445779,-882.5810595657676
03575_00,03575,single,63658,4.98488304661782,4.996093990647618,7123.086703534238
03591_00,03591,single,64012,5.706426471558914,5.69330812882719,-9572.714581974782
03596_00,03596,single,40417,4.9533108929807,4.96688723615934,5443.362133974209
03604_00,03604,single,48167,7.929156697361934,8.038429098988965,84042.57385818195
03609_00,03609,single,64970,4.196578331784649,4.240342515849753,23989.195151000284
03613_00,03613,single,55153,4.849834326340414,4.84029321040882,-5099.150220526382
03618_00,03618,single,11799,5.620962149227176,5.54853087333596,-9545.634421420284
03624_00,03624,single,65202,3.10387835680993,3.0943127754523303,-3865.781039376743
03641_00,03641,single,65118,5.636244926620993,5.65617355865336,14654.314438079484
03649_00,03649,single,61776,5.329070780567486,5.321484345815458,-4991.484833324328
03665_00,03665,single,64165,5.16011686540522,5.128318159885679,-20992.151821152307
03737_00,03737,single,44986,9.442190249125511,9.254655029014648,-157735.17631973978
03750_00,03750,single,54030,20.349339274069482,20.340809070589657,-18753.556087579578
03751_00,03751,single,60611,13.489953568516565,13.6653441695175,288677.10045626387
03755_00,03755,multi,58448,3.464618319092968,3.472763139672459,3302.5298516601324
03755_01,03755,multi,60997,3.5464597834904317,3.557172618596896,4641.8742972826585
03755_02,03755,multi,57650,6.734765395718518,6.631400859206594,-79648.52398017654
03755_03,03755,multi,56095,4.330524788196012,4.409364182825403,38652.12263157405
03755_04,03755,multi,58429,12.073770628958785,12.196069143814434,173426.93381913193
03755_05,03755,multi,57789,7.197185166699894,7.122626503696923,-61699.3512020912
03755_06,03755,multi,65188,3.8671781416293367,3.930959471974531,32422.920039833523
03755_07,03755,multi,57373,6.5751749188394735,6.511410980022409,-47875.02966096159
03755_08,03755,multi,62468,6.4828346229593965,6.4419914865464065,-32976.25975009659
03755_09,03755,multi,57646,6.777764252751785,6.828261677892961,39606.79547862522
03755_10,03755,multi,57672,5.348191887750084,5.319209591486087,-17830.209443084896
03755_11,03755,multi,65067,5.0741265539429685,5.0779879272590795,2550.6982313536573
03755_12,03755,multi,58904,2.907670973788481,2.9122623959178893,1574.0191910527647
03755_13,03755,multi,56811,5.7887959948699885,5.7973138124355446,5606.584967227653
03755_14,03755,multi,58957,9.005668520915586,9.247791082052526,260564.84723342396
03755_15,03755,multi,59400,4.20850844249923,4.248869983400151,20276.357819939032
03755_16,03755,multi,57356,8.346162053727893,8.269436901540114,-73119.39946807688
03755_17,03755,multi,56259,12.248679844139119,12.238792739901035,-13620.877402313054
03755_18,03755,multi,65074,5.666274776087052,5.706574144922793,29824.626748630777
03755_19,03755,multi,58746,6.028148197196214,6.098520217994452,50132.55350057222
03755_20,03755,multi,50947,3.809879355392192,3.8222069890365247,4793.377249284647
03755_21,03755,multi,62495,7.181613766955168,7.204247560393686,20348.78532432951
03755_22,03755,multi,65124,4.479175711997397,4.598951501884665,70811.92089544889
03755_23,03755,multi,65246,3.205878487624952,3.248540129668872,17965.88388219569
03755_24,03755,multi,65060,8.69525724753579,8.936765185149843,277043.26569179073
03755_25,03755,multi,55744,4.7441802018092085,4.740405079730198,-1995.939969538711
03755_26,03755,multi,62881,10.872010442863532,11.147374942491464,381269.9539538175
03755_27,03755,multi,56103,4.928172185727278,4.876579078418126,-28380.128041356802
03755_28,03755,multi,63645,4.599412337772735,4.548061216042472,-29896.15856618993
03755_29,03755,multi,65158,6.424813040972651,6.74632159958758,275920.185321779
03755_30,03755,multi,60136,4.619727635072772,4.541983120397363,-42833.23447168432
03755_31,03755,multi,63451,5.060612943040523,5.003900488953988,-36216.76837108191
03755_32,03755,multi,56338,5.460416881122821,5.42684059179562,-20594.564738793997
03755_33,03755,multi,11942,5.170842528633661,5.155215944779918,-1926.9732842817903
03755_34,03755,multi,57392,5.757105367648666,5.710949677940128,-30378.503312120214
03755_35,03755,multi,58679,10.71323880906978,10.888527724081973,222190.98023867048
03755_36,03755,multi,57934,4.851000308100482,4.831767503876577,-10788.862137723714
03755_37,03755,multi,58406,3.9788196308595465,3.9210410922765737,-26658.97525780846
03755_38,03755,multi,59333,4.307900428161469,4.294205580996892,-6989.69600576628
03755_39,03755,multi,57771,6.7281738383897745,6.689978912207397,-29607.946795126423
03755_40,03755,multi,59743,11.25871766058563,11.5014556259701,330065.62647666037
03755_41,03755,multi,60776,6.635483517781409,6.634647142620445,-674.5411347756162
03755_42,03755,multi,65075,3.292219895963424,3.3187785092980553,11425.800197358243
03755_43,03755,multi,64415,4.447482652094167,4.396363161936783,-29121.56344775483
03755_44,03755,multi,65039,4.660689317086593,4.660921616363451,140.83567687030882
03755_45,03755,multi,52453,4.076116189092505,4.111644202232646,15258.308027132414
03755_46,03755,multi,58900,5.943032183061837,5.972181909687094,20457.45625226875
03755_47,03755,multi,58356,7.996838199327003,8.052135031507998,51788.46283359453
03755_48,03755,multi,12425,4.722824154772263,4.697628663664795,-2949.110220049508
03755_49,03755,multi,57794,9.882692133425557,9.8071896652408,-85918.56435293704
03755_50,03755,multi,59509,3.6098572816982943,3.6263889741837896,7118.906818748452
03769_00,03769,single,58330,4.452998901486467,4.460728209364602,4018.7585791135207
03776_00,03776,single,65044,4.885660527710335,4.912740099427741,17258.546818070114
03806_00,03806,single,65060,4.350438715733496,4.342112321289718,-4708.8872192194685
03807_00,03807,single,65145,3.995214877597828,3.963703621020075,-16338.074338758364
03808_00,03808,single,53921,5.628033722279337,5.597445946873356,-18514.44671737589
03811_00,03811,single,32061,3.840703168309273,3.877358469277144,9070.309291062877
03819_00,03819,single,65522,2.8231915453725525,2.8478758384463054,9172.181650344282
03827_00,03827,single,61056,12.276469229439122,11.971372666027339,-451688.2114410233
03831_00,03831,single,54298,4.827401490760581,4.845042342499171,9264.875755056739
03835_00,03835,single,60420,5.471765737261383,5.4668147087714924,-3272.17943947576
03853_00,03853,single,64922,3.808276927603991,3.7822151898081646,-12842.96192444954
03854_00,03854,single,62249,7.692640073120798,7.772582565272989,76960.20902431477
03863_00,03863,single,65049,2.791469077350067,2.75714250060747,-12389.547451681457
03909_00,03909,single,55648,8.779085711650236,8.832806590185886,52650.03785212338
03922_00,03922,single,57346,3.7986510327888436,3.790753333596345,-3437.252302075736
03923_00,03923,single,59459,5.985224030696847,6.147490552746131,117058.91913974192
03935_00,03935,single,51920,5.091179704427035,5.077684466124186,-7125.046253426699
03944_00,03944,single,55341,4.44135334959678,4.459833825136171,9103.493328582495
03956_00,03956,single,43139,14.88834038415009,14.852064040998844,-46541.507367670536
03983_00,03983,single,42768,11.404538311192072,11.463079421789793,57253.33935755119
04003_00,04003,single,57735,14.409060753037302,14.416454858786272,12305.57500940375
04012_00,04012,single,53444,5.558917386514986,5.516072025682381,-25359.814923299477
04015_00,04015,single,65084,8.016597923060946,8.041095424688178,25602.312342532445
04030_00,04030,single,65053,4.327416832377564,4.358636248054765,17640.64980688691
04037_00,04037,single,65460,3.708469266550924,3.6579914973699488,-24340.81045074016
04057_00,04057,single,48376,9.180821960302746,9.177463032715933,-2983.064916028641
04059_00,04059,single,65033,9.91353240333948,9.829701296776436,-107635.93153910711
04078_00,04078,single,65301,3.1490259049900575,3.1578579664993436,3637.447647191584
04081_00,04081,single,64573,6.13420846265787,6.139543918804395,4228.631842140108
04115_00,04115,single,64052,6.660062406834178,6.5747657871955685,-72307.41289023962
04123_00,04123,single,43014,16.09526021493652,16.26054978060518,230042.21767282858
04127_00,04127,single,65135,4.604014545952798,4.583183543557543,-12465.441555167548
04141_00,04141,single,65045,9.827006899782084,9.859090052987566,41081.90583889559
04144_00,04144,single,64222,5.906583566686873,5.732216174469188,-130333.8710315805
04146_00,04146,single,57273,6.599526716604868,6.545454123429308,-40708.68628597539
04167_00,04167,single,62246,3.9965909144589116,3.997371813800399,388.56942441966385
04197_00,04197,single,45260,4.378727743538985,4.381494880273089,1097.1356127513573
04223_00,04223,single,48144,5.4968962787593885,5.510356779639982,7133.166187389754
04224_00,04224,single,62038,3.899510681479064,3.9095560314461437,4866.5590016571805
04229_00,04229,single,64424,2.5156219251164056,2.515448752592321,-56.12897243909538
04239_00,04239,single,39348,20.816617913277113,20.987735196750826,281473.8459958546
04243_00,04243,single,63718,6.399046545260433,6.304103161029773,-76849.00693762116
04256_00,04256,single,65017,2.604940941969186,2.613060515174426,2754.636668123305
04268_00,04268,single,65038,2.7482756615748265,2.717362021621042,-10988.999689357355
04289_00,04289,single,62658,5.295162611604739,5.313938006268893,12480.850223847665
04312_00,04312,single,65050,4.693667974401618,4.693029090469901,-390.105495727621
04316_00,04316,single,63867,4.762552945536604,4.7923204829239126,18165.374796895077
04319_00,04319,single,51076,7.131856240223561,7.249772829217569,86616.34812727198
04333_00,04333,single,63587,4.095214611361806,4.106460995915283,5865.2138744704425
04347_00,04347,single,52126,5.879149728846069,5.797258448815934,-49842.67331228964
04348_00,04348,single,46561,3.9317358696928717,3.9414281307326955,3553.0122070210055
04351_00,04351,single,65199,5.213730637576053,5.260910560294478,32220.873903901316
04373_00,04373,single,63826,5.69488191414198,5.7551927317240885,44075.897223965265
04374_00,04374,single,59823,4.9345884040174814,4.936683417728372,1237.1665490129963
04395_00,04395,single,64910,7.778381167660802,7.825794868542223,48023.77612414397
04401_00,04401,single,61547,7.515797198693922,7.528065872606124,11359.622107466683
04402_00,04402,single,64390,4.55069514929762,4.531832435860992,-11031.366602519527
04414_00,04414,single,50663,7.3491918819688085,7.298588113624979,-37553.080672345124
04416_00,04416,single,64188,4.8125324037312325,4.814737664184436,1362.752188933082
04419_00,04419,single,54358,6.257504272592495,6.269448886586469,8133.566884339787
04433_00,04433,single,63549,9.669373638319879,9.668008923818197,-1677.058517165482
04434_00,04434,single,65038,4.20593006188746,4.234571901734983,15723.034413068555
04452_00,04452,single,59682,4.571541487864246,4.602218415970923,16795.873940446414
04457_00,04457,multi,62111,8.917039794464268,8.650132888884857,-291226.0382096721
04457_01,04457,multi,45842,4.853836761562375,4.875179584485128,9518.847103619948
04457_02,04457,multi,64764,2.8552196759873953,2.8660121876990288,3998.9478580905125
04457_03,04457,multi,65078,3.7149257696848137,3.735095893891768,9779.13194268383
04457_04,04457,multi,65037,4.42646854772969,4.425594737661248,-503.06262745708227
04457_05,04457,multi,64553,2.572942420096443,2.5748816566864714,644.4228391498327
04457_06,04457,multi,64845,3.328925330685151,3.3369816786507545,3482.3623699937016
04457_07,04457,multi,64775,3.0493810445224314,3.0565194349308826,2823.3026743177325
04457_08,04457,multi,64556,3.625683353217781,3.634359546478843,4066.3524396242574
04457_09,04457,multi,64778,4.198041731826687,4.181922471900363,-8750.135877955705
04457_10,04457,multi,62670,3.6900515110387024,3.6717268428678067,-8454.317457420751
04457_11,04457,multi,63925,7.316925669836556,7.334503052645108,16462.84633337427
04457_12,04457,multi,64022,6.32817526233375,6.3390376408161755,8809.175009113736
04457_13,04457,multi,28665,5.374180449440806,5.438300544056965,19873.367228862713
04457_14,04457,multi,64537,2.5355826872132394,2.527953991694497,-2492.9468249976635
04457_15,04457,multi,62656,3.597434147641921,3.5953429581455723,-942.4377135746181
04457_16,04457,multi,43114,5.38990907096405,5.376573341584091,-6190.260514721042
04457_17,04457,multi,65050,4.084272579199385,4.1063641084354146,11770.387024519965
04457_18,04457,multi,64971,5.2712246159291904,5.449467659800499,124152.35776030459
04457_19,04457,multi,63542,6.5536314249723695,6.549726848431025,-3251.003497018479
04457_20,04457,multi,61896,9.642832723510722,9.299502301319047,-402539.390737338
04457_21,04457,multi,63206,4.531898172547484,4.479176116898446,-30028.05565537419
04457_22,04457,multi,63783,9.690312364075611,9.735190881557275,55605.240418174304
04457_23,04457,multi,64859,3.012582893042014,3.0460944976410733,13168.711995982565
04457_24,04457,multi,64154,6.97291235312019,6.97404007986738,1009.0366493295878
04457_25,04457,multi,64671,3.0283265552230216,3.0243997988546587,-1537.0732797961682
04457_26,04457,multi,64155,4.492502119287577,4.48379945693963,-5011.642438951647
04457_27,04457,multi,64036,4.53055466908193,4.516685211288571,-8035.257237920538
04457_28,04457,multi,63454,3.9151315631441768,3.927959870417925,6384.334542253986
04457_29,04457,multi,64000,5.334665403893888,5.350134865941412,10578.439184613526
04457_30,04457,multi,64133,3.444817685680432,3.4011607630819447,-19167.70876862202
04457_31,04457,multi,64604,3.6596369399423594,3.7163701260740702,27034.47292084631
04457_32,04457,multi,63057,4.307397806261218,4.3402237427718955,17899.7557617547
04457_33,04457,multi,65373,3.7198033546849687,3.746892951542561,13222.983164307661
04457_34,04457,multi,64165,3.6440145784679396,3.6130374280264914,-14424.471133703366
04457_35,04457,multi,62647,6.807474322079328,6.861398189127409,46175.75453367457
04457_36,04457,multi,62147,7.304064651045716,7.152418110755979,-136243.35143884923
04457_37,04457,multi,65457,3.076423942365348,3.107143490972471,12433.976096652448
04457_38,04457,multi,64047,4.66133431491752,4.60604122271339,-32819.08223287552
04457_39,04457,multi,64463,4.209487653778362,4.183639125307419,-13985.246335728094
04457_40,04457,multi,64105,6.27824035205713,6.118272251371623,-127123.20077335555
04457_41,04457,multi,64641,4.981598583253213,4.93472907085217,-30043.420061535202
04457_42,04457,multi,62942,6.075499564352149,6.159506018927995,64693.01124075893
04457_43,04457,multi,64674,3.902055812640429,3.9435484457422376,21053.63629413955
04457_44,04457,multi,64064,4.611145481244485,4.552199756653714,-34603.530543873785
04457_45,04457,multi,63281,4.340312792590349,4.278311068025356,-33815.43903382402
04457_46,04457,multi,58282,8.057901662367053,8.176055146678538,111790.62034099689
04457_47,04457,multi,62741,4.663438466267723,4.61461576798377,-28420.39575266582
04457_48,04457,multi,63662,7.646876955942006,7.723423638204448,74901.24063057452
04457_49,04457,multi,64137,5.449955267168053,5.360436961780688,-62067.170281155035
04457_50,04457,multi,64092,4.259854572905231,4.245759048084054,-7684.059606583789
04468_00,04468,single,35258,5.673279542224891,5.7102957003638455,14856.882812934928
04477_00,04477,single,46990,7.389978874291747,7.4058788211577555,11054.554972637445
04483_00,04483,single,65160,3.4742855399008716,3.4807084814260123,2910.7962371194735
04489_00,04489,single,52483,6.137392530051028,6.108652026803947,-18471.784598668106
04497_00,04497,single,56741,6.8904156036383535,6.9275635719808735,29125.714367569424
04498_00,04498,multi,58658,4.716631774865072,4.685764601261753,-17024.041585298255
04498_01,04498,multi,57891,4.445477613904777,4.498869348095288,27646.089931853116
04498_02,04498,multi,38265,12.06850995858713,12.112808810286356,40989.64608661365
04498_03,04498,multi,60582,6.450223480472578,6.4028615814350465,-36879.08149428014
04498_04,04498,multi,58617,3.523557336497466,3.536432683023064,5328.274629864842
04498_05,04498,multi,62755,4.536133731043532,4.554779848990004,10637.615541353822
04498_06,04498,multi,58458,10.280978949946798,10.167595509059643,-135536.61115505826
04498_07,04498,multi,60605,4.570440408624001,4.582056721334878,6443.4186774119735
04498_08,04498,multi,48747,12.00386602481136,11.998807350627063,-5918.9438126133755
04498_09,04498,multi,59227,3.028196708555722,3.032255179624037,1456.7572805797681
04498_10,04498,multi,62060,3.4854682352722355,3.4958450984820035,4495.882924321108
04498_11,04498,multi,59814,3.2356625457720822,3.235470716359284,-74.25032984185964
04498_12,04498,multi,59991,5.508111533454248,5.496588259313533,-7607.469061346725
04498_13,04498,multi,60817,6.399973320948978,6.330878172054584,-53497.07071261015
04498_14,04498,multi,58507,4.796196207265839,4.816788111497826,11581.440317388624
04498_15,04498,multi,61828,4.014718850053206,4.022889494849113,4060.395793117583
04498_16,04498,multi,59544,3.735131329311682,3.7250933482978996,-4458.987789629144
04498_17,04498,multi,58849,3.4826376081671717,3.527023303494701,18309.61131117493
04498_18,04498,multi,58773,6.416138574781258,6.423240203420703,5358.9515290837735
04498_19,04498,multi,62986,5.181789493163466,5.176637857982062,-3361.111762526678
04498_20,04498,multi,59022,3.4376996730488507,3.4244049872072013,-5384.549064131454
04498_21,04498,multi,53967,14.33437760055091,14.291386046861971,-66415.35497586429
04498_22,04498,multi,58614,3.277519623169859,3.292747603959419,5864.442249299958
04498_23,04498,multi,58983,4.361929518624153,4.365292009701112,1730.868197945878
04498_24,04498,multi,58603,3.9081598172931864,3.9234382872657285,7012.132382092066
04498_25,04498,multi,58592,4.271868851031609,4.275295535997765,1716.0682593882084
04498_26,04498,multi,59955,4.48187241361066,4.473613987959127,-4434.164997402579
04498_27,04498,multi,61327,6.9274706185258585,6.992294176630318,55337.11108096596
04498_28,04498,multi,61670,4.91031758895897,4.913499654542794,1927.8060964960605
04498_29,04498,multi,58259,5.009761887151521,5.01649370825103,3932.188814411871
04498_30,04498,multi,58843,4.382005619272558,4.359631200904216,-11509.045847693458
04498_31,04498,multi,58259,5.206328887770041,5.221302797516814,9096.70099790208
04498_32,04498,multi,49683,19.95894869309892,20.00353750420086,88529.13153057545
04498_33,04498,multi,57345,8.736750976870416,8.880284122953626,145004.1997575797
04498_34,04498,multi,23103,9.240670824092183,8.985180128547423,-107579.93588574417
04498_35,04498,multi,59600,3.3089012321829347,3.3227132895814786,5459.135929009877
04498_36,04498,multi,58011,5.870801102923228,5.891293777321273,13982.784680533223
04498_37,04498,multi,58612,6.436072873906681,6.361766285865866,-55737.8880334557
04498_38,04498,multi,61822,4.502834957158619,4.466965804688838,-19890.557802411728
04498_39,04498,multi,61569,6.120274790770679,6.137557999236699,13043.680759137496
04498_40,04498,multi,59314,5.925527282599089,5.958038655674619,22916.025923871435
04498_41,04498,multi,58577,3.981214273133757,4.047939898468875,31382.647256858647
04498_42,04498,multi,62069,5.634228956469636,5.588854794587741,-31607.894597248174
04498_43,04498,multi,49073,10.351699689438789,10.454955856826377,105429.19421726465
04498_44,04498,multi,59164,3.271623814568939,3.3015477290647293,11637.264354844578
04498_45,04498,multi,49677,11.854472503913357,11.989770831220039,160262.28610161226
04498_46,04498,multi,54927,7.45277063091731,7.5633698380841015,91221.29123588838
04498_47,04498,multi,54137,8.879294128999385,8.9680127879293,85719.93761126604
04498_48,04498,multi,58334,7.553464293814663,7.485268479165687,-59826.10396235157
04498_49,04498,multi,51537,10.4125273929674,10.373590757068074,-41711.033615689725
04498_50,04498,multi,62150,5.252011930813454,5.246385194819362,-3671.3067135466263
04499_00,04499,single,47027,6.591594905857755,6.5181216980976595,-45297.014539920725
04524_00,04524,single,54875,5.7236968305084135,5.7024469609204935,-13323.873092154972
04537_00,04537,single,60405,8.111162096887542,8.151129431546739,39260.860851917416
04542_00,04542,single,54152,4.140743948685834,4.148743077713575,3590.747438886203
04579_00,04579,single,65073,4.625103973542922,4.613905267818476,-6732.774410198443
04580_00,04580,single,64439,3.857073216474434,3.8430539424592114,-6956.202460509725
04614_00,04614,single,65045,4.326354864602367,4.2810260975963885,-25378.085089345463
04619_00,04619,single,42457,16.285268412376023,16.33720637184148,71936.79602749273
04620_00,04620,single,56157,5.998982886542135,6.0117824308846135,8633.146077733487
04626_00,04626,single,65136,3.698709672945454,3.714242719610225,7500.13262344338
04632_00,04632,single,65046,3.2775672696964957,3.261851678009335,-6684.831932023168
04636_00,04636,single,52040,8.1692284450063,8.346011698638218,151936.91484499257
04651_00,04651,single,54868,4.507477101461162,4.493312702025246,-6995.164227615111
04673_00,04673,single,61313,8.79627673774791,8.776830620633485,-20952.412013359368
04676_00,04676,single,30165,7.410540010125146,7.332562565900605,-34678.57262526732
04678_00,04678,single,65149,5.856115693656943,5.814336617483184,-31765.396072505042
04703_00,04703,single,61521,12.606504722127315,13.019564596776753,651205.9974289872
04710_00,04710,single,65524,3.0117989633621156,2.993448810482148,-7220.562298107892
04715_00,04715,single,45031,6.387720819262091,6.431983252061572,25551.99841846805
04721_00,04721,single,60596,5.251524400029323,5.2245812889784915,-17103.75902941078
04731_00,04731,single,50812,4.921514435321821,4.912710853875606,-4399.120204168372
04744_00,04744,single,62255,4.828367422665758,4.839080460582375,6447.6093878811225
04749_00,04749,single,63490,8.042285685360394,8.067554964730334,25845.767222874798
04751_00,04751,single,65079,2.349769703021364,2.3618104022643234,3691.978462247178
04765_00,04765,single,58561,5.303609436764329,5.3254461492453355,13592.220721892081
04779_00,04779,single,60358,4.6086218395680385,4.597530300267892,-6163.179418304935
04782_00,04782,single,65503,2.5815158484734444,2.495186049944902,-28708.04252319131
04791_00,04791,multi,65333,3.123825922562359,3.1428456808814467,7787.0781214963645
04791_01,04791,multi,65122,4.70776014235819,4.721313616057092,8322.376905119047
04791_02,04791,multi,65403,4.6067031873426085,4.588766678263389,-10787.219522967935
04791_03,04791,multi,65456,3.779403450239295,3.84485966151808,32666.168762687594
04791_04,04791,multi,65453,3.567426130122514,3.5732145001964137,2705.3472843971103
04791_05,04791,multi,65043,6.206684752223167,6.149997172023031,-45560.69607033394
04791_06,04791,multi,65054,5.698150992537823,5.642774371884598,-40855.351109115174
04791_07,04791,multi,65047,6.700607900664092,6.61696793254042,-72454.65761735197
04791_08,04791,multi,44838,8.782474211193927,8.801811292127029,15246.209178969264
04791_09,04791,multi,65050,6.082620606815823,6.094271165348317,9228.486751321238
04791_10,04791,multi,65425,3.85654020500256,3.848848822090361,-3877.4190035993233
04791_11,04791,multi,65441,3.3398618432534377,3.337103616744544,-1205.1996166585013
04791_12,04791,multi,65038,4.726100307443744,4.84505966110459,74050.90123893786
04791_13,04791,multi,65440,2.9991875637409526,2.979557814396901,-7680.1217159014195
04791_14,04791,multi,64188,10.642546196148231,10.545476846320577,-132015.9487681333
04791_15,04791,multi,65487,3.585355840995655,3.636456795374245,24167.421893317252
04791_16,04791,multi,65005,7.049039488573311,7.017355354097498,-28971.528883758
04791_17,04791,multi,64933,5.7791484122166645,5.8471963598496,51371.67153746728
04791_18,04791,multi,62835,10.268554494380876,10.27908532616529,13596.472209709696
04791_19,04791,multi,65038,6.364450410064429,6.425268942482777,50589.935843709856
04791_20,04791,multi,62642,9.867568029609943,9.843867944819195,-29264.00610029511
04791_21,04791,multi,65118,5.872691406698581,5.814765168577983,-44085.562745562755
04791_22,04791,multi,65490,3.0774474793862634,3.082648072635017,2098.0475512249395
04791_23,04791,multi,65054,7.476625052529515,7.386095607360763,-87531.05832564365
04791_24,04791,multi,65046,6.1362818271550275,6.169483829159464,26576.238137735985
04791_25,04791,multi,65144,3.899498723106574,4.037082147411999,71133.4679179627
04791_26,04791,multi,65049,4.84358017166804,4.842941868778484,-402.1937393457629
04791_27,04791,multi,49155,16.92816661649731,17.020453929403125,154003.94056485966
04791_28,04791,multi,65462,4.4869474250762025,4.474913781978213,-7059.67340559978
04791_29,04791,multi,55579,13.116300621694137,13.252771122176917,200006.61264049262
04791_30,04791,multi,65059,11.88748701673338,11.683106150269,-313413.81186285615
04791_31,04791,multi,65232,3.680901402411374,3.7044434939433266,11341.657280432992
04791_32,04791,multi,65048,5.171682160742985,5.15958563466884,-8129.207944913767
04791_33,04791,multi,65053,4.717166739922543,4.740075660461704,14094.071679926477
04791_34,04791,multi,65133,6.480383476524075,6.521716538954188,35003.55616740277
04791_35,04791,multi,64562,5.797656431633502,5.8797679286225675,61905.32503952179
04791_36,04791,multi,65515,2.39447255494102,2.3991382650579554,1465.2821856960654
04791_37,04791,multi,65232,2.7935242724527054,2.8035820886143616,3672.2137057967484
04791_38,04791,multi,65485,3.3610046705251664,3.3588435190715202,-951.0130951059982
04791_39,04791,multi,65408,3.291125039447742,3.2972077734608747,2621.230576954782
04791_40,04791,multi,65235,4.175975816110142,4.192946048804802,9264.84114390798
04791_41,04791,multi,56543,14.188413503702723,14.308587835918996,193637.6161463391
04791_42,04791,multi,65039,6.7918702067296275,6.772971171478003,-16673.555134513415
04791_43,04791,multi,65259,8.017025684832722,8.011026769026849,-6274.714010918513
04791_44,04791,multi,61164,10.397219690364322,10.508313117909312,142051.38959011436
04791_45,04791,multi,65078,6.564231090668275,6.491917643696028,-61442.42528496962
04791_46,04791,multi,65106,5.487656450034119,5.549677912363447,44568.41760072764
04791_47,04791,multi,65093,9.350202521019877,9.318269068254619,-38805.11095449794
04791_48,04791,multi,65473,2.6290210034084986,2.6185546269054103,-3595.980275270529
04791_49,04791,multi,65049,3.7454107613704615,3.8104793432989723,31981.409432364628
04791_50,04791,multi,65364,3.2720094607955312,3.2940820490891527,9473.24599972833
04794_00,04794,single,65250,7.155917388804514,7.339277112750007,173423.72476776782
04796_00,04796,single,56018,4.819868410987634,4.877649891738843,31388.95622544363
04804_00,04804,single,50220,7.358662586534138,7.420123114963149,45615.427572981454
04812_00,04812,single,64024,5.275953795514847,5.284461579900888,5752.2834683172405
04815_00,04815,single,62870,6.155030629289455,6.110404314299102,-34412.596335807815
04821_00,04821,single,64410,4.660376998844906,4.65572483163509,-2791.5334873981774
04844_00,04844,single,63523,4.793058537103397,4.743716211779354,-29891.804812565446
04845_00,04845,single,60702,9.153561485960086,8.918307299264242,-258073.5085093025
04855_00,04855,single,64866,3.468749291186727,3.4381736696085423,-13698.626492727548
04861_00,04861,single,42739,7.122187459281373,7.156501948138758,20940.653821109794
04864_00,04864,single,62549,5.3605896619518685,5.344983339086619,-10450.350951287895
04871_00,04871,single,65393,2.7896283313158596,2.7733841203456606,-5909.3527450738475
04887_00,04887,single,63795,3.7207207106756504,3.6658889581436744,-25838.298963854904
04889_00,04889,single,64500,4.7109550316754305,4.749728747786784,23660.268426927738
04895_00,04895,single,65037,4.014640131954332,4.013869962712872,-402.14403195492923
04898_00,04898,single,64627,4.624222119930239,4.61462505932679,-5730.203123992309
04902_00,04902,single,63880,11.7276305171844,11.78035268237939,79172.34650066309
04906_00,04906,single,62316,5.953900979238082,5.917648224668222,-26819.333228150383
04947_00,04947,single,60286,5.498760720446017,5.3612959998853995,-89999.44189339597
04963_00,04963,multi,64950,2.0311846822571473,2.031030342629647,-40.721100957132876
04963_01,04963,multi,64589,2.84980755281761,2.8691085841056125,7129.397071504965
04963_02,04963,multi,64814,2.469969177820975,2.4657053754283424,-1363.9938411908224
04963_03,04963,multi,65039,2.492897353627371,2.4721605590909723,-6696.375492874533
04963_04,04963,multi,64757,2.8185721011687868,2.846225561155601,10144.265351668
04963_05,04963,multi,65037,4.387116406885102,4.418537841055396,17994.845935626887
04963_06,04963,multi,65173,5.71057402214748,5.754167774799237,32572.886540737003
04963_07,04963,multi,64584,2.4783564888649674,2.4739254700917552,-1417.208971273154
04963_08,04963,multi,65046,5.0503991210434265,5.018821066384756,-20682.441507901996
04963_09,04963,multi,65413,3.0593307801079037,3.0854407054576964,10494.830634411424
04963_10,04963,multi,65495,2.4524617627122507,2.4740660640500036,6970.907386583276
04963_11,04963,multi,64924,2.6825219753902516,2.679320759002729,-1114.3827280318365
04963_12,04963,multi,65516,2.9705607849628053,2.966622155971621,-1532.0497859157622
04963_13,04963,multi,64974,2.9040551310401663,2.9001616148559743,-1468.3352002780885
04963_14,04963,multi,64671,3.218226729755793,3.20383985554422,-5975.177719466388
04963_15,04963,multi,64916,2.2078692490350873,2.2161130876516375,2367.525237597525
04963_16,04963,multi,64718,3.6651178275994365,3.6757216487903133,5037.71055023279
04963_17,04963,multi,65062,4.360762661384357,4.365545812225562,2715.639065032825
04963_18,04963,multi,64358,3.815695555473295,3.756504995418376,-28845.435252489522
04963_19,04963,multi,62656,4.447915799415287,4.485999105576104,21317.639884422533
04963_20,04963,multi,63827,6.766366932411231,6.772479030651725,5281.732540816069
04963_21,04963,multi,64930,2.2351594895178915,2.2437047406916983,2485.067176946439
04963_22,04963,multi,65156,2.628649474899574,2.6416069806589753,4449.462737494148
04963_23,04963,multi,65046,2.7833625002463043,2.7942121724424402,3936.2493785442784
04963_24,04963,multi,64950,2.2899658216303225,2.2871220266329995,-845.4086541617289
04963_25,04963,multi,65056,3.3250917542811593,3.3772143345489223,22726.75978439767
04963_26,04963,multi,64781,2.7815602212144523,2.80572411028691,8746.11641855631
04963_27,04963,multi,65050,3.169191621823639,3.185407601362428,6703.145616274327
04963_28,04963,multi,65074,3.376653305929406,3.356266726917082,-8932.135734424926
04963_29,04963,multi,65085,3.140753929082139,3.185605873121164,18467.83853879012
04963_30,04963,multi,65472,4.330807851495619,4.320799864455289,-5668.904767420143
04963_31,04963,multi,65077,3.2890212614471217,3.2976081545122047,3680.6693780701607
04963_32,04963,multi,64665,4.605814723559486,4.65347384455799,28535.989024152048
04963_33,04963,multi,65389,2.6030639869517573,2.595559148930367,-2551.1403637453914
04963_34,04963,multi,64939,2.5260496446655276,2.5368562664058816,3553.001603262499
04963_35,04963,multi,64872,2.697948975097097,2.6996498097142405,595.5523919463158
04963_36,04963,multi,64488,7.466515334117882,7.4983117765192215,30685.213041716255
04963_37,04963,multi,64806,2.4928421869401545,2.5023629101047837,3082.0414719814435
04963_38,04963,multi,65036,3.3078629314227714,3.302916798857144,-2126.533659572713
04963_39,04963,multi,64810,2.952320766181758,2.932318727365333,-7628.447282450274
04963_40,04963,multi,64902,2.715421801700479,2.7035551592039964,-4173.527152857743
04963_41,04963,multi,64672,2.9811594103643513,2.9944585674242723,5139.527947383933
04963_42,04963,multi,64838,2.8926813570056176,2.8814657089178555,-4198.960847551934
04963_43,04963,multi,65071,2.7808121879509144,2.7787187595662086,-757.3275249991566
04963_44,04963,multi,65101,3.3946325784856457,3.4199111922920027,11214.442800365388
04963_45,04963,multi,64945,2.2056081651452133,2.227083085076747,6182.224286249839
04963_46,04963,multi,65041,2.60999900953138,2.627215889315429,5864.649364056066
04963_47,04963,multi,65114,3.564028141973233,3.5894104974783616,11822.822078974103
04963_48,04963,multi,62875,5.938995505442194,5.979853124883558,30618.60226288624
04963_49,04963,multi,65239,3.484105287845889,3.525118144015071,18754.142627577297
04963_50,04963,multi,64728,2.517867805157232,2.5541778137938533,11920.698157411942
04967_00,04967,single,37486,10.250930108108781,10.26983226317534,14540.318303122185
04985_00,04985,single,64609,3.219364705270834,3.2430576835281624,9892.54456762597
04991_00,04991,single,54700,6.9350864388314175,6.968429780882241,25358.356427162886
05007_00,05007,single,65211,4.441133223369069,4.329554503487233,-63816.926352995215
05015_00,05015,single,38326,5.805362935846218,5.842531691157039,16592.77202549856
05020_00,05020,single,13784,9.351613479337491,9.448774208239582,25178.67277492117
05024_00,05024,single,63233,8.396318070547009,8.429047965053977,34821.93603144493
05026_00,05026,multi,52180,4.397233119817228,4.396841419651983,-179.74133869633079
05026_01,05026,multi,52373,5.317697961680105,5.2708505250064,-25979.435734519735
05026_02,05026,multi,58706,4.871326913943672,4.936381199758382,37456.3915287815
05026_03,05026,multi,64715,6.469756742595684,6.521637354226944,43618.005240153056
05026_04,05026,multi,65037,7.19713039472634,7.245392691671133,45332.69704430178
05026_05,05026,multi,62980,6.352965451557683,6.409561533970676,45491.022650891915
05026_06,05026,multi,57954,5.2621692100001,5.240431787198227,-13230.867970931344
05026_07,05026,multi,53133,6.217026299990879,6.142262760618894,-49096.17751535098
05026_08,05026,multi,60003,10.989107919430039,10.909881540399391,-104103.86329287197
05026_09,05026,multi,56322,10.6381538511172,10.650521444855151,14829.001766968518
05026_10,05026,multi,57657,5.565588150866009,5.617721855585888,33615.609744787216
05026_11,05026,multi,56069,10.810019848390649,10.715772834011041,-113749.517955143
05026_12,05026,multi,63009,15.312876914798881,15.448920065867378,263688.367394235
05026_13,05026,multi,20346,10.347504154820857,10.513176244727465,70316.43762479816
05026_14,05026,multi,65059,5.057444355753013,5.11481048788817,37964.718537746
05026_15,05026,multi,53357,6.562589255123134,6.556822266041241,-4036.964101754129
05026_16,05026,multi,51128,4.395688598914034,4.401606813184465,2661.9424694468034
05026_17,05026,multi,57202,5.567541207600244,5.553643198601783,-8841.273883035406
05026_18,05026,multi,58169,5.581193340760973,5.576937728136556,-2762.1365511203185
05026_19,05026,multi,53164,4.411913667451957,4.455815507340006,20697.25697805162
05026_20,05026,multi,63832,5.180596452539748,5.044612840191755,-88755.89995431807
05026_21,05026,multi,58186,5.757137592144213,5.650047557182477,-71079.77650377154
05026_22,05026,multi,62564,7.652142728741112,7.62480261474419,-26131.320300320163
05026_23,05026,multi,61902,6.747030513048039,6.660435989480259,-71869.03749926388
05026_24,05026,multi,53432,5.8685597976941,5.799280628007084,-43191.13187104743
05026_25,05026,multi,56157,5.400109271277849,5.384511937005455,-9446.24433194939
05026_26,05026,multi,63764,7.856645232234887,7.87188408461356,15283.257531369105
05026_27,05026,multi,58819,4.954349537708354,4.896004546804784,-33804.38624169212
05026_28,05026,multi,52663,4.230980783309475,4.194845582115476,-16034.247310110368
05026_29,05026,multi,59586,5.0023505540215085,5.056330521009317,32353.247891501524
05026_30,05026,multi,59655,8.61435218888275,8.592924030141404,-21996.006294663064
05026_31,05026,multi,50694,11.438270289565358,11.6288856489973,222899.19724398013
05026_32,05026,multi,61026,9.178150122472214,9.290113678735866,126187.88416993245
05026_33,05026,multi,52015,4.9684998458511656,4.96629179663705,-1141.0275093205273
05026_34,05026,multi,63883,6.29924488807217,6.330990398054942,25614.097131609917
05026_35,05026,multi,53645,13.966053911183256,13.904343932478737,-92263.05151223578
05026_36,05026,multi,60960,7.848857485684424,7.692266891155209,-148351.88449889608
05026_37,05026,multi,58943,10.387088703822045,10.308358470086771,-96039.2128307987
05026_38,05026,multi,59422,5.570732461733786,5.6278369222826,37999.671599206515
05026_39,05026,multi,60458,5.675810452183076,5.674012871695715,-1233.477473711595
05026_40,05026,multi,53435,5.948546379666553,5.876561166849652,-45485.62912013568
05026_41,05026,multi,57812,5.776521816601077,5.814979129907394,25771.316787324846
05026_42,05026,multi,65071,4.378299206936382,4.312746060684531,-37072.59899880458
05026_43,05026,multi,52955,4.483613569535844,4.435913381180943,-22530.399285846623
05026_44,05026,multi,53260,14.489905755429287,14.702856652228041,331097.4440244436
05026_45,05026,multi,58205,7.4239893992369606,7.271658731891266,-130297.59000656381
05026_46,05026,multi,57269,4.4533315340089645,4.4212899556495,-16284.834153359756
05026_47,05026,multi,56120,13.082231067476135,13.236914721607086,228472.46907590702
05026_48,05026,multi,63575,3.5617934592327587,3.571000659321694,4175.164957510307
05026_49,05026,multi,59009,5.482203472127786,5.450228995665297,-20627.115501774475
05026_50,05026,multi,62115,7.030273631286606,7.052024254707099,19025.747366428375
05039_00,05039,single,62580,3.631435424928973,3.6253626176771405,-2757.8465170012787
05064_00,05064,single,63484,5.995168522750058,5.998798530134072,2763.9783882917836
05066_00,05066,single,47219,14.13350640520942,14.182416792989587,65395.613316623494
05070_00,05070,single,55671,10.026293287904085,9.920770656130982,-117180.0331382947
05077_00,05077,single,57300,4.884788551713122,4.905286201430301,11498.592867610045
05094_00,05094,single,59360,12.132196850715658,12.203940602956298,103640.5308360029
05111_00,05111,single,59486,6.150230601696895,6.2461273136813,70715.17011815868
05126_00,05126,multi,34744,4.098965023679758,4.148468162458502,14185.065934990533
05126_01,05126,multi,61778,4.833360871606037,4.837427700198191,2429.6941117318347
05126_02,05126,multi,53992,4.679464041572812,4.69203013975555,6358.266159154475
05126_03,05126,multi,64972,6.013217838332382,5.967730963766828,-35408.17517130263
05126_04,05126,multi,56873,4.682313539926875,4.682039736397054,-145.82197283953428
05126_05,05126,multi,60494,4.972357458703091,4.9535840129976405,-11272.701394574717
05126_06,05126,multi,63856,3.3631468076438913,3.369486495011309,2725.5522572882473
05126_07,05126,multi,62146,10.613787440047728,10.785500181987405,228357.36332595441
05126_08,05126,multi,30031,4.206654123625113,4.2020636092115655,-1159.2068090997636
05126_09,05126,multi,65121,8.464564007457842,8.46887582399701,4754.737265666015
05126_10,05126,multi,52498,5.508211484588375,5.505649543378564,-1481.32894972153
05126_11,05126,multi,60836,4.606037622204143,4.626312229161084,11387.420244667679
05126_12,05126,multi,64573,3.5058148337388078,3.5143612264462667,3874.19800008554
05126_13,05126,multi,63249,10.448121761955422,10.60830284235272,213328.81044236757
05126_14,05126,multi,57522,6.1587789469315,6.053692368197949,-73821.82670256775
05126_15,05126,multi,46854,5.99325431173028,5.973502280408662,-11074.77460657712
05126_16,05126,multi,50330,13.330152649151723,13.273523501347118,-75824.33480154909
05126_17,05126,multi,27901,3.5896227789939066,3.622972906744861,6711.334093224257
05126_18,05126,multi,27986,3.952281631799203,4.000209692667246,10666.793606209569
05126_19,05126,multi,59354,8.393128451614297,8.399945481317747,6794.7796698389575
05126_20,05126,multi,49696,10.097201542612138,10.002941214073015,-94156.33059420343
05126_21,05126,multi,60469,3.628449766444243,3.614200800858451,-6240.4176517073065
05126_22,05126,multi,60930,4.585902853572861,4.676947598509993,51384.33189486526
05126_23,05126,multi,58321,8.637374774082804,8.659592905366521,22413.12764719501
05126_24,05126,multi,28987,3.9644309528355146,3.9840345151735925,4516.703273433261
05126_25,05126,multi,29878,3.8205125464249856,3.862117114856128,9549.979580257088
05126_26,05126,multi,51487,7.450912913206568,7.428391015001333,-17253.817242256366
05126_27,05126,multi,42680,7.17123555729443,7.119896646233907,-31313.93892864976
05126_28,05126,multi,45248,7.249205507576496,7.307966814025194,38705.069690752774
05126_29,05126,multi,60975,3.858768885337215,3.822774345029498,-16859.19832284935
05126_30,05126,multi,63254,9.978226003358436,10.181152673317376,258764.24414599873
05126_31,05126,multi,42265,6.198704770862352,6.1814642559861035,-9021.062237063423
05126_32,05126,multi,29870,14.229284305521283,14.2299822140893,593.2769227344543
05126_33,05126,multi,61596,4.903452747120996,4.872183804557531,-18828.284484641626
05126_34,05126,multi,49135,4.904448998021533,4.912300814573001,3787.2923223664984
05126_35,05126,multi,54633,7.928049519556105,7.951183040760494,20069.026252218522
05126_36,05126,multi,28670,3.281523494028411,3.2835745393122946,386.05053401738405
05126_37,05126,multi,60211,4.553435520589659,4.552949487928756,-266.49391832668334
05126_38,05126,multi,55314,7.5665243640254145,7.558299242406602,-6881.255952708423
05126_39,05126,multi,64590,6.744934977530762,6.776811547451245,27840.027377385646
05126_40,05126,multi,58388,4.445995250582646,4.4561030280598874,5253.777258151909
05126_41,05126,multi,64094,7.678170983696485,7.77461466525315,95520.7968632048
05126_42,05126,multi,59366,9.32810070616155,9.406730138636668,87452.59583055042
05126_43,05126,multi,60858,6.8140237987150645,6.87641858251872,51985.64561441913
05126_44,05126,multi,52855,5.076879354052149,5.0537195722821355,-12400.970140923746
05126_45,05126,multi,55816,3.34191823666018,3.3820374564015014,15056.91612142697
05126_46,05126,multi,53736,8.669518376067288,8.77601779284908,99838.2330726618
05126_47,05126,multi,49631,9.731252491312214,9.722856759796931,-8106.3045916305855
05126_48,05126,multi,57459,3.525227670306576,3.5292393502193646,1626.1048485869542
05126_49,05126,multi,28737,4.1556583095563715,4.1425521196285855,-3125.376402951777
05126_50,05126,multi,60484,4.626434697034025,4.616470333937223,-5570.555944181047
05136_00,05136,single,38671,8.472352633382242,8.541182712976758,45285.4035464935
05145_00,05145,single,65525,0.9999178495990249,1.0186965482770958,2483.852998671122
05150_00,05150,single,65351,2.690659715130362,2.6728671097553303,-6236.518875674345
05151_00,05151,single,49312,4.489484801462014,4.553110995184022,28371.459580448456
05159_00,05159,single,42053,11.54132234680011,11.602992200946954,60022.520349137485
05172_00,05172,single,38859,6.915889676795724,7.017919078842926,55244.215044780634
05190_00,05190,single,55564,5.489150748399672,5.506534047366861,10620.573868208565
05201_00,05201,single,65079,3.7515366573691735,3.8322202626756874,39820.85415819008
05208_00,05208,single,57586,6.697740795845146,6.678319344476231,-14959.83513269946
05222_00,05222,single,62866,5.934647391363576,5.946427152853718,8798.48800171446
05241_00,05241,single,64476,4.701061482506144,4.733578228502464,19780.191195909865
05268_00,05268,single,65303,4.719386686474144,4.630040806236378,-54549.7397358045
05271_00,05271,single,64402,8.812213860012113,8.832596633248272,23162.19031783752
05287_00,05287,single,65036,6.370663205354384,6.379023189083558,6932.003240771592
05296_00,05296,single,61201,4.153033953999358,4.172158637790853,9744.219776937738
05298_00,05298,single,63625,6.400323521055289,6.385727002684088,-11874.449634340592
05326_00,05326,single,60715,7.978302649958947,8.07133935391071,90659.98963977583
05341_00,05341,single,58987,5.093408331716924,5.156081862676225,37891.58188727219
05350_00,05350,single,64522,4.552704315495893,4.565084263889039,7283.0983192157
05364_00,05364,single,60539,7.434021768245232,7.444532742297215,9467.579209591262
05370_00,05370,single,63189,3.9939603087251117,3.981719746384143,-6168.94042923674
05372_00,05372,single,63197,8.457249565770606,8.489067232146418,34075.332887092605
05377_00,05377,single,52727,5.142489681437021,5.134851799196756,-4138.917855675332
05393_00,05393,single,64931,3.7757757584300107,3.7732650605232654,-1230.6606819275767
05397_00,05397,single,60195,5.86050330345505,5.870910931647233,7349.580610164441
05401_00,05401,single,64094,3.8754676267180157,3.865214341850177,-5086.97524411045
05427_00,05427,single,64123,6.8047794914483095,6.896047394462667,80182.3321500998
05431_00,05431,single,35946,6.568031632374585,6.4768587759185,-42752.01278878725
05432_00,05432,single,56080,4.666314817509654,4.696279174137067,15732.913426535204
05468_00,05468,single,53517,7.261171159617347,7.303266213447987,32810.779018099885
05471_00,05471,single,39320,12.013729795143417,11.500807903268703,-474243.2841224298
05477_00,05477,multi,63577,5.07331863428609,5.084775019173555,7398.7753215339035
05477_01,05477,multi,64312,5.285278496682194,5.290577748254773,3604.3096279157326
05477_02,05477,multi,65037,3.8883435179867707,3.9593042631740634,36217.475116284564
05477_03,05477,multi,64149,6.884209998084823,6.833195256368679,-44890.82140160911
05477_04,05477,multi,65123,2.7937354585332814,2.7991411058769775,1968.8713659178466
05477_05,05477,multi,64281,5.009512251312472,4.992712456403589,-10801.47864418663
05477_06,05477,multi,63557,6.339607499845428,6.35580514002626,13069.589830252342
05477_07,05477,multi,63168,7.052739021156488,7.016397583577175,-32297.334097245708
05477_08,05477,multi,59097,11.857691282590205,11.891282752107822,47145.39630923793
05477_09,05477,multi,53014,8.3107700314142,8.403940091867144,82559.26163763413
05477_10,05477,multi,64212,4.3376629131318145,4.3258189644261575,-6588.782723105513
05477_11,05477,multi,64576,5.20635164204386,5.207939305834269,1067.7249391674995
05477_12,05477,multi,64255,5.283685042826155,5.311288314222909,18791.75546190329
05477_13,05477,multi,64789,4.082661800618358,4.109172714850595,14070.422938183881
05477_14,05477,multi,64093,4.955053943605161,4.93338128538675,-13735.686037065461
05477_15,05477,multi,65056,4.726531732941004,4.722667166673276,-2375.6535511910915
05477_16,05477,multi,64699,5.622132325729523,5.693243873957648,52060.303992300294
05477_17,05477,multi,64002,5.511506202092936,5.486493058688284,-17606.60028021317
05477_18,05477,multi,65037,4.164688286600377,4.161403492658655,-1778.7291606031358
05477_19,05477,multi,62089,11.348390632483333,11.318898000619747,-41507.61404002085
05477_20,05477,multi,64522,5.381073896908009,5.346431140989402,-23978.332709955983
05477_21,05477,multi,64245,6.955351059413049,6.9384123297345885,-15119.591907031834
05477_22,05477,multi,64562,6.187251495958967,6.220461119101981,26603.12460935861
05477_23,05477,multi,64082,4.50825731410274,4.481177816407729,-15599.442035158398
05477_24,05477,multi,65086,3.8768353524868693,3.8860567689019185,4659.172252399847
05477_25,05477,multi,65045,4.374371753003721,4.382558755046821,4663.271702803671
05477_26,05477,multi,65043,4.3320836346800204,4.273702398898821,-32678.671434290474
05477_27,05477,multi,65042,3.238040559240076,3.243559978243108,2326.856032587588
05477_28,05477,multi,64395,7.95490618121589,8.032761223594406,80153.77810016507
05477_29,05477,multi,63424,5.671814491115228,5.655511941742451,-11712.14846382942
05477_30,05477,multi,61538,16.84873012768201,17.336754323744554,1026659.5963901058
05477_31,05477,multi,64132,5.208428831947422,5.221585289031801,8800.323431395926
05477_32,05477,multi,64781,4.5353072877490845,4.4863009418400575,-28640.720065344125
05477_33,05477,multi,64665,5.631129826971478,5.614357193575648,-12196.881520520896
05477_34,05477,multi,64308,3.739256759882481,3.7383474814062905,-437.2445349385962
05477_35,05477,multi,63875,6.726511332729027,6.682477684478271,-37714.783331822604
05477_36,05477,multi,60001,14.386513496730473,14.289728948525019,-166527.80557481572
05477_37,05477,multi,62630,8.618177421131856,8.531853252513272,-92721.34380851034
05477_38,05477,multi,62980,10.150378598414415,10.185116154208094,44489.41105669178
05477_39,05477,multi,64748,8.570315107243685,8.57522127283052,5446.526688303798
05477_40,05477,multi,63720,7.297474149864689,7.22718201812692,-65056.147535054944
05477_41,05477,multi,23334,8.64311052647216,8.667134076657462,9703.526267693378
05477_42,05477,multi,64823,4.886372025954101,4.915859832598431,18736.849454075098
05477_43,05477,multi,64077,3.8833609409934775,3.8873749104633126,1998.6575190454023
05477_44,05477,multi,64339,3.56008672080719,3.5767047555386213,7630.5699250772595
05477_45,05477,multi,64388,10.735468346691263,10.731663362273308,-5259.347161091864
05477_46,05477,multi,65039,3.7789995357029715,3.821563921454795,21040.982489190996
05477_47,05477,multi,62205,6.04781456401579,6.028637819198179,-14405.872174965218
05477_48,05477,multi,63446,15.812020159881893,15.792434555857236,-39272.58771671727
05477_49,05477,multi,54934,6.317650656555242,6.258287662152357,-41010.72258784808
05477_50,05477,multi,65136,3.431517487689982,3.4451422220397916,6102.765216341242
05480_00,05480,single,65060,6.219403284772373,6.251781743786727,26271.08183019422
05482_00,05482,single,65471,2.4650370342786614,2.4723990900940707,2379.8499210588634
05496_00,05496,single,30249,5.242884353321621,5.299256904514189,17976.599494135007
05501_00,05501,single,65455,3.6430677560166864,3.6166096832824044,-12572.404860107228
05512_00,05512,single,65190,4.96151971567034,4.944583822124762,-10936.842528736219
05516_00,05516,single,65390,5.123823228072052,5.1193798171987055,-2976.2101426189765
05528_00,05528,single,35569,12.833881127347283,12.925444897147583,83893.79028916359
05530_00,05530,single,60677,6.0394713933558934,6.036675441669781,-2048.7178330495954
05542_00,05542,single,64716,3.931219222644589,3.968958676581165,19294.97184913128
05598_00,05598,single,41916,11.415004709346107,11.455611973207091,38927.94107829034
05604_00,05604,single,44239,10.619294338193573,10.50661193219541,-105311.733476758
05610_00,05610,single,57491,6.0725531265251895,6.109838623951323,26113.937795924954
05623_00,05623,single,65130,4.178524447648478,4.1939302498624125,8400.75274201855
05627_00,05627,single,65038,3.104150658791101,3.102045204492777,-849.8425549250096
05644_00,05644,single,52290,4.404451013071823,4.380131786786176,-11170.935295118019
05658_00,05658,single,57281,4.956872546631128,4.969334760266523,7085.803821733221
05661_00,05661,single,65508,2.563784667371346,2.5441819979939897,-6559.301741681062
05672_00,05672,single,48722,8.638092919466242,8.61744709176959,-17357.451524512842
05677_00,05677,single,60753,7.479809692535485,7.590082824553484,100959.59342005663
05680_00,05680,single,65476,3.8971635361930703,3.873264820994839,-12159.106277020648
05684_00,05684,single,61406,8.067144380823411,8.094342828529577,26992.073597840965
05687_00,05687,single,45325,6.880901681005097,6.8646584007503515,-10119.84803000465
05696_00,05696,single,65041,3.0715153456734483,3.0901237695636676,7457.496507560834
05743_00,05743,single,51224,7.747698202902119,7.665914686086246,-64571.92271493003
05744_00,05744,single,65058,4.265399139797953,4.276264043077966,6037.66503357701
05776_00,05776,single,64375,5.157646002920448,5.227636104488038,46792.05987442285
05782_00,05782,single,63513,5.101827969077511,5.113210133507557,7384.608452431858
05787_00,05787,single,63194,9.91952544753377,9.850426931796965,-86327.70345966797
05790_00,05790,single,63299,8.711858047654687,8.785777926546334,81872.39083899371
05792_00,05792,single,62790,5.763809851868003,5.7275693386189035,-26149.113996847533
05805_00,05805,single,62546,4.4333104013827755,4.468390205652009,19531.234100968577
05810_00,05810,single,54420,5.029876298728335,5.020283448921931,-5246.614404092543
05830_00,05830,single,40235,13.59085399337542,13.604757179787716,15213.080897630192
05841_00,05841,single,62983,5.374157651200246,5.409702318182477,24141.932569773868
05845_00,05845,multi,62728,9.523011850387757,9.476164336981155,-55831.94470075425
05845_01,05845,multi,63826,4.947183760836582,4.976655542873178,18667.396309375763
05845_02,05845,multi,61722,9.306632041365724,9.376365499130625,80413.27448900603
05845_03,05845,multi,63928,7.019108494531054,7.08257924623629,57218.41893808916
05845_04,05845,multi,58284,8.941651442387219,9.048879349985087,112434.90516004153
05845_05,05845,multi,63453,5.981561225780915,6.055561840046963,56521.045343531296
05845_06,05845,multi,61701,6.59538356000991,6.682975796986335,71763.27308764309
05845_07,05845,multi,63338,5.433859854733142,5.545036579384282,77310.22002533358
05845_08,05845,multi,63549,5.470484435536125,5.476243597428094,4006.3818169711158
05845_09,05845,multi,63310,4.0521801999066325,4.017381486655221,-17778.104093890637
05845_10,05845,multi,62824,7.245818712485572,7.163954528955471,-74109.97483911831
05845_11,05845,multi,62666,5.828145963903169,5.848096593716751,14597.943988259882
05845_12,05845,multi,63683,3.2394423578847737,3.2685651763695915,12069.935923035257
05845_13,05845,multi,62814,5.849734340249752,5.7727428370678195,-56207.976530625485
05845_14,05845,multi,63459,4.020926328453462,4.010829722658884,-5146.110810117796
05845_15,05845,multi,63966,4.798800511829575,4.84553855796503,28833.158363772556
05845_16,05845,multi,65039,5.37275372443882,5.357812602042258,-10427.488557934761
05845_17,05845,multi,63624,4.821361930593779,4.831087507761583,5972.743838403374
05845_18,05845,multi,63968,4.8553600889011745,4.90215768643251,29209.604835842038
05845_19,05845,multi,61295,11.625819478108232,11.673123608546062,67555.44100455288
05845_20,05845,multi,64245,7.684968730641862,7.676566427101668,-8292.248708182015
05845_21,05845,multi,57112,8.362142054863707,8.263550378854388,-93615.4136125436
05845_22,05845,multi,63560,4.801716375624035,4.785749566181815,-9729.843724141829
05845_23,05845,multi,49654,6.149283707159544,6.0986424196207185,-30797.930677964352
05845_24,05845,multi,53313,6.48619566741654,6.4781239015645085,-5578.936325535178
05845_25,05845,multi,62330,16.235995482041275,16.173755254916944,-125731.46808997914
05845_26,05845,multi,42850,5.364658785441698,5.407884563180181,19953.169537355192
05845_27,05845,multi,63914,6.218585909738062,6.315426873613724,77579.18896124978
05845_28,05845,multi,63790,4.165134524630433,4.260267012563579,51129.56106830295
05845_29,05845,multi,63434,6.547285019612428,6.538795184552859,-7047.432557636872
05845_30,05845,multi,60523,9.020250165669287,9.004444084369165,-17242.989549922757
05845_31,05845,multi,63877,5.872773870505424,5.880240077974802,5605.234889725223
05845_32,05845,multi,63629,5.379332162938761,5.422651776470029,29774.41234354209
05845_33,05845,multi,63382,7.532428436318966,7.557564433887609,24040.920891274698
05845_34,05845,multi,60946,6.713267962501412,6.682435995703581,-25171.66702146735
05845_35,05845,multi,53108,11.573425171705955,11.533823448246741,-48598.43347871769
05845_36,05845,multi,64487,9.20796139016393,9.11462255451273,-110286.22531040944
05845_37,05845,multi,63768,5.250464162593708,5.3146617922958335,43251.03140156809
05845_38,05845,multi,57693,7.383925094543711,7.356460303961408,-23356.526317589916
05845_39,05845,multi,62458,7.445218802135662,7.383725039133169,-56954.67310707364
05845_40,05845,multi,63210,4.446180042044177,4.450450997527559,2401.7976468671113
05845_41,05845,multi,60840,9.020639972722027,8.992522015089202,-30815.053929898888
05845_42,05845,multi,63323,5.292820169673149,5.315315700899674,15111.12537460588
05845_43,05845,multi,45207,5.415585975409259,5.448391725810282,16111.817332033068
05845_44,05845,multi,63352,7.538773775144771,7.4995279132990005,-37389.787229842506
05845_45,05845,multi,62694,8.835384930715858,8.791882978304926,-48075.04879758507
05845_46,05845,multi,49263,7.279855566675743,7.231754274755048,-34386.9130285345
05845_47,05845,multi,63809,5.511713773797347,5.589417986218347,55041.94332742598
05845_48,05845,multi,52095,5.435517441057618,5.430906436990555,-2610.226471044123
05845_49,05845,multi,63416,6.034333171018443,6.061579539508387,20899.991773884743
05845_50,05845,multi,63335,10.23716896891142,10.194921699226283,-54670.7748303134
05861_00,05861,single,65095,3.4703653677256656,3.490342165126648,9051.631871027872
05875_00,05875,single,28051,6.1548302219759865,6.199748180457265,15566.690376983956
05877_00,05877,single,54161,5.44893949738168,5.547267865618988,58560.992346772924
05886_00,05886,single,59609,10.379642241341312,10.292747151568511,-107077.3832362555
05898_00,05898,single,64970,4.740639666693846,4.791195940505229,31308.65908464603
05918_00,05918,single,65199,8.692052027982765,8.695912434858212,4376.4579404480755
05936_00,05936,single,32383,5.699140648095923,5.636021755826147,-23168.834916918655
05942_00,05942,single,65501,1.07264422428795,1.104056677071526,4478.664561373182
05950_00,05950,single,65056,2.39639602265187,2.4073919987624826,3436.4100420009345
05977_00,05977,single,62797,5.130482487444157,5.174615404331545,28559.70062492974
05978_00,05978,single,47845,6.794201744424516,6.749009172288623,-29283.65359952068
05995_00,05995,single,51309,6.4454296624667835,6.434948305609318,-6926.911920988932
06004_00,06004,single,53827,7.590518150168724,7.618286329286257,22732.26207564678
06005_00,06005,single,44061,5.5251813011440944,5.551067478739576,12633.246718666516
06020_00,06020,single,61247,8.910642396750255,8.98771715984177,84490.96059578657
06026_00,06026,single,52120,7.52115974514357,7.78339581252503,209178.74482362857
06039_00,06039,single,62031,5.790463105491744,5.790015813184496,-321.31184197589755
06042_00,06042,single,61149,7.277737347086469,7.325328331685454,42496.98186959885
06049_00,06049,single,55964,7.914029568322123,8.000353821585987,76883.18998672254
06062_00,06062,single,59477,11.734797047626493,11.687646838511158,-65684.80048787966
06064_00,06064,single,55653,4.308904814614537,4.30213347977178,-3245.0275699635968
06066_00,06066,multi,64352,7.641466414897141,7.599199812987582,-41453.70327923633
06066_01,06066,multi,62779,4.139082344843598,4.13901183110009,-36.64532080665231
06066_02,06066,multi,62936,5.19559616126569,5.1848610233298755,-7013.313421005383
06066_03,06066,multi,47676,9.265512143093185,9.23451631263358,-27338.55049100984
06066_04,06066,multi,64353,4.662498177296209,4.680026698333852,10538.48871221114
06066_05,06066,multi,61430,4.093104274423994,4.095662857522509,1287.0593177778646
06066_06,06066,multi,65041,4.072928212749105,4.087699113471968,7840.0301771322265
06066_07,06066,multi,64091,5.28482013429265,5.237556795793654,-31873.906772586517
06066_08,06066,multi,65072,5.7042871440673615,5.7050489162249605,565.5612202296034
06066_09,06066,multi,61490,9.671328604725597,9.672493731243934,1385.861642729491
06066_10,06066,multi,63458,6.670782215861827,6.661228089944956,-8083.007499737665
06066_11,06066,multi,63965,5.936716359768805,5.934555726075137,-1640.66837767791
06066_12,06066,multi,56740,9.150217698373904,9.214160518287773,66628.08712730091
06066_13,06066,multi,64349,5.784417607030529,5.77402793927656,-7727.569029356353
06066_14,06066,multi,65038,5.139275966589633,5.203298399777758,43065.352421159856
06066_15,06066,multi,64341,7.559185330207727,7.615001180729838,54494.26147269923
06066_16,06066,multi,64746,4.916727009979243,4.904199809696396,-7965.617325983942
06066_17,06066,multi,56813,8.45484792566212,8.477853184715785,22131.002804962918
06066_18,06066,multi,65099,4.755058240894747,4.761717902459688,4125.8775120852515
06066_19,06066,multi,62086,8.19024405078197,8.207044368965812,17103.430344847962
06066_20,06066,multi,63825,3.9725011984555776,3.9613521227135915,-5645.648774595
06066_21,06066,multi,60582,10.12435050234396,10.17364385799565,60615.6990416348
06066_22,06066,multi,63198,5.142961736001799,5.088386907714124,-35288.126079959795
06066_23,06066,multi,64158,3.890034004713577,3.8989740109302633,4467.564062479883
06066_24,06066,multi,65045,4.58320586740041,4.6187606099593665,21281.003503724933
06066_25,06066,multi,65076,4.6746240348714565,4.725264011587092,30976.834035643376
06066_26,06066,multi,44779,9.267777830325205,9.231796007676342,-29807.06902826624
06066_27,06066,multi,63497,4.85336827032586,4.85252310688744,-520.8699884172529
06066_28,06066,multi,64633,5.595011568711666,5.5885735357283925,-4653.594728939235
06066_29,06066,multi,58682,7.0898581579561215,7.037601306039606,-43322.37128765136
06066_30,06066,multi,61910,4.070592553656312,4.077646158877346,3558.243764425628
06066_31,06066,multi,52133,16.487338471552153,16.433910105347987,-91698.22078678943
06066_32,06066,multi,60273,6.052591411121669,6.044470417723911,-5921.229118132964
06066_33,06066,multi,60604,6.73922607782898,6.690895775500097,-39336.95640619658
06066_34,06066,multi,63650,4.105781506863378,4.114346884083902,4481.501054890454
06066_35,06066,multi,63486,7.835806847069514,7.844762270528693,8915.093703681137
06066_36,06066,multi,64560,5.4112213523777095,5.34991303790138,-42593.26705090143
06066_37,06066,multi,63899,7.481520223370473,7.442902560608557,-36827.9538843045
06066_38,06066,multi,65041,5.219395088816355,5.245559711139326,17808.979623096064
06066_39,06066,multi,59595,6.088006755231613,6.06956206006861,-13363.74076974485
06066_40,06066,multi,61728,5.754018036247849,5.758405970313995,3118.236677869223
06066_41,06066,multi,63230,7.602095504144042,7.591353714670307,-10319.441583533771
06066_42,06066,multi,61840,10.405638908904063,10.33558752961947,-89850.52200128976
06066_43,06066,multi,65071,3.2353786684829493,3.2288751182520525,-2735.623831017874
06066_44,06066,multi,65036,3.335839389781,3.342596108604218,2934.7046798933297
06066_45,06066,multi,65058,3.8598071820689746,3.866571674529067,3400.258420580998
06066_46,06066,multi,45447,8.838610415811157,8.861632502464923,18519.49462881405
06066_47,06066,multi,65048,4.533682182154402,4.48682121382579,-27496.409113715403
06066_48,06066,multi,59969,5.230789177984574,5.214007229238368,-10511.608473056927
06066_49,06066,multi,65045,3.5841634367691295,3.5460106887345364,-17694.564503611065
06066_50,06066,multi,38707,16.903359504745985,16.951953886454124,63679.90568906069
06070_00,06070,single,43353,5.576833420975719,5.645120912377196,33222.23237785045
06076_00,06076,single,58854,6.089400389022781,6.176709234730211,63029.0952602746
06085_00,06085,single,65458,3.212352945883393,3.1854534254970126,-11265.185838174075
06091_00,06091,single,61523,5.543154139474527,5.5726051014797555,20140.772393943742
06099_00,06099,single,65483,3.4828263062736475,3.5286751845073505,21050.785833521746
06109_00,06109,single,65509,2.619169722591787,2.5938916992490153,-8632.506667207868
06114_00,06114,single,65480,3.686270001031918,3.738579210990903,25431.646000703797
06116_00,06116,single,57734,4.422835846489593,4.431565890116985,4462.798563012853
06117_00,06117,single,65307,2.2871253318796683,2.3105709936562007,7039.8355271127075
06118_00,06118,single,60708,11.967226712933217,11.965739608365148,-2160.6477156989276
06128_00,06128,single,55724,5.674437440620391,5.634150719051788,-25387.07106113597
06133_00,06133,single,64697,3.233512512344465,3.2287906148043315,-1974.1858176076785
06139_00,06139,single,21282,6.1852943585795614,6.226562035424587,10900.820844004746
06143_00,06143,single,59763,3.2749839111276766,3.2856803629655733,4193.918094371329
06148_00,06148,single,43653,10.312222718868805,10.381401649683252,62492.0112791108
06151_00,06151,multi,61194,4.846457509580228,4.84859282317707,1266.8365233764052
06151_01,06151,multi,62168,5.301579867098779,5.3297127464651295,18593.75703215506
06151_02,06151,multi,62886,4.695192918399677,4.704201436705204,5324.847908619791
06151_03,06151,multi,45575,12.891141679043672,12.809509621836211,-95616.21497323364
06151_04,06151,multi,59060,6.81673232534754,6.843549671041721,21635.597720327787
06151_05,06151,multi,55163,7.549092098635518,7.618660424238826,58207.729848820716
06151_06,06151,multi,62924,4.84276683506126,4.846009067672756,1976.6482992758974
06151_07,06151,multi,60498,5.390907171162421,5.438678409496926,31298.199501747265
06151_08,06151,multi,63518,5.301633773774429,5.329879404014591,19074.060960412025
06151_09,06151,multi,63509,5.050346044475298,5.128940652850592,50809.553104740335
06151_10,06151,multi,61470,5.331290941948141,5.396370480124094,42915.35740244016
06151_11,06151,multi,62875,7.152392134036269,7.230956570358157,71049.98759263754
06151_12,06151,multi,64747,7.682910643160815,7.634357103183989,-48152.834155083634
06151_13,06151,multi,61689,10.531881610878097,10.470404446035847,-79650.43105145171
06151_14,06151,multi,64058,3.1142798833734187,3.1515510624734073,14959.779097774997
06151_15,06151,multi,63342,5.310151887212384,5.346769554956065,24718.050548130646
06151_16,06151,multi,63443,5.0423445952538595,5.015013818265576,-17438.921264153905
06151_17,06151,multi,57197,12.09004336996091,11.986316451546136,-142841.8780453764
06151_18,06151,multi,64305,5.371974220032898,5.370715914974731,-869.2480677601416
06151_19,06151,multi,29257,12.993929233830215,12.722292498530559,-204373.91087551136
06151_20,06151,multi,61144,5.601988869320872,5.688901474905382,60001.87283101026
06151_21,06151,multi,44473,18.604934854862556,18.4238610933416,-298188.9463576209
06151_22,06151,multi,63387,3.458763655143147,3.4621319566668025,1477.6563974339515
06151_23,06151,multi,63800,4.875277661360462,4.860681222086043,-9066.639221185818
06151_24,06151,multi,41828,4.195516772128464,4.188980395479051,-2292.351395324804
06151_25,06151,multi,61673,4.287648802055763,4.364477640466712,40996.06747697946
06151_26,06151,multi,45254,12.906956395147608,12.88577343426325,-24725.264480792917
06151_27,06151,multi,61168,5.738510354336772,5.713617069923832,-17437.838590363972
06151_28,06151,multi,62974,7.447019396527799,7.4178942189338475,-27264.168160578236
06151_29,06151,multi,63853,4.969825710538534,5.004555563489674,22119.24078238476
06151_30,06151,multi,60311,5.283084845697853,5.365460866010696,52903.89354934823
06151_31,06151,multi,61690,5.374491401990006,5.409770944600028,23470.814473077655
06151_32,06151,multi,63305,5.373561517830648,5.409046896183838,24222.071776409866
06151_33,06151,multi,61726,6.8794724809661725,6.88843462519325,7616.369238247164
06151_34,06151,multi,63930,3.2130512203662525,3.2257535048820896,5228.676764899865
06151_35,06151,multi,61832,7.594292189269774,7.5814921998549565,-12010.858551863581
06151_36,06151,multi,42095,5.042354711150928,5.024270823028807,-7663.130811293609
06151_37,06151,multi,61847,4.945588046275524,5.016279891369532,43554.06906364858
06151_38,06151,multi,63660,3.8247130878483406,3.8044359692091034,-9848.021240382455
06151_39,06151,multi,62961,4.628124605888638,4.612571219002447,-9049.014146941714
06151_40,06151,multi,63558,5.12838023467087,5.1469758707459805,12144.458153479733
06151_41,06151,multi,59543,5.953655121775353,5.953400759009072,-180.33857909217477
06151_42,06151,multi,64103,5.195312306500476,5.224931910548755,19784.9747802068
06151_43,06151,multi,62126,12.063375870116193,12.03194317115385,-47053.04640383832
06151_44,06151,multi,64597,4.958952438664396,4.954776696479258,-2674.1334401918575
06151_45,06151,multi,63853,3.9653598829157093,3.9699245734495174,2312.8908905042335
06151_46,06151,multi,54102,6.821765975572616,6.837635308695637,11727.451909121126
06151_47,06151,multi,58420,10.20700671742155,10.208825190287962,2168.8796766996384
06151_48,06151,multi,64019,4.155150664362287,4.169713361111314,7761.181514846161
06151_49,06151,multi,63460,7.0117050236737155,6.957576654064008,-47984.29167883005
06151_50,06151,multi,63413,5.306518472429562,5.312317326870014,3904.7875723456964
06153_00,06153,single,64965,4.234394663309323,4.288665438530061,30049.760775920004
06176_00,06176,single,63564,3.599348372400101,3.644212847273158,20656.937844550237
06188_00,06188,single,63550,9.652478189229976,9.693493704021101,50425.97151717264
06195_00,06195,single,55586,7.350835377607652,7.331911409717374,-15444.894096587785
06196_00,06196,single,43616,5.087472475049433,5.078222532423276,-4101.303880561143
06202_00,06202,single,44305,8.221645629385673,8.25508172529955,24408.397009869106
06208_00,06208,single,62933,8.462418925233886,8.516169140023733,57432.82920155674
06209_00,06209,single,56842,7.185778685193078,7.124547680027149,-49806.98781743087
06213_00,06213,multi,59736,6.956206933013411,7.155347351623389,167868.9619103456
06213_01,06213,multi,63923,7.3755316553349894,7.434524781497949,55848.98353530746
06213_02,06213,multi,61633,4.055863197785947,4.108918476610986,26698.47682344448
06213_03,06213,multi,53175,6.606487549731695,6.5636543334445046,-29997.056316967122
06213_04,06213,multi,55024,10.087085622535573,10.038759946264872,-53516.07265210338
06213_05,06213,multi,60801,6.9052178100787165,7.043827151323559,117556.7838000888
06213_06,06213,multi,64879,8.99471342953811,9.118985007050812,146043.78899137862
06213_07,06213,multi,60680,4.8860335243576,4.905433411303435,11526.36937422026
06213_08,06213,multi,40477,7.810935497754774,7.847117529435114,22931.846488704905
06213_09,06213,multi,51352,9.662487473876007,9.842122219387992,179922.28989725746
06213_10,06213,multi,62029,4.937078726324089,4.873642334975376,-38604.16626625415
06213_11,06213,multi,61237,5.145347693102845,5.149813907106894,2815.7014432754368
06213_12,06213,multi,35242,6.862096350640592,6.863783847222731,816.2884521987289
06213_13,06213,multi,61723,5.211862650605651,5.190502509959999,-13714.602651123889
06213_14,06213,multi,54792,9.463962301652233,9.281761759257318,-187141.03996454272
06213_15,06213,multi,43550,8.079360316985877,8.095173096928923,11138.536900550127
06213_16,06213,multi,62007,5.982724952733191,5.8948621010106015,-64710.4227384557
06213_17,06213,multi,53673,7.807396312051365,7.831456183608739,20195.474355087616
06213_18,06213,multi,59967,6.234128011946324,6.272532762045036,28803.060494677164
06213_19,06213,multi,62765,8.728538026383466,8.6949333832987,-36749.50615382474
06213_20,06213,multi,61506,3.7766355939880047,3.798874037904607,10361.764889720827
06213_21,06213,multi,61811,4.954298925087128,4.986501469760105,19786.87976161018
06213_22,06213,multi,53525,10.469849129667463,10.48551936240214,17576.298707708716
06213_23,06213,multi,61797,5.73567267415265,5.689809634228347,-32382.082286043093
06213_24,06213,multi,61544,5.479052194400137,5.364438542585705,-76487.62614574656
06213_25,06213,multi,59137,14.561913771018181,14.462975271572294,-169822.4791576583
06213_26,06213,multi,53649,9.412520359183087,9.474827205734098,63134.736905740574
06213_27,06213,multi,59493,6.869274011792929,7.052400181048791,151672.81448146421
06213_28,06213,multi,61181,5.205244149889703,5.1991974096117595,-3849.0775516964495
06213_29,06213,multi,61169,5.332513462635197,5.319121873139277,-8725.28855390381
06213_30,06213,multi,62077,5.117713495364053,5.0967740758686855,-13277.366470318288
06213_31,06213,multi,61659,3.2379701658583677,3.1931869640556894,-17758.273407185334
06213_32,06213,multi,61946,3.0759629017471948,3.081290167744976,2031.9108732985333
06213_33,06213,multi,52456,13.357273015113844,13.394547106273253,52306.48895854317
06213_34,06213,multi,60774,5.814182585281191,5.6572685568884085,-109395.12108004652
06213_35,06213,multi,55672,6.762749148922321,6.7887761298724705,19635.80892028287
06213_36,06213,multi,64341,7.972165823987222,7.892443465229995,-81376.18524008058
06213_37,06213,multi,61489,4.009202890885118,4.054686609688829,22552.66994175315
06213_38,06213,multi,58344,8.135707483030295,8.130243305949344,-5185.616791271605
06213_39,06213,multi,65060,3.918699551916188,3.9016430294791036,-8678.213436763734
06213_40,06213,multi,61642,6.005102077518597,6.076117663696435,52886.056048474275
06213_41,06213,multi,60613,6.263343266796067,6.2639902679609785,491.28045063931495
06213_42,06213,multi,61464,6.240038749786413,6.181245586390659,-44886.33555547707
06213_43,06213,multi,62583,4.897617419585982,4.956762634976553,36475.840101988986
06213_44,06213,multi,58352,6.080674582242242,5.999730217513789,-57058.960070017725
06213_45,06213,multi,61922,4.38208977185952,4.407724774463541,13952.693464933895
06213_46,06213,multi,61733,6.251884986599028,6.386553389259902,105069.46156040812
06213_47,06213,multi,58836,6.815945199089164,6.884408827678782,55186.75297272019
06213_48,06213,multi,62797,12.166182301953432,12.293052610912287,194868.5538982991
06213_49,06213,multi,62837,6.235883162228641,6.3322874929565,76134.948019539
06213_50,06213,multi,51359,7.2637004382493835,7.244084978872462,-14615.583748735487
06214_00,06214,single,63730,4.345795856497941,4.398763930991567,29518.62035776954
06215_00,06215,single,56891,6.985002654836045,6.925789332116984,-46861.35650701076
06218_00,06218,single,65501,4.72260865546994,4.695564683539433,-16683.420114617096
06223_00,06223,single,61668,5.569098239901675,5.610673226132016,28663.21515857987
06225_00,06225,single,55305,7.458284966169838,7.444564367955736,-11308.545620163903
06234_00,06234,single,64410,2.834433154070153,2.8171700097098418,-6284.125663071929
06240_00,06240,single,63780,7.0315067333363,7.152435731693131,109398.64213289181
06246_00,06246,single,53270,2.8585469064630407,2.8859289293582284,8379.124299028888
06258_00,06258,single,59135,5.1997920334694605,5.173245230020473,-16284.06298526004
06262_00,06262,single,65173,3.4147730020280527,3.4827221136823625,30545.194683085196
06271_00,06271,single,65044,6.8680933693674735,6.885593746014237,15655.746379071847
06275_00,06275,single,58469,4.3396095725432176,4.372376467174998,16690.83721633721
06292_00,06292,single,58168,6.497010569479263,6.483511644103192,-10192.377321725711
06304_00,06304,single,64626,3.5653583932730784,3.5789012055067984,6252.783050195314
06314_00,06314,single,60348,4.738638150063757,4.782027634097542,24929.564240031876
06330_00,06330,multi,63498,17.083055477615094,17.144217648597817,132927.62320366502
06330_01,06330,multi,64224,4.142013172086431,4.193033941787955,27311.93158820551
06330_02,06330,multi,62778,4.792392612216695,4.792192568397139,-120.36658396758139
06330_03,06330,multi,63578,6.5604184875042755,6.601362990130973,34262.34926648345
06330_04,06330,multi,57529,8.08627284058727,8.058672298694788,-25635.453661248088
06330_05,06330,multi,63183,5.737443415957739,5.767183123725408,21617.698964101262
06330_06,06330,multi,44231,8.092613246319628,7.981048842833623,-79317.17541249748
06330_07,06330,multi,38914,11.718938369597716,11.730644266131577,10681.83027437143
06330_08,06330,multi,64581,6.092502436160606,6.043872406063955,-38115.20723696519
06330_09,06330,multi,54418,9.75756311112707,9.647788357773035,-115922.18523391057
06330_10,06330,multi,63394,4.7856353011712915,4.821327628335305,21737.47700413689
06330_11,06330,multi,63181,5.327037046109162,5.3667655855074905,26842.394725401886
06330_12,06330,multi,64488,4.004873216721469,3.9973348325464344,-3890.1559601714835
06330_13,06330,multi,64101,5.393731252409811,5.381765766706453,-8264.801893453114
06330_14,06330,multi,63975,5.448466510940138,5.467831781551015,13524.127585439011
06330_15,06330,multi,63500,5.497891247544537,5.487394098533794,-7322.450252410956
06330_16,06330,multi,64637,6.430791342544991,6.393524023358373,-30891.822704877704
06330_17,06330,multi,64361,3.6692142867962376,3.669498411854508,134.19990457501262
06330_18,06330,multi,64081,5.647848518132773,5.6586877979010595,7853.428393282928
06330_19,06330,multi,62934,5.127585141115211,5.100636847666076,-17346.695253421552
06330_20,06330,multi,63997,5.973514737260074,6.0054230510550415,24461.426493199077
06330_21,06330,multi,64057,4.4615385704815385,4.454964106584694,-3755.099805756472
06330_22,06330,multi,64252,5.8760858472356885,5.902701932356201,20143.33727709204
06330_23,06330,multi,60267,11.056293474003661,11.23226738055171,236379.5362629518
06330_24,06330,multi,64037,4.970940123641253,4.9591821733782355,-7476.824622449465
06330_25,06330,multi,63406,9.135730422928292,8.997321675125718,-159134.66904012114
06330_26,06330,multi,64139,5.302277790879437,5.293640713990599,-5869.857790437527
06330_27,06330,multi,61606,5.282046018382533,5.207083197239397,-48440.472356319195
06330_28,06330,multi,64169,5.106920749572382,5.118570658163672,7644.198873667978
06330_29,06330,multi,64168,4.304018354227308,4.321137361563023,9474.668543566018
06330_30,06330,multi,63487,4.933781278211648,4.949947555478936,10144.149717957713
06330_31,06330,multi,61774,5.590045123997185,5.629531054159597,27366.833407477476
06330_32,06330,multi,61617,6.091533801680438,6.098608375833364,5313.854070904665
06330_33,06330,multi,64257,4.187303783830209,4.196504227393904,4956.44778857287
06330_34,06330,multi,64121,5.3195942425927125,5.29813012062772,-14613.184282079339
06330_35,06330,multi,63734,4.186017222610342,4.195721881610266,5184.245918623172
06330_36,06330,multi,64524,3.856325574964709,3.8390773479031237,-8564.403242255561
06330_37,06330,multi,63491,5.373064743005944,5.384171554756577,7585.8156983992085
06330_38,06330,multi,64577,4.658693463830403,4.646453138779038,-7355.192377259955
06330_39,06330,multi,53881,7.564280323580025,7.572753258414653,6910.512996213511
06330_40,06330,multi,64411,5.106742699715833,5.131245613396754,16158.178493301384
06330_41,06330,multi,64504,4.18837815077277,4.187485285395652,-482.3943551070988
06330_42,06330,multi,63295,8.38026775329606,8.410754239018093,32400.663169709966
06330_43,06330,multi,64534,4.412726285112387,4.449982551060548,21308.574222563766
06330_44,06330,multi,58312,7.553995890341053,7.523910430516235,-26451.824434190057
06330_45,06330,multi,63387,8.677543902026711,8.630389528582906,-51732.9676820077
06330_46,06330,multi,62642,5.614220127946653,5.615865400614946,1157.4082194166258
06330_47,06330,multi,62888,4.410696292136422,4.41390265341625,1779.4066757839173
06330_48,06330,multi,64023,4.46470138576717,4.453722751980652,-6268.627182504162
06330_49,06330,multi,64345,4.540008364200554,4.5276818052733825,-7192.06053020712
06330_50,06330,multi,46496,13.29499609644552,13.353929460854014,73022.47206142358
06335_00,06335,single,60239,6.996075536553338,6.990367273757348,-4809.378820123151
06336_00,06336,single,61925,5.4922306518949595,5.385413461114554,-71951.85800657794
06343_00,06343,single,63882,3.5592529681903518,3.581640495093544,10212.620149960741
06357_00,06357,single,64205,8.368954169544262,8.412674374678769,47106.9672461506
06363_00,06363,single,65449,3.3450971183460694,3.3649279528607217,8708.997153609991
06364_00,06364,single,47616,6.6206193974674505,6.57711326491119,-27340.264713519253
06397_00,06397,single,64103,6.908117031476202,6.91434598104145,5519.23143901024
06416_00,06416,single,47752,11.90420427163713,11.805310725296797,-111964.97489372082
06422_00,06422,single,30729,7.418998344370459,7.364122042220932,-24928.68556460645
06443_00,06443,single,64168,4.083299726603573,4.077049490729674,-3272.8315650366712
06447_00,06447,single,64624,4.1822805196573425,4.10469859974792,-41548.04594550375
06451_00,06451,single,39453,5.888963623956025,5.896014748113889,3278.439579870552
06453_00,06453,single,59202,5.392397900504334,5.374611369385505,-11337.641545278952
06478_00,06478,single,53350,5.117029772171831,5.0538971526949386,-34256.955782315694
06481_00,06481,single,35199,6.0486016487337935,6.078805484796128,12893.190141448751
06500_00,06500,single,61880,4.615944397897342,4.648147977240441,18461.089466300793
06503_00,06503,single,65040,2.9063573469487056,2.9218998460724235,5891.692777789198
06504_00,06504,single,65045,18.948387443186864,18.960528831617914,29938.059046503156
06506_00,06506,single,64150,3.683237770552722,3.693146946563029,4688.973330996931
06507_00,06507,single,64891,6.204676788644253,6.249290212849866,36054.355398920365
06523_00,06523,single,22398,5.7095905590851475,5.847436581407561,35682.03477419354
06524_00,06524,single,65061,3.1157191627348313,3.1283770282710934,5142.221701509319
06526_00,06526,single,64381,5.573005445121152,5.580840856192857,5626.575615165755
06538_00,06538,single,65043,6.95231915749958,6.964417673346911,10951.410960949957
06602_00,06602,single,65088,3.405239173457316,3.4204832905511644,6772.54389784392
06604_00,06604,single,62355,4.837065842373871,4.821749989728455,-9224.362215853296
06605_00,06605,single,54752,6.6649942672684155,6.651338955968356,-9956.031163090374
06614_00,06614,single,61920,8.241949370256647,8.233998650942832,-8111.249913974665
06624_00,06624,single,47915,12.77165423713019,12.775418163866302,4607.377453044988
06625_00,06625,single,62402,12.503397010218439,12.69083952158909,294691.63331943937
06635_00,06635,single,64086,7.84027123321525,7.672733561921012,-166560.32777386345
06663_00,06663,single,57607,7.455503245973891,7.235687172329654,-186033.72970545664
06672_00,06672,single,39026,8.912898840189746,8.757753929877346,-106990.24103558902
06687_00,06687,single,46054,5.680776048807076,5.684246018933191,1816.1987641546875
06706_00,06706,single,62535,7.590285204593012,7.542368449067837,-45344.607866395265
06711_00,06711,single,60043,4.593304498311126,4.5580010710546945,-19398.23914353922
06713_00,06713,single,65173,6.231863089911962,6.130456959359349,-81701.85305729043
06730_00,06730,single,44691,5.705415269695296,5.640796058305398,-32766.691654996015
06736_00,06736,single,65156,3.269176910924766,3.284915685990455,6721.062222971581
06742_00,06742,single,54667,9.552940817057443,9.47119187394979,-85018.26824386511
06746_00,06746,single,29342,7.073315430831526,7.02006785957489,-22019.36444249004
06750_00,06750,single,47579,7.341907051043387,7.443959347299427,71793.45745690912
06776_00,06776,single,31443,4.11612098739028,4.137222160768661,5475.962730889209
06781_00,06781,single,42643,11.020336163441529,10.954700080077313,-61506.3575189244
06782_00,06782,single,64594,4.532210506537094,4.512210547453845,-11684.282767035998
06784_00,06784,single,65505,2.461195180781152,2.4520261468050726,-2950.9670576099306
06790_00,06790,single,65066,2.8710861284376628,2.9024967960292964,11799.855351663195
06794_00,06794,single,39110,4.731684695931482,4.749417969833648,6575.603037147783
