sample_id,terrain_id,group,valid_pixels,control_rmse,candidate_rmse,delta_sse
00016_00,00016,single,33282,7.1924523076873985,7.033074591064144,-75458.015253786
00021_00,00021,single,53654,7.41423304090023,7.40203890245824,-9693.757850400172
00039_00,00039,single,64173,4.372365376942854,4.383919088461461,6492.227412192151
00042_00,00042,single,64976,6.627139519633232,6.568319168945115,-50431.870114747435
00047_00,00047,single,65077,4.6824212525419435,4.653586485020205,-17518.833349271445
00057_00,00057,single,65514,2.0366705352335117,2.0242094025498147,-3315.2156677739695
00059_00,00059,single,64915,3.4560192973096338,3.4735218098252982,7873.175524807535
00068_00,00068,single,37734,6.597214140835253,6.628356879958811,15541.899091161788
00074_00,00074,single,62724,8.480401668202257,8.28617693111555,-204259.72250625305
00087_00,00087,single,65427,2.654019034848132,2.5902931509461222,-21865.600646753795
00106_00,00106,single,65080,2.869583942509942,2.870198930525303,229.7257408639416
00109_00,00109,single,65250,2.552700926687239,2.4945987304515143,-19135.162482857704
00116_00,00116,single,51982,6.4770586147160385,6.6039459868941615,86280.46690872125
00123_00,00123,single,44949,15.286327549892691,15.171717927009883,-156907.29972308688
00124_00,00124,multi,59349,7.736499432288134,8.078988579210376,321471.7517518364
00124_01,00124,multi,28309,7.044671891792549,7.563903191671135,214730.25993275922
00124_02,00124,multi,48212,8.47073860496321,8.54039271116707,57126.16484363191
00124_03,00124,multi,42658,10.884072641093171,10.894606199980641,9786.043638087809
00124_04,00124,multi,58069,9.644328042571694,9.94478913286712,341780.6332163252
00124_05,00124,multi,62200,4.709327372666036,4.696465870500701,-7524.497596180998
00124_06,00124,multi,53586,6.57163598030141,6.728138783747525,111536.68878906872
00124_07,00124,multi,51025,6.789052118641763,6.720934419363641,-46956.73594261985
00124_08,00124,multi,63127,3.541277646650345,3.5847441677048497,19553.170174305327
00124_09,00124,multi,50661,6.0673443569605645,6.041654386311632,-15759.614877673564
00124_10,00124,multi,53673,5.562315178796189,5.703121559012339,85138.54766912758
00124_11,00124,multi,55547,9.798000031589469,9.763757237579245,-37208.11488141958
00124_12,00124,multi,61889,7.471865246876738,7.443416931426788,-26260.40952445101
00124_13,00124,multi,55059,8.695190764143794,9.221353038982427,519041.7130156774
00124_14,00124,multi,40867,12.25327675722222,11.827794184784473,-418726.3883603709
00124_15,00124,multi,64470,7.308184038548437,7.343962168949111,33796.87585724238
00124_16,00124,multi,63157,3.9362920303717015,4.003158397783476,33528.927697598
00124_17,00124,multi,62223,7.220916792277748,7.507211475088963,262368.55667672306
00124_18,00124,multi,63837,4.178722083800623,4.3791803337379935,109512.5102231875
00124_19,00124,multi,64427,4.213831197326812,4.22058866986469,3672.0400990182534
00124_20,00124,multi,62895,9.210895346681157,9.437626680747291,265932.9080422018
00124_21,00124,multi,43490,8.369387819797927,7.441986210472024,-637715.3419404747
00124_22,00124,multi,64038,5.567546802090179,5.592190926673501,17611.856716653332
00124_23,00124,multi,60831,4.525838697847999,4.635580302700166,61158.80754321162
00124_24,00124,multi,64344,4.708860245594202,4.744233050571831,21515.50279284548
00124_25,00124,multi,44084,6.90054631214558,7.204971752897962,189300.15897416417
00124_26,00124,multi,58489,5.696420200247636,5.668046635040463,-18859.803831705824
00124_27,00124,multi,64235,6.694806023990201,7.208695027768404,458949.8447206775
00124_28,00124,multi,36619,4.762031997771334,4.790436166241045,9935.8301585624
00124_29,00124,multi,48548,8.737240599310692,8.596550956148844,-118393.27688363474
00124_30,00124,multi,44875,5.549846659387983,5.55333122490921,1736.2025685720146
00124_31,00124,multi,64437,4.304902814755688,4.296025365794477,-4920.0420897919685
00124_32,00124,multi,64251,7.122395047055802,7.174532438616204,47892.984942708164
00124_33,00124,multi,64616,8.12649994178562,8.963574126103246,924374.5143027259
00124_34,00124,multi,44455,6.896526488252503,7.0646864590809155,104367.76643461362
00124_35,00124,multi,58854,6.268211976242128,6.303548936398854,26145.760872810148
00124_36,00124,multi,50313,8.902906074485125,8.475183487684925,-373976.6005036766
00124_37,00124,multi,63726,4.893654753127086,4.764798062157152,-79310.59284078423
00124_38,00124,multi,54390,7.019560281016063,7.532159144079585,405705.60696270317
00124_39,00124,multi,50092,6.427541702870417,6.623742974937957,128269.51523142308
00124_40,00124,multi,59970,10.395831870872442,10.777471896650944,484592.39433335233
00124_41,00124,multi,39384,7.039714675091038,6.943953012288457,-52739.08564267657
00124_42,00124,multi,57197,6.584349794856157,6.4068399536966165,-131899.94425178785
00124_43,00124,multi,60140,6.570905317897039,7.104423075869125,438783.27692663204
00124_44,00124,multi,60978,10.193145383270217,10.779888100476041,750381.526870029
00124_45,00124,multi,51187,9.199637495979369,9.270510131732392,67005.2185457293
00124_46,00124,multi,50384,7.536920098220737,7.8129571013930486,213483.7645570971
00124_47,00124,multi,61256,9.739061989548858,10.332319520912602,729405.7125542955
00124_48,00124,multi,36194,7.433716751092371,7.267289489325761,-88553.98545051739
00124_49,00124,multi,46090,6.825333613497856,6.9440963553670105,75370.75839871122
00124_50,00124,multi,62591,4.781793400058554,4.932988874956882,91935.60860718554
00129_00,00129,single,61614,3.994577144171753,4.014207293123269,9686.560686600395
00141_00,00141,single,61334,9.7827088425791,10.053539652262167,329502.63895534724
00144_00,00144,single,57032,7.944928001590813,8.160287086386807,197810.03870221972
00148_00,00148,single,62924,4.58452459393981,4.577463285361874,-4070.9074195984285
00155_00,00155,single,65251,4.221518135537015,4.5418723185843755,183184.92591378442
00161_00,00161,single,39651,6.261429341589677,6.222711630243259,-19165.602941288613
00185_00,00185,single,43263,4.05715718888795,4.109777353730409,18592.07705249358
00188_00,00188,single,55700,3.3834610722724485,3.3431809875764427,-15091.898952296935
00197_00,00197,single,63398,5.914162777131156,5.912956326386036,-904.6157062575221
00217_00,00217,single,39039,8.37660967040721,8.558763704333712,120429.32549063396
00221_00,00221,single,64379,3.15483385710744,3.110262062202264,-17977.61495428346
00239_00,00239,multi,61079,5.680789132872918,5.672796356092772,-5542.716129806824
00239_01,00239,multi,64943,3.93107657873358,3.911500963283553,-9970.262509390712
00239_02,00239,multi,64294,5.083223485513218,5.124484296467313,27079.237688797526
00239_03,00239,multi,61796,5.765107255839401,5.707602697970831,-40768.86747864471
00239_04,00239,multi,25149,5.072808230376615,4.917486280243043,-39024.00573679805
00239_05,00239,multi,64671,4.513996693710865,4.569022755179316,32322.746006631292
00239_06,00239,multi,64301,7.769172587900003,7.978269343076539,211726.41108831996
00239_07,00239,multi,25484,5.348655830535988,5.266060840471446,-22342.394099797122
00239_08,00239,multi,65036,4.114922027000103,4.062278118389891,-27996.682786162943
00239_09,00239,multi,60843,5.420143133799936,5.351524203610474,-44971.512606661534
00239_10,00239,multi,63449,8.50322640250503,8.568186026497049,70361.92922828998
00239_11,00239,multi,55011,11.279383348229386,11.342835438527736,78964.27850410994
00239_12,00239,multi,47733,7.256101781398305,7.330393029587775,51725.81324047409
00239_13,00239,multi,64252,5.0547254634031775,5.040802789996171,-9031.051834741607
00239_14,00239,multi,46474,6.4245605277679845,6.473830683827362,29534.49412837904
00239_15,00239,multi,65064,4.076654806363255,4.005537112766974,-37397.93151022121
00239_16,00239,multi,64856,7.409892511613212,7.4274903528748855,16934.284794407897
00239_17,00239,multi,58609,5.9418240582606705,6.045371813651098,72748.25866639894
00239_18,00239,multi,42457,11.357993486075912,11.117970700708481,-229044.62596535124
00239_19,00239,multi,55001,6.41467466554989,6.530546973806416,82501.09916616231
00239_20,00239,multi,63156,9.615758619581912,9.868338403202408,310808.9287190726
00239_21,00239,multi,61773,6.330157073116277,6.418154041496203,69297.73777337931
00239_22,00239,multi,51657,8.840123793606645,8.917350198854828,70839.61426397134
00239_23,00239,multi,64940,4.197210496305835,4.337795954130107,77921.36244153604
00239_24,00239,multi,39168,8.947406404757597,8.775849725164749,-119091.98717520013
00239_25,00239,multi,56137,6.165424385754994,6.279444783856254,79656.65921845566
00239_26,00239,multi,65043,7.356305189329127,7.5326907448442695,170816.17499348428
00239_27,00239,multi,48522,7.649041490466213,7.812309630532009,122486.31857372448
00239_28,00239,multi,45829,7.104591547468409,7.493054008340579,259879.63753430638
00239_29,00239,multi,65048,3.5571765360077605,3.5300259234697466,-12516.658967744559
00239_30,00239,multi,64451,12.486043391159765,12.515956240195017,48201.68094462529
00239_31,00239,multi,60350,13.159399155767737,13.607837627228637,724408.7354538012
00239_32,00239,multi,42499,8.84119945657253,8.868444058485418,20505.435480255634
00239_33,00239,multi,64780,8.272120314998112,8.192208551863294,-85230.62807716522
00239_34,00239,multi,27113,7.32695177752278,7.616419215219221,117280.51640127692
00239_35,00239,multi,62079,5.699257605180761,5.855433793186437,112025.75552793406
00239_36,00239,multi,60651,7.581859132927464,7.673025274088014,84349.10125762038
00239_37,00239,multi,65048,4.2921207125394725,4.3140516606195884,12277.258359413594
00239_38,00239,multi,51054,6.431459943886079,6.634852180175134,135680.41825906374
00239_39,00239,multi,59839,7.3970260113839235,7.258498387899248,-121484.83656774368
00239_40,00239,multi,25069,4.414730885870986,4.419218104094666,993.7315724967048
00239_41,00239,multi,64538,4.378642948578893,4.31262927891731,-37028.2111332342
00239_42,00239,multi,65038,8.334353709687148,8.456770136566377,133686.21935203578
00239_43,00239,multi,60654,10.420811788288097,10.184484998167084,-295359.72664849553
00239_44,00239,multi,65037,4.0861961940922145,4.129698781272677,23245.048952471465
00239_45,00239,multi,28019,8.0337812181136,8.51438213218358,222836.85629151552
00239_46,00239,multi,56216,6.899421786922745,7.012821481911212,88688.84315925371
00239_47,00239,multi,58751,6.43192499198068,6.716880368446911,220129.58523953985
00239_48,00239,multi,29268,6.587995040264069,6.2874919955732285,-113241.4936072973
00239_49,00239,multi,48977,7.344176787821799,7.396325129012774,37648.26350834407
00239_50,00239,multi,64875,4.5120274697750276,4.527719918379678,9202.893162285909
00247_00,00247,multi,64794,7.09152262849894,7.3656194794745105,256756.40581568377
00247_01,00247,multi,34438,3.7076877397472168,3.724539644487476,4313.262656454928
00247_02,00247,multi,64812,5.4859735134507055,5.603798411052332,84686.6802595586
00247_03,00247,multi,37378,16.37239729569224,16.12904951942254,-295628.3884136528
00247_04,00247,multi,64700,6.168414779924851,6.1337335491076646,-27604.490879795514
00247_05,00247,multi,63411,5.215530420753546,5.475161082589865,176005.55703017674
00247_06,00247,multi,63894,5.0069375385960155,4.9676223305465,-25056.15327226743
00247_07,00247,multi,63513,4.891056482887945,4.66902930355949,-134812.62274819613
00247_08,00247,multi,62196,6.860335449703389,6.744593013899091,-97938.02351950295
00247_09,00247,multi,63736,6.3962783525031215,6.3711093800252545,-20481.055653032847
00247_10,00247,multi,64697,4.675360403515496,4.650452386093236,-15028.304868865758
00247_11,00247,multi,63680,9.34702351787174,9.55661894001297,252307.60552719235
00247_12,00247,multi,37215,4.047777635211834,4.03134713218141,-4940.071085086092
00247_13,00247,multi,63668,10.636933596087806,10.472319020845456,-221239.3381092064
00247_14,00247,multi,50178,10.020323487056569,9.876921694929223,-143172.91838461347
00247_15,00247,multi,63388,8.660974388506594,8.994876839416339,373693.30468296725
00247_16,00247,multi,63431,5.032553093021901,5.06841829341174,22979.361682520248
00247_17,00247,multi,63068,5.589358114530602,5.681613861775208,65578.85954841413
00247_18,00247,multi,53517,8.931693340567382,8.744296912806389,-177270.6436345093
00247_19,00247,multi,60699,8.31682524125291,8.25760726116644,-59576.33641766664
00247_20,00247,multi,64382,6.9214309694461935,6.954155685901942,29234.23340510018
00247_21,00247,multi,63575,4.240362990006429,4.331330262007971,49572.19629104901
00247_22,00247,multi,58713,5.4608526933530985,5.524868188664086,41290.290876668645
00247_23,00247,multi,63514,5.227619732860919,5.449425142906158,150415.52628148347
00247_24,00247,multi,63761,4.755799936496023,4.720674569159315,-21223.78282546904
00247_25,00247,multi,64689,4.762158490864143,4.742539360490461,-12062.810525169596
00247_26,00247,multi,47199,11.44800163631171,11.448454356971567,489.2506113210693
00247_27,00247,multi,52925,9.170709641191474,8.933575757635259,-227214.4083356699
00247_28,00247,multi,61815,9.061605823606152,9.217690425618246,176365.40758170094
00247_29,00247,multi,61302,8.73699656846148,9.260046546975799,577057.3665163815
00247_30,00247,multi,56747,9.674860618258775,9.658287785668804,-18182.024347234517
00247_31,00247,multi,20784,18.516970119222567,17.84777784800755,-505778.81218198035
00247_32,00247,multi,39796,5.072806530530499,5.233175572584065,65773.25595453847
00247_33,00247,multi,57565,10.730887914889127,10.75811527759917,33680.641618924215
00247_34,00247,multi,64830,5.580502397880464,6.0057548534022125,319422.8781780605
00247_35,00247,multi,45016,8.471044989188345,8.476698238731217,4312.9749316652305
00247_36,00247,multi,55234,5.598668435398504,5.712169345436499,70908.87792718201
00247_37,00247,multi,63827,5.738649694901301,6.00775153529031,201755.75486881007
00247_38,00247,multi,31381,4.930503841765612,4.960278807577875,9241.632801969536
00247_39,00247,multi,61191,7.33267648952013,7.469199974938452,123655.00322445948
00247_40,00247,multi,63243,6.471764364669942,6.445765129440783,-21239.901488268748
00247_41,00247,multi,63886,4.432934483185066,4.49729386909781,36718.09600260388
00247_42,00247,multi,33594,3.24317296920477,3.2386658733700346,-981.4241477064788
00247_43,00247,multi,45100,12.184298621152672,12.761828258462655,649761.4551691953
00247_44,00247,multi,63680,4.1550663829661305,4.200598996731264,24227.392515970394
00247_45,00247,multi,62082,8.477283386752593,8.456062698777743,-22308.375381171703
00247_46,00247,multi,34036,10.226463680289497,10.03938390031945,-129041.71830477845
00247_47,00247,multi,63541,4.754800342097474,4.8214443276131105,40551.80971601512
00247_48,00247,multi,63972,10.31503394069277,10.37903016412214,84720.80323265679
00247_49,00247,multi,63661,9.056569200153406,9.28117122938896,262200.16040409263
00247_50,00247,multi,63652,5.1772160516017935,5.3141816028012805,91465.38190387166
00249_00,00249,single,54016,5.1666951047048535,5.2240209184713065,32174.968088840134
00266_00,00266,single,54537,7.026240168740578,7.449737484131849,334341.1331081502
00276_00,00276,single,64538,7.22227001977186,7.167586840468026,-50783.862982170656
00293_00,00293,multi,65355,2.290998271775018,2.306114483324397,4541.579659725539
00293_01,00293,multi,64228,5.759101069868336,5.599701769377257,-116290.26795923151
00293_02,00293,multi,64877,4.740229356294985,4.98214499703014,152590.34206105815
00293_03,00293,multi,64081,5.495516274336403,5.802644780119576,222360.25762931583
00293_04,00293,multi,63826,4.556497528608936,4.698495803507523,83879.6879937416
00293_05,00293,multi,64629,4.275841493240163,4.2410252129792765,-19164.154177894816
00293_06,00293,multi,65187,5.301208146112843,5.62496027264035,230590.55516267638
00293_07,00293,multi,64433,6.6039419541073965,6.4654405541253315,-116631.96288091503
00293_08,00293,multi,60478,3.3683684510981684,3.4075368765014273,16050.954479067586
00293_09,00293,multi,64910,6.452032489663934,6.55713404005411,88750.37662978657
00293_10,00293,multi,63433,7.630583785237134,7.919901015000573,285386.5376232648
00293_11,00293,multi,64912,5.143873809572139,5.426916196977507,194215.5122296107
00293_12,00293,multi,61848,4.074846092829378,4.00682420688363,-33999.72920423187
00293_13,00293,multi,65338,4.18105375220991,4.216264082923257,19318.639225479215
00293_14,00293,multi,64898,4.760822649038525,4.934128260211937,109040.93120250432
00293_15,00293,multi,65350,4.447859625520266,4.562057513720103,67239.49788874481
00293_16,00293,multi,65149,5.031520868451451,4.876510835545249,-100058.72163444478
00293_17,00293,multi,65236,4.245525727303137,4.451909375203033,117099.1669273926
00293_18,00293,multi,65265,3.125025249172029,3.158445862283636,13705.484032013454
00293_19,00293,multi,65039,5.673220720467391,5.562247653755772,-81092.86133375764
00293_20,00293,multi,65398,4.427803537090161,4.1860658331345375,-136178.05945005175
00293_21,00293,multi,64476,6.0131129314438745,5.587085948588004,-318640.2456000224
00293_22,00293,multi,65275,3.3006442367842865,3.374351670184521,32115.09218135476
00293_23,00293,multi,64875,5.1863524902181695,5.2037327410831375,11715.2759228684
00293_24,00293,multi,65141,2.8644042419327196,2.836494690939798,-10364.553859367967
00293_25,00293,multi,63842,6.2577033893827805,6.002375157233215,-199847.43322397722
00293_26,00293,multi,64395,4.951625898593564,4.835943592596277,-72911.14916686527
00293_27,00293,multi,63954,4.001698395874207,4.047160032350361,23401.681601674296
00293_28,00293,multi,64597,4.8101959116081145,4.7632053131159084,-29059.59693430527
00293_29,00293,multi,64792,7.992093742893231,8.28734035112175,311419.3593873186
00293_30,00293,multi,65466,1.9390873287259256,1.9678167586657078,7348.1085692141205
00293_31,00293,multi,65066,4.442653995095947,4.560955154793442,69304.23032182525
00293_32,00293,multi,65042,4.6271582287556345,4.739888698992341,68681.20428553689
00293_33,00293,multi,64815,3.9299216767348706,3.9794159041129387,25372.90460912697
00293_34,00293,multi,63895,4.209909294297866,4.0234101194777345,-98111.23744472861
00293_35,00293,multi,64121,6.4925922986316404,6.759009387650599,226376.18618095294
00293_36,00293,multi,65036,5.099315942378434,5.216269883020878,78462.57894336991
00293_37,00293,multi,65070,4.106598964381248,3.9967732624316405,-57909.602390971966
00293_38,00293,multi,65014,5.4052403919677925,5.362186400684708,-30139.235582477413
00293_39,00293,multi,65033,4.221815428782023,4.339075033703935,65283.15811060928
00293_40,00293,multi,65039,5.0879188378834455,5.333139593583584,166204.55147750373
00293_41,00293,multi,65042,5.376353563585332,5.288474712686515,-60958.19844674482
00293_42,00293,multi,65043,4.372721480290226,4.563809446677991,111071.55842214171
00293_43,00293,multi,65445,4.801189243209645,4.432284834148693,-222923.29421333573
00293_44,00293,multi,65041,4.398598366411849,4.575441156069282,103219.68869888503
00293_45,00293,multi,65092,3.2424511598665444,3.2255631195178065,-7110.134950143285
00293_46,00293,multi,63796,5.636464315236385,5.753312619205164,84904.57278387807
00293_47,00293,multi,64950,5.9071504637976915,6.025041323162523,91364.92753440421
00293_48,00293,multi,64847,5.404518271650161,5.467297051970821,44259.329428943805
00293_49,00293,multi,64235,4.719685725994666,4.543561724223475,-104798.13131049648
00293_50,00293,multi,63131,3.585338056526867,3.802594989384633,101330.28488119226
00319_00,00319,single,50761,8.816493940902376,8.771418097882835,-40242.81126624718
00320_00,00320,single,61999,6.12198132329965,6.194450439314914,55337.88462161552
00322_00,00322,single,64134,3.7519261998530116,3.8924093502966253,68873.52447823249
00327_00,00327,single,64022,3.2590094235749314,3.2715128401921714,5227.642182383686
00331_00,00331,single,39488,5.740937376627549,5.655700306206381,-38359.275352977216
00335_00,00335,single,39219,3.964975303174485,4.027655325099051,19647.86649719067
00350_00,00350,single,65470,2.9542430869492,2.9309047104726806,-8992.291073162924
00360_00,00360,single,44754,12.097584265098257,11.97088312879126,-136477.4200254958
00385_00,00385,single,65039,2.0579047207224606,2.0374377590658144,-5451.518087285571
00386_00,00386,single,64527,2.9010872843640985,2.89459196911328,-2429.1036765594035
00394_00,00394,single,64953,6.015200073356579,5.816017021527421,-153066.80614519212
00395_00,00395,single,62589,4.061474317836407,4.072985198891873,5860.508243561722
00397_00,00397,single,55800,4.220097263614975,4.212270065695903,-3682.9008871158585
00415_00,00415,single,27924,4.550126943449673,4.617181554234602,17165.170508164912
00419_00,00419,single,65056,3.504629433515365,3.3641081880905865,-62792.28313011117
00445_00,00445,single,62453,5.718223235337427,5.783488101375972,46880.82219075691
00449_00,00449,single,65157,3.2984287293628545,3.2445498076937667,-22969.70781984739
00453_00,00453,multi,49391,5.749774436546378,5.601722819574349,-83006.88620910328
00453_01,00453,multi,54329,8.877516991037476,8.91217055205689,33492.52584220935
00453_02,00453,multi,55544,7.911890686868932,8.07136238550911,141574.79727402097
00453_03,00453,multi,42715,5.298583953659323,5.256702657940025,-18882.980751445517
00453_04,00453,multi,40148,4.200150424222078,4.157098497913013,-14445.07634807285
00453_05,00453,multi,62876,6.630345065564652,6.728032941495058,82050.1351281628
00453_06,00453,multi,57521,8.596397525660013,8.753078757100035,156361.48034076672
00453_07,00453,multi,63633,5.266383768845344,5.361163006830842,64095.66186533007
00453_08,00453,multi,60218,6.0655077816093055,6.025724149222477,-28966.852795925923
00453_09,00453,multi,60087,10.436582258958248,10.396908964817218,-49663.901908926666
00453_10,00453,multi,63620,3.8610048246113067,3.9329803989444216,35689.328925923444
00453_11,00453,multi,58315,8.758386924708867,8.894146968634294,139752.4093164876
00453_12,00453,multi,63559,3.0651169958197584,3.019322148254309,-17709.82318020612
00453_13,00453,multi,62138,7.573505039473446,7.504145682439305,-64982.439008779824
00453_14,00453,multi,41334,12.4583157811992,12.248335716170013,-214436.83584312908
00453_15,00453,multi,37233,9.531842744523289,9.243300437754327,-201706.91516591143
00453_16,00453,multi,50674,7.521002810341522,7.354063183607302,-125835.60062202718
00453_17,00453,multi,63403,6.484396425371062,6.363051622660555,-98843.44140211353
00453_18,00453,multi,55853,8.955425181765632,8.894486049955598,-60754.55278772488
00453_19,00453,multi,63178,5.54552996044718,5.739522067966606,138309.974229587
00453_20,00453,multi,43453,5.693880372679627,5.687127468694937,-3339.5739361774176
00453_21,00453,multi,40919,4.9110035436854735,4.902577669823948,-3383.510167037137
00453_22,00453,multi,63162,11.057049985968355,10.935236448554011,-169208.35823381506
00453_23,00453,multi,60032,9.162365507202946,9.392511819025737,256356.84574800823
00453_24,00453,multi,53019,7.4845673482149495,7.569187457506087,67538.27313297242
00453_25,00453,multi,63568,4.581862360620716,4.608095543497338,15325.09080732707
00453_26,00453,multi,63651,4.806894017029901,4.913965328289174,66249.56204721914
00453_27,00453,multi,56747,6.934881083481604,6.768081567101563,-129703.64112778753
00453_28,00453,multi,63188,5.032112540763918,4.875770836802292,-97879.183193353
00453_29,00453,multi,41189,5.605605663286484,5.530062993106209,-34648.934155734256
00453_30,00453,multi,42553,5.58054819224719,5.532361005213937,-22787.124435420148
00453_31,00453,multi,8421,8.382634858568938,8.69251622342989,44557.79412254505
00453_32,00453,multi,62974,5.30115681425091,5.4241821211474655,83093.44449714199
00453_33,00453,multi,59505,6.184857345548511,6.219694223824852,25714.243938409723
00453_34,00453,multi,52992,12.937781312257108,12.926015811889869,-16125.492867687717
00453_35,00453,multi,63734,3.61738258687563,3.553836912892676,-29043.582295398228
00453_36,00453,multi,61216,8.0410767532957,8.038301132300466,-2732.085925734602
00453_37,00453,multi,62705,6.877892555990133,7.143938029292818,233917.52579817874
00453_38,00453,multi,60465,6.618262397009621,6.708842594955471,72991.64338386059
00453_39,00453,multi,63577,5.526678516032025,5.396599612263076,-90335.79920466524
00453_40,00453,multi,60183,9.246877952057895,9.096826631163902,-165653.533137911
00453_41,00453,multi,63529,3.7499634911201367,3.6681999916257833,-38532.56240700756
00453_42,00453,multi,62097,7.150156473876054,7.246889572453417,86480.68328900822
00453_43,00453,multi,63095,5.5330836127377365,5.70540220923367,122189.78353547864
00453_44,00453,multi,63179,6.825532001992727,6.928451915334328,89433.59150208812
00453_45,00453,multi,50308,6.738592807491532,6.454536487071836,-188533.84637451707
00453_46,00453,multi,56221,8.630184785215807,8.670466770991393,39180.67351072468
00453_47,00453,multi,63331,4.681215423325289,4.6453582991007005,-21179.413472209126
00453_48,00453,multi,63531,3.1968372129395077,3.1842287724509,-5111.405075410381
00453_49,00453,multi,61987,6.552381754482793,6.582990765344716,24922.54033847619
00453_50,00453,multi,61338,12.036761346504015,11.910042900778288,-186130.27228638344
00454_00,00454,single,24592,11.144038731280551,11.194877780453043,27928.870650805533
00464_00,00464,single,64623,11.598841560347717,11.967002119119256,560670.0641573798
00476_00,00476,single,63327,4.205414566664886,4.223906563521076,9871.094848277979
00488_00,00488,single,52562,5.482155808687724,5.211608643858552,-152070.678228884
00500_00,00500,single,63079,6.431037594507486,6.670945239094164,198274.0659859823
00512_00,00512,single,65451,4.629345483787405,4.3091487144174785,-187325.79945565667
00524_00,00524,single,65198,4.833472794383957,5.002004987950832,108071.85569308046
00527_00,00527,single,48900,7.635402597021218,7.652707932107174,12937.271313793026
00536_00,00536,multi,65467,2.6145205602599826,2.5183346139963887,-32321.6164624691
00536_01,00536,multi,64709,6.2322706048260885,6.433989483452318,165333.03387033287
00536_02,00536,multi,65247,7.495390625083512,7.801634546117549,305657.4643372642
00536_03,00536,multi,65477,2.307578770377195,2.2116162463344224,-28395.630621868186
00536_04,00536,multi,46474,8.179634565624237,8.174452064751584,-3938.907041077502
00536_05,00536,multi,65094,5.708782442762883,5.958994225600306,190036.4131550854
00536_06,00536,multi,65034,6.4311545260260266,6.644641262938122,181542.99471363425
00536_07,00536,multi,65306,2.566862342338061,2.6103232598069566,14694.191953708418
00536_08,00536,multi,65120,5.4717372719716515,5.710248492882693,173676.93349328218
00536_09,00536,multi,64892,6.956307903045566,6.83596525101369,-107707.65911626816
00536_10,00536,multi,65370,3.2889309148446735,3.22470310189145,-27347.96226561535
00536_11,00536,multi,51249,6.13373433001074,6.479899049826851,223773.37042585923
00536_12,00536,multi,65060,8.221657282878958,8.659646915625274,481042.98487538286
00536_13,00536,multi,65057,6.336897364445384,6.80189768224108,397468.5956912255
00536_14,00536,multi,65078,7.11937975876632,7.147319396244936,25940.507455875166
00536_15,00536,multi,62181,10.076645966606605,9.576565449877267,-611126.565523685
00536_16,00536,multi,63060,7.19960250917411,7.071056579319671,-115679.48006499652
00536_17,00536,multi,65131,5.5148663137336555,5.409919468532634,-74674.11150858575
00536_18,00536,multi,65040,8.601082086612186,7.766104395029356,-888851.9625229836
00536_19,00536,multi,64681,9.032547073232035,8.57980418958683,-515757.67192573287
00536_20,00536,multi,64969,9.439633753432904,8.503651459332865,-1091128.1891988572
00536_21,00536,multi,65061,3.811981212029059,3.61597235352118,-94725.21808981244
00536_22,00536,multi,65187,2.934873434673732,3.0993600617320154,64701.403439532965
00536_23,00536,multi,65123,3.206291009907927,3.189186231595377,-7124.014693338424
00536_24,00536,multi,64677,11.319387371287357,10.67574609722998,-915630.7192076221
00536_25,00536,multi,65241,4.570598499263379,4.443367674114659,-74821.92491593864
00536_26,00536,multi,65160,3.2804052403493635,3.116726614482748,-68227.32564685855
00536_27,00536,multi,65164,2.695281536943874,2.6324521669767953,-21812.876934953965
00536_28,00536,multi,65117,6.6412881470953256,6.523703826327616,-100800.89714874886
00536_29,00536,multi,61090,8.153835596101882,8.763136601245343,629686.8955282317
00536_30,00536,multi,65482,2.471563424836216,2.3969379906451143,-23790.5294427881
00536_31,00536,multi,65226,3.2438164788944053,3.2980256066954694,23130.93681581784
00536_32,00536,multi,65450,5.0255219840400684,5.325139791395213,202976.3272426147
00536_33,00536,multi,64243,8.511061041218694,8.673435627989473,179258.88402126078
00536_34,00536,multi,65051,3.1526803454812504,3.116932885911031,-14579.408718178049
00536_35,00536,multi,65223,3.249883502373015,3.1446321825867884,-43897.114951320924
00536_36,00536,multi,65052,4.593390644793543,4.265795458395071,-188795.6527724201
00536_37,00536,multi,65405,3.0045946622123094,2.900189591661483,-40321.49029357999
00536_38,00536,multi,51983,9.214301632737762,9.758970324615245,537199.9748149551
00536_39,00536,multi,65060,7.170407037492542,6.332486978288401,-736111.334698665
00536_40,00536,multi,64730,5.6752875538717875,5.616859353572416,-42707.547833919525
00536_41,00536,multi,65041,3.344385546598733,3.4639765994139062,52957.63079133723
00536_42,00536,multi,65350,2.472282062871825,2.4778429043924075,1798.8803304098547
00536_43,00536,multi,65042,5.6352150272511405,6.011420793997451,284983.5756700961
00536_44,00536,multi,65085,3.6080250741212994,3.6226988774517235,6905.663066930138
00536_45,00536,multi,65257,2.4003048156755264,2.372040061797267,-8802.46148237586
00536_46,00536,multi,62413,6.11344173592568,5.745267013352889,-272499.9515578903
00536_47,00536,multi,65054,5.911939493755189,5.310739538704594,-438924.16044404777
00536_48,00536,multi,65152,3.5296407040804296,3.330009864808161,-89219.00547743961
00536_49,00536,multi,64747,5.503873795120247,5.0168602532990425,-331746.79063845123
00536_50,00536,multi,65268,8.030966916737261,8.426695814942196,425075.65118360985
00562_00,00562,single,63021,5.625208971989463,5.535999194096032,-62749.31026261859
00569_00,00569,single,64565,3.567555258659938,3.6108269783435882,20055.241245596553
00577_00,00577,single,65505,1.6132027463053318,1.55373898180202,-12335.788742476143
00598_00,00598,single,65050,4.20553928087084,4.14430396086369,-33260.41125576128
00618_00,00618,single,65008,3.021506056716382,3.1716424395525986,60445.53791913856
00621_00,00621,single,57186,7.541041035004212,7.543286467842493,1936.9381031850353
00623_00,00623,single,65043,2.4783175619914695,2.4837284919120663,1746.357944117859
00631_00,00631,single,64906,4.646204467451481,4.645309686762524,-539.6198798241094
00646_00,00646,single,53355,5.148806006031768,5.201348204241514,29015.508311109617
00689_00,00689,single,61058,7.273102233893798,7.808118616399559,492658.69822169887
00692_00,00692,single,61847,8.440887266518342,8.393461236778622,-49377.79828564916
00701_00,00701,single,44384,5.548205505919645,5.3991251728181195,-72436.09515738301
00711_00,00711,single,56626,4.646352088799981,4.736875057080371,48097.98698535841
00718_00,00718,single,38770,11.886003071076837,11.74625681222372,-128038.69679190405
00726_00,00726,single,55166,8.503718986244849,8.317792631146224,-172535.1041737059
00736_00,00736,single,65043,9.319324362579861,9.248170051538644,-85932.03249461949
00756_00,00756,single,64049,6.881002681360083,7.521095118202872,590446.8430948402
00762_00,00762,single,65454,2.337374364589333,2.2921819450522367,-13694.341582396999
00769_00,00769,single,36593,5.53044610461597,5.540287329017278,3986.7916884683073
00770_00,00770,single,64884,3.348405083836344,3.387663961505435,17158.606931173243
00776_00,00776,multi,65418,2.950827398989849,2.9385798909731617,-4718.637170161121
00776_01,00776,multi,55913,8.666485930902073,8.65417750507524,-11920.098126901314
00776_02,00776,multi,65075,6.518587921082953,6.785587959363287,231160.42166908644
00776_03,00776,multi,65142,4.114133165766358,4.1787136017073525,34887.16676693596
00776_04,00776,multi,65217,3.8650229890970715,3.84549059314443,-9821.99352115672
00776_05,00776,multi,51198,5.099301194555072,5.09372269585116,-2911.2089292118326
00776_06,00776,multi,62042,7.702904063564312,7.66907133928869,-32266.54311716091
00776_07,00776,multi,65203,3.381991893302133,3.3132194461847395,-30022.464957761462
00776_08,00776,multi,65116,4.50082509334883,4.573340705772831,42847.54502847418
00776_09,00776,multi,65420,2.8187293977994807,2.8100226517713587,-3206.110853918828
00776_10,00776,multi,65108,3.2383788983787687,3.2076644223130377,-12890.527393058874
00776_11,00776,multi,65098,4.231875841656016,4.241357876328981,5230.200896493159
00776_12,00776,multi,64993,7.228998579965249,7.094250237318576,-125438.70232564257
00776_13,00776,multi,64971,4.690809159605878,4.659980488183722,-18729.34750308469
00776_14,00776,multi,60322,10.10318800298886,10.53755316257672,540824.0590869403
00776_15,00776,multi,55914,7.226213687375743,7.362644251948428,111289.33152066916
00776_16,00776,multi,62391,10.168680776386132,10.451346650584188,363650.81490395684
00776_17,00776,multi,65211,4.903420148857228,4.727024592992053,-110778.33745026006
00776_18,00776,multi,65208,6.21640618715079,6.250061567160977,27358.91037925519
00776_19,00776,multi,64871,5.627952522971452,5.592139106011221,-26067.102242889814
00776_20,00776,multi,65011,6.379774486091011,6.5296704521261075,125801.07761033066
00776_21,00776,multi,48490,5.457693575570512,5.476355660239243,9894.488880095072
00776_22,00776,multi,65210,4.499819553587209,4.463605440984086,-21167.327855331823
00776_23,00776,multi,65079,4.935474635798656,4.998282271976716,40603.815680805594
00776_24,00776,multi,63753,7.857718696781462,7.804606222386621,-53033.87858559657
00776_25,00776,multi,65078,2.8929612184881486,2.8740799086945934,-7086.297222072259
00776_26,00776,multi,65102,4.852800542062047,4.724640872110539,-79908.91154684033
00776_27,00776,multi,51607,5.257386022557645,5.41479283811087,86693.24149259552
00776_28,00776,multi,64189,6.467489453591218,6.644480823582446,148963.7706441572
00776_29,00776,multi,65163,4.286378108551888,4.344956034755451,32946.78126320243
00776_30,00776,multi,65305,3.0819480825249577,3.164672200900804,33746.10770289134
00776_31,00776,multi,65058,4.657562865781414,4.625163406280182,-19566.53921253141
00776_32,00776,multi,56192,17.79009681111119,17.778036031348925,-24105.21138702333
00776_33,00776,multi,65110,3.1368380922144263,3.0825779331753136,-21972.44398871716
00776_34,00776,multi,65038,3.398682116826945,3.49298804470209,42269.84486077819
00776_35,00776,multi,65116,3.8500412467772005,3.903818954846747,27152.38421209436
00776_36,00776,multi,65169,4.825253419769584,4.622378653654248,-124908.51952945814
00776_37,00776,multi,64737,8.443016044633422,7.997324186917082,-474349.08897379553
00776_38,00776,multi,65244,2.909949156838595,2.953196554850975,16543.646807143465
00776_39,00776,multi,63592,6.405993698709797,6.3738088905241055,-26156.374957118183
00776_40,00776,multi,65037,3.8870755791171057,3.8748748414696017,-6159.102802709676
00776_41,00776,multi,64229,8.87310148679487,8.807415852661244,-74592.73409062997
00776_42,00776,multi,65067,8.602903783276263,8.842790047477374,272304.24458003603
00776_43,00776,multi,65039,4.3829917002122105,4.248473974362224,-75515.81598443631
00776_44,00776,multi,64457,8.508632185350276,8.840460578761219,371073.8942209892
00776_45,00776,multi,57426,9.264341498205312,9.295411971459975,33115.29575410206
00776_46,00776,multi,56993,8.782469437763874,8.969305725286269,189027.30206822418
00776_47,00776,multi,65038,5.943762137946469,6.082739260092707,108705.06952121109
00776_48,00776,multi,64500,7.398432729774864,7.270216217754999,-121309.21376420185
00776_49,00776,multi,65154,5.49787661000803,5.475796173206862,-15787.041481029242
00776_50,00776,multi,65049,4.586469311563531,4.547389141905787,-23219.418653602712
00808_00,00808,single,59312,5.343516290851009,5.572219826866436,148070.477295544
00823_00,00823,single,38638,13.643913074007255,13.675913542668944,33779.1654576119
00835_00,00835,single,65219,2.6044849655499416,2.6426662608707017,13066.172110657208
00843_00,00843,single,65486,1.0639709109546351,1.0548915957691554,-1259.8079154398292
00852_00,00852,single,26205,6.634686062297091,6.883761388826062,88235.16244055983
00858_00,00858,single,64399,4.5264251101297175,3.9972157798141135,-290490.3837065436
00863_00,00863,single,64953,12.879518139652342,12.789165938058757,-150640.4342584759
00865_00,00865,single,37371,12.233985195747112,13.22460716135115,942490.6706227753
00882_00,00882,single,65027,4.587952095576747,4.445341867364635,-83770.38986460678
00887_00,00887,single,51624,4.318618323602699,4.31638867163013,-993.9199890604941
00895_00,00895,single,65157,3.2205515571104417,3.263553430148362,18167.63896226231
00904_00,00904,single,61782,5.67458355128779,5.741235656310538,47009.205939221196
00905_00,00905,single,65450,2.3462307506377047,2.3582239426174687,3692.7824819935486
00926_00,00926,single,65460,3.1218719362726,3.364456282802867,103000.1115848478
00929_00,00929,multi,60299,4.453060399139947,4.4169852139609755,-19294.98885518592
00929_01,00929,multi,63222,8.041328312367636,8.128262479750392,88870.52764381841
00929_02,00929,multi,24328,4.624858816034346,4.633720139920897,1995.9485961198225
00929_03,00929,multi,58873,8.538947014573168,8.584784468732511,46209.903808645904
00929_04,00929,multi,58577,5.309355662212067,5.241558386020028,-41901.48906667996
00929_05,00929,multi,56842,4.683602276895344,4.524764702760798,-83139.08007068536
00929_06,00929,multi,48281,8.8984742749298,8.824873006353478,-62980.67397638876
00929_07,00929,multi,58524,5.785286781766017,6.035014341616837,172754.35945924162
00929_08,00929,multi,58152,4.843057564863246,4.874582743225125,17814.885202489793
00929_09,00929,multi,61649,3.3269766372773777,3.2199376509740323,-43202.08221825864
00929_10,00929,multi,32950,5.399756716711421,5.660435918905716,95000.19423852209
00929_11,00929,multi,64961,5.147042754825396,5.14420536137921,-1896.8819847917184
00929_12,00929,multi,64953,3.6964179704561477,3.660131028458333,-17338.98685045913
00929_13,00929,multi,63165,8.349184293008555,8.272167246025433,-80859.24800454918
00929_14,00929,multi,50507,10.16204310375631,10.251026333501242,91741.9677464366
00929_15,00929,multi,58706,5.1178924439981675,5.193549224072905,45798.339638036676
00929_16,00929,multi,59993,5.075575584366771,5.085554416121089,6083.062629070133
00929_17,00929,multi,57808,3.7354661560613995,3.9749460078112606,106741.79922671244
00929_18,00929,multi,59157,4.197953232806243,4.248483494366111,25248.246470461483
00929_19,00929,multi,58069,6.331097663580849,6.290379904971923,-29842.720422717743
00929_20,00929,multi,64984,4.048013551178273,3.986368995795507,-32185.011677373317
00929_21,00929,multi,57588,4.985335486468277,4.888141516034425,-55263.88836598676
00929_22,00929,multi,64974,5.801346350531625,5.688370705395496,-84340.03328050394
00929_23,00929,multi,63345,3.4667843743875597,3.443590637914902,-10152.772977494635
00929_24,00929,multi,56551,5.350533490191676,5.175194254726681,-104369.00186195783
00929_25,00929,multi,65006,3.8225137998857353,3.813740693292004,-4354.990814005956
00929_26,00929,multi,56659,6.516664677790585,6.606191230325727,66565.48896487337
00929_27,00929,multi,56439,5.518283130270319,5.389302732176708,-79402.04057222046
00929_28,00929,multi,64918,5.067071513363755,4.963629767937032,-67358.47849910054
00929_29,00929,multi,59607,5.803219420382412,6.094599689329664,206644.9355597142
00929_30,00929,multi,59377,4.726531366395713,4.559912038850487,-91874.08883287851
00929_31,00929,multi,64516,6.096680042745892,5.8593706729576125,-183050.1410280373
00929_32,00929,multi,59749,7.036539113996036,6.730607459738052,-251651.19225552212
00929_33,00929,multi,58689,7.127507994136638,7.096113033576747,-26207.574193262495
00929_34,00929,multi,58069,5.348397967761736,5.355716735468915,4549.179407491349
00929_35,00929,multi,57742,5.5550706484312915,5.75189591981517,128504.63410782814
00929_36,00929,multi,57038,7.433556840078889,7.9930090450958495,492262.25531653594
00929_37,00929,multi,58274,6.038397447040887,5.987544770920869,-35637.54305802076
00929_38,00929,multi,64968,5.923002350442585,5.906423952749615,-12741.065078829415
00929_39,00929,multi,64942,3.7583527072998324,3.792869458707687,16926.720459238626
00929_40,00929,multi,40450,5.900084703388886,6.092158321624202,93172.26742171682
00929_41,00929,multi,64995,7.164717679362249,7.203367669662378,36093.436727333814
00929_42,00929,multi,62131,7.325809897336217,7.190342411246116,-122178.54011115432
00929_43,00929,multi,64489,3.804630049192263,3.847125745509041,20969.674706348218
00929_44,00929,multi,57111,4.702447597057728,4.664393063621082,-20357.258847073885
00929_45,00929,multi,59780,4.792699170176685,4.934926942344225,82707.93693785649
00929_46,00929,multi,63567,3.6919346830284177,3.716638118751457,11633.854480057023
00929_47,00929,multi,62197,6.6493522522754684,6.627762954160662,-17828.371883239597
00929_48,00929,multi,56334,5.77561223966658,6.032086351315576,170600.13962576166
00929_49,00929,multi,59790,4.915711793429484,4.784147848250825,-76301.11624987354
00929_50,00929,multi,25827,5.173563898195371,5.3250352817313304,41071.059856963344
00939_00,00939,single,54748,6.001136025483303,5.971428185475095,-19472.71510013286
00969_00,00969,single,64788,3.8928627955178277,3.91158904645618,9468.644633681513
00970_00,00970,single,64663,3.5363091887276017,3.6748073855501824,64580.66089140717
00987_00,00987,single,65055,4.3163653580314865,4.472385306174582,89204.74460993963
00989_00,00989,single,65498,2.602417943995281,2.6414886315370634,13419.429046794714
01012_00,01012,single,65044,5.079608583303773,4.957418050366287,-79771.88907980546
01064_00,01064,single,46953,7.7430604406624015,7.66391849944341,-57251.58752066735
01076_00,01076,single,24521,4.862972866118721,4.8238690020765365,-9288.381863490678
01077_00,01077,single,63432,4.092191416657848,4.12375445881717,16449.201847210526
01087_00,01087,single,61214,7.08767002418332,6.975545504083435,-96524.1507187821
01089_00,01089,single,65338,8.91714302557453,8.972107162062304,64244.71159339324
01096_00,01096,single,60617,5.4574116929519105,5.454095150698608,-2193.6366977961734
01099_00,01099,single,59279,6.328340434111036,6.440401510861483,84821.07452796865
01107_00,01107,single,50439,5.606909108859654,5.67298873082146,37595.787288717926
01108_00,01108,single,64548,3.3688165473548937,3.3742268702052027,2354.842839441262
01137_00,01137,single,63867,4.281162991326844,4.2029072480368255,-42403.03993257228
01140_00,01140,single,53838,6.601974266261437,6.735443567877518,95838.95355228055
01143_00,01143,single,65003,6.060297931196767,5.91731431358789,-111324.28919690754
01152_00,01152,single,59649,5.148698485358093,5.3472190583174735,124287.97076715203
01156_00,01156,single,65335,4.059777410708174,4.00740748319207,-27602.59282244742
01161_00,01161,single,31592,11.053745281766151,10.857351600372418,-135946.72536199074
01197_00,01197,single,53826,7.460548128487456,7.6050648159708185,117191.71534142736
01199_00,01199,single,65089,7.704809887487596,7.958471151722492,258609.51050338428
01221_00,01221,single,64696,5.431018567249919,5.445263044724435,10023.153855514713
01222_00,01222,single,59650,5.909698125792538,5.820188313144417,-62628.9172738425
01238_00,01238,single,50953,5.721218739977752,5.402344668844783,-180731.10368389054
01259_00,01259,single,48796,16.693411160061924,16.552178281274543,-229115.28934341297
01264_00,01264,single,63592,3.880524497934699,3.7015593638656226,-86289.80701922614
01270_00,01270,single,63973,6.693602309557999,6.520157965011752,-146616.6473443713
01283_00,01283,single,51149,7.865444971277281,7.172275833207395,-533161.0113089103
01295_00,01295,single,62127,4.680051949208199,4.728865134467137,28533.63964688033
01306_00,01306,single,61996,6.3072127970714575,6.2502012322237634,-44384.04143223446
01307_00,01307,single,19928,10.140175361753586,10.333925123602189,79051.42851133738
01320_00,01320,single,65427,4.309264643741416,4.4300181734136155,69045.06383183785
01334_00,01334,single,24111,7.617191986541879,7.664919395444677,17585.974581077695
01344_00,01344,single,61796,6.432165904314908,6.441385482174786,7334.487482429482
01360_00,01360,single,63800,5.165027187302221,5.1129416677018735,-34154.26761829108
01365_00,01365,single,42438,8.977782206835636,9.221713207522933,188400.15384824201
01367_00,01367,single,51597,12.920792760236566,12.983814731368911,84235.16867910884
01373_00,01373,single,36675,4.170655809353224,4.090019777437458,-24429.51457711775
01395_00,01395,single,38763,3.447724196499095,3.555532426485043,29266.40226373356
01404_00,01404,single,65271,2.046283783189061,2.0597640803672457,3612.7985048694536
01411_00,01411,single,60391,10.505845845310853,10.267592012782643,-298896.26738177426
01412_00,01412,single,63208,14.902559246431451,13.82430791106884,-1957854.0758592822
01423_00,01423,single,65277,4.434624924278538,4.370243557013345,-37003.53848560713
01432_00,01432,single,65085,6.014170574653191,5.9854870519717345,-22401.765719089657
01446_00,01446,single,46917,3.9504804698759113,3.94093616393581,-3533.699046877213
01450_00,01450,single,65046,3.9561094945712387,3.9702225436132212,7276.3521073535085
01458_00,01458,single,61870,5.6113419643805305,5.49176398444708,-82143.99347412307
01470_00,01470,single,48401,7.549475262238856,7.510489793749243,-28417.185108006
01476_00,01476,single,64430,7.377673429229594,6.944584631312733,-399647.017817867
01486_00,01486,single,44303,9.038313113632665,9.041235425600506,2340.7082936158404
01496_00,01496,single,27452,7.183321649764899,7.13200772252973,-20165.574031380238
01514_00,01514,single,63853,4.201722494272809,4.12702979648,-39722.758326296695
01533_00,01533,single,46510,7.060527921384195,7.0196704948780875,-26756.30405396875
01534_00,01534,single,65042,6.091326156528715,6.091767981862085,350.108053480275
01541_00,01541,single,65509,1.3309778497525837,1.3519788193894038,3691.084398457766
01544_00,01544,single,60552,3.85007666486922,3.768094959171977,-37817.79423062038
01545_00,01545,single,47263,6.252806387689651,6.265315523876873,7400.955319144763
01555_00,01555,single,55258,8.512128698002822,8.566155566774887,50985.795300871134
01565_00,01565,single,65048,4.079802318336574,4.3201074722703146,131302.09498951863
01572_00,01572,multi,59608,7.520386118026473,7.333240968041859,-165697.38069688343
01572_01,01572,multi,63262,4.587824661291998,4.537887497020878,-28829.264382890426
01572_02,01572,multi,55251,5.93972199107776,6.029008082086154,59043.49066297244
01572_03,01572,multi,52758,7.5388557592610645,7.710644193679771,138209.4848680785
01572_04,01572,multi,60749,7.1827681970179516,7.034830290109267,-127774.69368655048
01572_05,01572,multi,47429,9.719561238728366,9.530210658720502,-172876.59316690825
01572_06,01572,multi,64237,5.334811903041565,5.245288698442533,-60843.00668186601
01572_07,01572,multi,59941,6.223441652346995,6.0408675015622615,-134216.6401202893
01572_08,01572,multi,29857,12.66016046992477,12.573511631284509,-65281.38648731448
01572_09,01572,multi,62591,6.147011303718385,6.137330519179372,-7443.451057482511
01572_10,01572,multi,61021,5.697438624387671,5.581556935691893,-79756.21980004478
01572_11,01572,multi,61628,5.277725992347868,5.165593315045019,-72168.69004408456
01572_12,01572,multi,63227,8.558703827156933,8.565922610087613,7816.056048378348
01572_13,01572,multi,62328,6.593461523212329,6.486065512643391,-87551.45747412741
01572_14,01572,multi,63758,5.324582519627425,5.3094254238279674,-10276.557612528093
01572_15,01572,multi,63401,5.348437700701316,5.166255595846596,-121450.25544163957
01572_16,01572,multi,62757,4.763326159008383,4.68432491820227,-46840.328535233624
01572_17,01572,multi,62068,4.725798882071798,4.6652121487814435,-35314.87220677524
01572_18,01572,multi,60538,6.10380534036529,6.156451853922035,39074.845165858045
01572_19,01572,multi,60524,5.0393375940407115,4.956555661814488,-50082.36066642217
01572_20,01572,multi,55568,6.0719441175285365,6.270564919266946,136223.78731427342
01572_21,01572,multi,11100,9.596223084852092,8.539681761993155,-212690.79516923986
01572_22,01572,multi,48524,7.915236507793635,7.809301088391131,-80830.57488201372
01572_23,01572,multi,19631,10.474792134252914,11.171848586638149,296210.79635265283
01572_24,01572,multi,60283,6.7240732932617036,6.664012148889516,-48473.78531282116
01572_25,01572,multi,55669,6.051768480032611,6.043878943536089,-5312.439884505235
01572_26,01572,multi,52213,7.223648871109466,7.222294613522258,-1021.4705171445385
01572_27,01572,multi,42421,9.213271112627428,9.38587927632918,136186.90193923796
01572_28,01572,multi,54428,6.493107897430834,6.818555604218444,235795.7226017043
01572_29,01572,multi,42384,12.907304025750085,13.314428771118413,452471.0823523486
01572_30,01572,multi,48329,8.552009281053005,8.542683263193654,-7704.870541675016
01572_31,01572,multi,62002,4.747874070855078,4.910227805764014,97220.92858943064
01572_32,01572,multi,54807,4.9785054114832965,5.111285322642059,73426.11719798576
01572_33,01572,multi,60977,6.688884806531031,6.756537087801565,55465.50018191151
01572_34,01572,multi,50281,17.129297701668758,17.435499120221024,532163.5358807705
01572_35,01572,multi,61444,5.297273510595347,5.2824927416498495,-9608.433332509361
01572_36,01572,multi,62766,6.505980168340897,6.618667343247082,92829.62414114736
01572_37,01572,multi,61331,7.2083281546176785,7.374864699012001,148950.58522293717
01572_38,01572,multi,49880,8.535412840994837,8.726841990563292,164828.39825051185
01572_39,01572,multi,62210,5.159673962755509,5.302761502074019,93131.11631900072
01572_40,01572,multi,61729,6.907023422453008,6.944074594546446,31679.28676945716
01572_41,01572,multi,63444,7.0165365428639035,6.867795735590346,-131022.44192319922
01572_42,01572,multi,59606,6.3747725842664975,6.461557795078494,66401.3008480519
01572_43,01572,multi,63877,5.765755782614467,5.747486812903943,-13435.573920966126
01572_44,01572,multi,32929,10.2892903829999,10.159640660975816,-87301.30636884365
01572_45,01572,multi,60648,7.147209846485593,6.960445994768897,-159795.35910943057
01572_46,01572,multi,57833,10.105288530597273,9.917631132953584,-217304.54786030762
01572_47,01572,multi,61431,6.536401797731113,6.543612986499194,5794.322776006535
01572_48,01572,multi,55414,6.218747677407246,6.342000749183012,85789.22994842846
01572_49,01572,multi,45870,9.797560784511283,9.464171182061818,-294561.59753873525
01572_50,01572,multi,63036,5.46658247962562,5.274637603785662,-129962.71778023266
01586_00,01586,single,64502,4.815613118780489,4.879907628090265,40208.531043019146
01597_00,01597,single,57703,4.625923238003637,4.577952769203434,-25476.696585677564
01623_00,01623,single,62856,4.610817139819524,5.049489000908744,266365.1523828516
01631_00,01631,single,58908,9.087710797903911,9.115647402681152,29957.075714251027
01634_00,01634,single,64081,5.165041971583392,5.342620009704827,119570.66032233275
01650_00,01650,single,53167,5.085042041139917,5.165396075173115,43791.74671932403
01661_00,01661,single,65039,2.9422449792810097,2.96506365359924,8767.058947532438
01666_00,01666,single,58255,8.949682884911997,8.449105033401107,-507368.8859606185
01669_00,01669,single,65079,3.7122718454390373,3.7808629300980514,33448.14873086568
01674_00,01674,single,31774,7.138293667792177,7.496129251486611,166391.45445282105
01686_00,01686,single,65042,7.06751711893773,7.06825219462825,675.8423414342105
01713_00,01713,single,64658,3.066002287299521,2.9925685525638617,-28766.569464057684
01715_00,01715,single,64325,6.93309344023851,7.048128374981179,103455.75900996011
01735_00,01735,single,64027,4.304836996281774,4.304267311010409,-314.01913606282324
01764_00,01764,single,50979,10.875286448002342,10.893498223517085,20210.533790379763
01765_00,01765,single,57394,12.557237528681858,12.649274841423686,133150.61696875654
01768_00,01768,single,53146,6.040647949201248,6.180320295625762,90716.57141903508
01771_00,01771,single,60801,4.727643578191304,4.682865127575072,-25620.811748770066
01783_00,01783,single,56778,8.142996763958164,8.507589497890594,344681.22613252886
01788_00,01788,single,51943,5.326855904558496,5.530079222180417,114606.11973900348
01790_00,01790,single,63679,12.387446931766535,12.451306553588529,101007.20977997035
01812_00,01812,single,44842,6.491583055777284,6.343830532952353,-85041.27183682937
01814_00,01814,single,61557,6.404714257740479,6.444883284072285,31773.00393548049
01841_00,01841,single,65080,3.6939079631320553,3.58862434528521,-49898.876161467284
01850_00,01850,single,63210,3.621922873803823,3.7318742029104888,51109.06259176228
01860_00,01860,single,65075,3.134403987134585,3.143916283648344,3886.3599548637867
01917_00,01917,multi,65051,4.60891684468052,4.6323477970070135,14085.599144826643
01917_01,01917,multi,59295,8.255326070973261,8.420748291917786,163570.78721801657
01917_02,01917,multi,65057,3.8183699126780017,3.76159872447544,-27995.577152593993
01917_03,01917,multi,65062,10.807778515686618,11.0875561601817,398558.43662796915
01917_04,01917,multi,65097,3.4125155486254903,3.444665257339369,14351.048025615513
01917_05,01917,multi,65041,4.033660484497301,3.9977271933546588,-18770.454822859727
01917_06,01917,multi,65194,4.173125712222057,4.07274240354189,-53964.17210577801
01917_07,01917,multi,65286,3.444411575253922,3.3942370426059796,-22401.32392792683
01917_08,01917,multi,64648,4.591116280859382,4.52024600406065,-41744.814746442484
01917_09,01917,multi,65482,4.384511372783321,4.306929347726708,-44154.484557771124
01917_10,01917,multi,65071,4.163276427810056,4.144051990949299,-10392.08015687787
01917_11,01917,multi,64898,4.332168139307401,4.369658817824998,21172.154588273726
01917_12,01917,multi,65188,2.963304149779183,2.897450238165873,-25159.543371391366
01917_13,01917,multi,64377,5.360463600720665,5.464774778662883,72694.08137826901
01917_14,01917,multi,59659,5.432147888961171,5.514913433321555,54053.40990319941
01917_15,01917,multi,65083,4.520436261719724,4.539367355787612,11162.515139320865
01917_16,01917,multi,65204,5.638860180786701,5.572011368638761,-48866.05842747446
01917_17,01917,multi,65049,4.605189576708416,4.635151325500403,18009.256218049675
01917_18,01917,multi,65214,3.7436774333813836,3.708552255005832,-17070.47514349129
01917_19,01917,multi,65040,3.600050578505888,3.4932342512811836,-49279.41832131613
01917_20,01917,multi,65206,2.6427972820677894,2.6059967809911257,-12595.076951794326
01917_21,01917,multi,65178,2.8247438660623945,2.8524637391882317,10257.157966693921
01917_22,01917,multi,65118,5.45660310542493,5.533306432667839,54892.04038863443
01917_23,01917,multi,61521,5.670850481733208,5.817974451231043,103987.80994581804
01917_24,01917,multi,65296,4.509216486070571,4.576279353891221,39784.81405338086
01917_25,01917,multi,65049,3.509445616313964,3.4408294229572003,-31021.96020790853
01917_26,01917,multi,65357,3.5012135613981186,3.4653492237362165,-16329.522268623114
01917_27,01917,multi,65150,3.5401787171494203,3.645652595629119,49378.32503767405
01917_28,01917,multi,58453,6.823243197273024,6.840291336963612,13615.915877565742
01917_29,01917,multi,65396,5.361508184912372,5.329430318349071,-22427.067647867836
01917_30,01917,multi,65489,2.043917643313143,2.0159316377706573,-7440.792364966124
01917_31,01917,multi,62876,7.2309080261646415,7.024186517621475,-185285.17536015064
01917_32,01917,multi,65148,5.357570136701706,5.3370837154627475,-14273.613035524031
01917_33,01917,multi,65039,5.473424658374499,5.465683657042918,-5507.479888767004
01917_34,01917,multi,65088,3.5445802905795363,3.4625875086308726,-37395.47606545966
01917_35,01917,multi,65252,4.182125494326207,4.180635285760634,-813.1872424632311
01917_36,01917,multi,65211,3.268444756226021,3.221799154218224,-19742.065156261437
01917_37,01917,multi,65044,4.322347610627752,4.249504709606752,-40613.38189638127
01917_38,01917,multi,65442,1.931372684587042,1.9359109422070746,1148.5548326177523
01917_39,01917,multi,64751,3.9873830362753586,3.9904142935442404,1565.8576431889087
01917_40,01917,multi,65211,2.991641912221044,2.908888254225732,-31841.908886121586
01917_41,01917,multi,65046,3.994582357360012,3.9557870195163845,-20062.61040147487
01917_42,01917,multi,65481,1.956265502988663,1.9396826850055908,-4230.452368387021
01917_43,01917,multi,61903,5.920625515836088,6.1121981159744205,142696.27677633427
01917_44,01917,multi,65073,3.1517783827199684,3.0871667792542836,-26231.46320753824
01917_45,01917,multi,65040,4.717866191349105,4.774462130661491,34941.2595364796
01917_46,01917,multi,65094,3.831800549040332,3.7833013378504714,-24040.9349367572
01917_47,01917,multi,63182,6.02212616710633,5.921585074846544,-75871.07950263936
01917_48,01917,multi,65041,4.0434985174921305,3.9010888776190895,-73586.4657610748
01917_49,01917,multi,65159,2.779916319790372,2.7497950742354034,-10852.999983956106
01917_50,01917,multi,63096,7.763197054890229,7.848941159164832,84463.3851249232
01918_00,01918,single,59683,6.345554492834376,6.221764904209654,-92849.03995098034
01922_00,01922,single,64069,2.866964447589708,2.792203267628363,-27106.700521149673
01925_00,01925,single,62773,5.90465656904613,6.129535306453734,169878.4190154923
01949_00,01949,single,42924,5.232788718986845,5.150165730544531,-36823.24302053382
01969_00,01969,single,65502,1.6824845117325262,1.6953308746206874,2842.3048508455977
01977_00,01977,multi,42637,5.3109209391347525,5.245564798654028,-29416.595076208003
01977_01,01977,multi,60522,3.5772342160365342,3.5555315438085375,-9368.810282284394
01977_02,01977,multi,58959,5.0277404305699696,4.94676769186334,-47619.01696273498
01977_03,01977,multi,41633,5.642958841603684,5.757447650521454,54340.18098090682
01977_04,01977,multi,47579,7.650283665596683,7.406633553887721,-174549.25016513746
01977_05,01977,multi,40309,6.057541811677973,6.33476698473454,138479.95515098795
01977_06,01977,multi,60591,4.379796329972213,4.457095944590534,41389.00725988182
01977_07,01977,multi,52667,6.428081815243885,6.7263426515492375,206636.32232582895
01977_08,01977,multi,39631,6.491631928629859,6.616509898192638,64872.702650769614
01977_09,01977,multi,59807,5.041564615668652,5.0860365368579625,26936.70679861959
01977_10,01977,multi,60520,7.832763590611267,7.951214887636839,113150.17239427753
01977_11,01977,multi,38857,5.799324815698167,5.819505831048978,9111.18157462962
01977_12,01977,multi,35292,4.393318938751451,4.533648574663506,44210.927218948375
01977_13,01977,multi,39275,5.0335635648477535,4.9680043597336265,-25752.414960023016
01977_14,01977,multi,60457,3.5621949356523097,3.5189647032963367,-18507.107513168827
01977_15,01977,multi,39706,5.397574482137601,5.521310534741439,53645.17767209001
01977_16,01977,multi,32378,7.867773593626806,7.725585938967472,-71787.95830361452
01977_17,01977,multi,41930,5.5591299537509204,5.833578064480833,131102.83254803251
01977_18,01977,multi,43904,5.485345054329979,5.5582908808948535,35368.49830281548
01977_19,01977,multi,64944,8.787849074640874,9.095831930379514,357702.9239976937
01977_20,01977,multi,40928,4.485104252834313,4.585479696734908,37263.46610529348
01977_21,01977,multi,58055,6.532287472067125,6.140905661253838,-287956.1252339813
01977_22,01977,multi,59929,6.802542735617036,6.586174816208091,-173607.65849836823
01977_23,01977,multi,60894,4.763891704714753,4.706490094460883,-33102.901856999844
01977_24,01977,multi,42755,7.292531504871021,6.787409764659661,-304077.17006712593
01977_25,01977,multi,37770,8.604821184077155,7.774786659569149,-513507.3231070158
01977_26,01977,multi,55277,11.568436143646966,11.835863542799656,345976.0341028832
01977_27,01977,multi,47850,8.116084760677094,7.709943813381485,-307560.575640236
01977_28,01977,multi,56147,6.631368505044615,6.7065735256655765,56319.94429600518
01977_29,01977,multi,46892,6.459204477212948,6.284445961729238,-104431.36469526868
01977_30,01977,multi,11181,7.5885290128161005,7.355639988255366,-38913.602619250305
01977_31,01977,multi,39561,5.8572579846295225,6.04976801687722,90682.59294073842
01977_32,01977,multi,40245,5.337084883311971,5.459581794742045,53226.359660905786
01977_33,01977,multi,65213,9.432812383897096,10.10036497217935,850339.8987132367
01977_34,01977,multi,60474,7.709188562193737,7.674304663513786,-32452.538709577173
01977_35,01977,multi,44599,10.112160262045736,10.052295864704082,-53836.925280241296
01977_36,01977,multi,43941,9.802510457510992,9.71604264105157,-74160.39746937482
01977_37,01977,multi,38846,6.07431201944074,6.053081288646871,-10001.81257258635
01977_38,01977,multi,59739,6.440864513680792,6.371443707124464,-53134.30219108425
01977_39,01977,multi,39533,7.370459807476413,7.523852064654882,90319.94280872587
01977_40,01977,multi,60023,3.7281848049650788,3.6105278917706976,-51826.87631960306
01977_41,01977,multi,38562,4.967213640001639,4.885927846317611,-30885.093467276543
01977_42,01977,multi,37516,6.955475343581131,6.718867543611133,-121381.37429550849
01977_43,01977,multi,57832,4.873270154833892,4.549189894392206,-176597.72139623086
01977_44,01977,multi,43684,5.493989346497563,5.553937235333288,28931.907721714117
01977_45,01977,multi,59226,6.497241179535828,6.892450976078942,313408.4459209787
01977_46,01977,multi,59482,7.508130339689113,7.320814057533425,-165223.31395128835
01977_47,01977,multi,60328,8.91114437484554,9.34885617522369,482178.6415513512
01977_48,01977,multi,60790,4.064538559267633,4.065252126838938,352.65221215225756
01977_49,01977,multi,44845,6.397859339943087,6.318512697983624,-45248.668640288524
01977_50,01977,multi,12830,6.050586142276826,6.018393949182432,-4984.800608852005
01994_00,01994,single,61832,7.683730954122819,7.424849354101561,-241845.56952442043
01999_00,01999,single,30687,4.279483612844977,4.302566340608098,6079.006405063905
02008_00,02008,single,64353,9.651677382169773,9.661691523265542,12446.307881079614
02009_00,02009,single,60884,4.8867144031570255,4.971843761824214,51097.06345490925
02016_00,02016,single,65505,2.0271096098479444,2.0424684049433073,4094.3123919963837
02019_00,02019,single,62987,10.176082786854781,10.205452865709123,37704.47859014571
02037_00,02037,single,56884,5.4863900581133365,5.447415318494354,-24240.673905840144
02041_00,02041,single,62229,6.253545516027321,6.222410439743893,-24172.2228277307
02047_00,02047,single,63693,6.283467259459099,6.341705322856639,46831.27194065787
02050_00,02050,single,65405,1.6668747072954364,1.6728076242800278,1295.9384653307498
02056_00,02056,single,65511,3.3631992400807786,3.293932509396509,-30208.28505263105
02089_00,02089,single,65423,6.852224108791984,6.865480605108438,11897.08763160184
02111_00,02111,multi,65501,2.1082882911432814,2.1219428236320423,3783.4575083823875
02111_01,02111,multi,65501,1.210717517624658,1.2721539714026735,9991.44521426037
02111_02,02111,multi,65501,1.2097492050228384,1.2582250493750422,7836.352033440024
02111_03,02111,multi,65501,1.7831567250415719,1.7723350520222225,-2520.2406743206084
02111_04,02111,multi,65501,1.1876212094578427,1.145108597310466,-6495.762827982195
02111_05,02111,multi,65501,1.9247149316316488,1.9543586008838176,7531.95820855163
02111_06,02111,multi,65501,2.8286094829657467,2.770830035405925,-21191.703724579827
02111_07,02111,multi,65501,0.9852756813484369,0.9933162919098883,1042.061141449958
02111_08,02111,multi,65501,1.3059775512827256,1.31661130562379,1826.6896375138313
02111_09,02111,multi,65501,1.3076456649945727,1.331519035941714,4126.940147949383
02111_10,02111,multi,65501,1.4086175959211205,1.3483949477164348,-10875.432106092572
02111_11,02111,multi,65501,1.446494333835975,1.3822930915156146,-11895.74579805696
02111_12,02111,multi,65501,1.3451654400314514,1.301158098493565,-7628.093435228802
02111_13,02111,multi,65501,2.168898894035034,2.1756202560837674,1912.7003429681063
02111_14,02111,multi,65501,1.6209432851164458,1.5943170561609343,-5607.557509155013
02111_15,02111,multi,65501,2.218817192583493,2.2383824072096594,5712.0845815725625
02111_16,02111,multi,65501,2.1807950367159363,2.199117826428802,5256.600816283375
02111_17,02111,multi,65501,2.0016065925300817,2.0164420882168597,3904.4978333916515
02111_18,02111,multi,65501,1.2336239400129965,1.2683407741925798,5689.436124253087
02111_19,02111,multi,65501,1.9055663876672466,1.8592851945746263,-11413.013651126035
02111_20,02111,multi,65501,1.0452841110128983,1.0900024187487856,6254.45469571276
02111_21,02111,multi,65501,2.063578579627886,2.107417841549558,11977.080853548832
02111_22,02111,multi,65501,2.565491392317638,2.5510125800586705,-4852.373059608974
02111_23,02111,multi,65501,0.9293012698942187,0.9397802805934176,1282.9108106484637
02111_24,02111,multi,65501,1.0144743220246593,1.0358347111062594,2868.642409279011
02111_25,02111,multi,65501,2.107583682982933,2.0843124648249596,-6389.657249233685
02111_26,02111,multi,65501,2.5140534387663958,2.602455866567736,29626.87812395394
02111_27,02111,multi,65501,1.2223046759748282,1.2438229676664372,3475.9320028461516
02111_28,02111,multi,65501,1.931080680576956,1.958828564122909,7069.964978318661
02111_29,02111,multi,65501,1.2388298309599999,1.3139077671051163,12553.546364341862
02111_30,02111,multi,65501,1.2471370109766253,1.3025719117015706,9258.098738765344
02111_31,02111,multi,65501,1.2351865560554876,1.183222163311384,-8231.585374476388
02111_32,02111,multi,65501,1.24920756561002,1.3273603432616479,13189.670362995937
02111_33,02111,multi,65501,3.5136787593261336,3.563482970445129,23087.298400245607
02111_34,02111,multi,65501,3.8219098631933726,3.7230720924162064,-48846.00813573587
02111_35,02111,multi,65501,2.591480252786695,2.6063235279545207,5053.56143440865
02111_36,02111,multi,65501,2.859031640472675,2.8403520460893716,-6973.378957412206
02111_37,02111,multi,65501,0.9717895985440146,0.9804817288390624,1111.5124564496728
02111_38,02111,multi,65501,1.1268237442388553,1.095820191848793,-4513.664590317756
02111_39,02111,multi,65501,3.0541582391256887,3.173206443437526,48559.597546626814
02111_40,02111,multi,65501,2.940756434704799,2.919489399750969,-8163.393101514317
02111_41,02111,multi,65501,1.1202192490455507,1.171524292608145,7701.476724646054
02111_42,02111,multi,65501,1.2036709360146405,1.295771683242683,15078.36510464549
02111_43,02111,multi,65501,2.3868632290111442,2.4169654391296636,9471.828432044014
02111_44,02111,multi,65501,2.105268188603336,2.1235072232852876,5052.012310456485
02111_45,02111,multi,65501,2.7908357794099348,3.052238037656558,100045.74864552065
02111_46,02111,multi,65501,1.1656935516944806,1.1453400130602829,-3081.0171046191826
02111_47,02111,multi,65501,2.21435963487987,2.2503059561566916,10512.144382551312
02111_48,02111,multi,65501,1.4062010184883948,1.4083448793282194,395.23268895503134
02111_49,02111,multi,65501,2.304806182737759,2.3052931463006834,147.04649580363184
02111_50,02111,multi,65501,1.4442915291856893,1.4718074786298432,5255.749992427416
02114_00,02114,single,65052,6.005416671689447,6.013087709419832,5997.430145898834
02115_00,02115,single,45869,4.341444522034228,4.581915599649055,98426.16000949498
02117_00,02117,single,55994,7.042759342652791,6.811484826305428,-179412.2578921914
02121_00,02121,single,65515,2.74051824839853,2.521067000644206,-75647.6447701864
02136_00,02136,single,60207,6.150733213041046,6.178770737151496,20812.88343060948
02141_00,02141,single,63230,8.679157470129136,8.827633056388244,164355.69830422103
02145_00,02145,single,11743,5.368003179421689,5.4580134242553235,11442.994592736533
02155_00,02155,single,65500,1.2192460069292979,1.226491155247523,1160.6422159224749
02157_00,02157,single,64732,2.8764320366473695,2.916974441007201,15204.163350151852
02160_00,02160,single,57050,8.707997321463766,8.189469766368141,-499860.8210074678
02170_00,02170,single,63852,2.721311741276199,2.7261901309795964,1696.8692652601749
02171_00,02171,single,44729,8.63522974547361,8.59444055147032,-31434.84183322359
02182_00,02182,single,64369,2.595429040930329,2.73911854343574,49340.02858554851
02187_00,02187,single,65236,3.8582744978179884,3.9205579273150164,31606.343656974845
02193_00,02193,single,65373,2.5117814994164966,2.5164912887077517,1548.1702718045563
02202_00,02202,single,65066,2.9787946040953983,3.0093274673379855,11896.310376465437
02211_00,02211,single,62538,4.686749967206177,4.557069463633275,-74966.99966054689
02225_00,02225,single,63017,2.533033450813586,2.5209550252641053,-3846.8238345831633
02232_00,02232,single,61973,6.838328128651742,6.533492456164576,-252614.8334478638
02255_00,02255,single,65079,2.8939338664588856,2.9361409126148037,16014.004842621274
02262_00,02262,single,60198,5.072654343491503,5.1249176324471115,32083.04486230854
02274_00,02274,single,59841,5.174283232605497,5.253406920657754,49373.450876399875
02277_00,02277,single,63629,5.283735599656817,5.2491821785862305,-23157.669122695923
02280_00,02280,single,59450,6.8708750333546575,6.8505369701519125,-16590.529853986576
02285_00,02285,single,64413,3.9126058416354415,4.030943629216684,60549.6415899368
02287_00,02287,single,64688,3.902448046994897,3.9649224542151518,31794.75414470397
02288_00,02288,single,64919,10.593306391802999,10.900805831103177,429077.4210679196
02296_00,02296,single,65388,2.738160544727965,2.6760894429880957,-21974.84458231082
02297_00,02297,single,61891,5.277564158052029,5.080547255887544,-126302.3886195235
02308_00,02308,single,65058,5.536815318731584,5.719687230187764,133921.7718250677
02310_00,02310,single,59050,8.611862188080101,8.448856315520132,-164217.89092989173
02319_00,02319,single,63119,7.782976390949052,7.549676576202808,-225783.2966052331
02334_00,02334,single,61567,7.446756860055145,7.466503606787729,18130.76593112806
02341_00,02341,single,62180,6.990250012030562,7.435031477450454,398952.96369031724
02348_00,02348,single,61119,3.5788437006670812,3.5242547652395104,-23698.92791238986
02383_00,02383,multi,51174,6.966405032789586,6.374735706804481,-403944.2078250437
02383_01,02383,multi,44592,10.885344293132324,10.206796131009346,-638202.1808888735
02383_02,02383,multi,62914,7.687746470154737,7.518938446186321,-161500.89430864668
02383_03,02383,multi,62116,7.703780219583881,7.525766305603888,-168400.8977329936
02383_04,02383,multi,33746,15.129416970421383,14.505425661619176,-624027.1255669007
02383_05,02383,multi,61455,9.807993472527146,9.502230488943175,-362851.933240084
02383_06,02383,multi,55063,10.226538769029844,9.738102247666026,-536944.6314339116
02383_07,02383,multi,47512,7.961411830629497,7.551336139301841,-302242.87709783856
02383_08,02383,multi,47960,8.376295066534727,8.457656692935766,65687.82379978709
02383_09,02383,multi,44413,11.394545782559112,10.792462156181854,-593288.1380454637
02383_10,02383,multi,46848,10.72197198752311,11.230917836251143,523424.8402537117
02383_11,02383,multi,55377,7.999848411831022,7.558629907316175,-380145.85708580445
02383_12,02383,multi,48806,13.398598259247185,13.078589475034926,-413529.95121885743
02383_13,02383,multi,49801,10.142459957193777,9.396745818512363,-725633.5385383768
02383_14,02383,multi,62380,9.902820813625292,10.017352477144732,142319.38266656362
02383_15,02383,multi,58604,6.073564075175023,5.917927800925724,-109373.2967760947
02383_16,02383,multi,58842,12.232944099204333,11.72577275079447,-714999.4235205604
02383_17,02383,multi,56790,10.433762348948392,10.475008163879151,48975.655054513365
02383_18,02383,multi,60291,15.351926897576304,15.686109390308332,625360.4593573753
02383_19,02383,multi,47436,10.213065319902467,9.596538850769738,-579342.7611273099
02383_20,02383,multi,45740,16.80169344030741,15.980369439128475,-1231535.5516344663
02383_21,02383,multi,49537,7.7559205324311264,7.118069807729421,-469976.6163891936
02383_22,02383,multi,63074,5.384798351919215,5.183708441040206,-134046.1319011806
02383_23,02383,multi,48642,16.550284736272758,15.588897779391305,-1502949.8005608115
02383_24,02383,multi,48940,16.935990779837656,16.075452358016594,-1390268.6869035661
02383_25,02383,multi,43618,15.212387988554568,13.861566074344209,-1713041.7418646878
02383_26,02383,multi,62357,5.9394916570945995,5.218710100747144,-501514.0312938504
02383_27,02383,multi,28704,13.818042639731356,12.62449869576896,-905907.8579629976
02383_28,02383,multi,58487,7.649099741184951,7.576693097571728,-64478.90868334519
02383_29,02383,multi,51327,6.1057863897165685,6.185704416332678,50419.11208129511
02383_30,02383,multi,49810,7.654380001899774,7.198242878375704,-337454.41566112684
02383_31,02383,multi,60753,8.356567356702126,8.23109146799001,-126448.3314391044
02383_32,02383,multi,43826,14.439688745087707,13.487673861415946,-1165213.4698897656
02383_33,02383,multi,28678,10.877567548976629,10.068309300301667,-486109.98405988794
02383_34,02383,multi,63268,5.614945482863332,5.56020043966502,-38706.340386206284
02383_35,02383,multi,42047,15.527952233556702,14.794795142619943,-934761.0375831816
02383_36,02383,multi,63518,6.9951003169827395,7.242025071168562,223297.4455870185
02383_37,02383,multi,43474,13.346350054976947,12.76502333801024,-659902.234983393
02383_38,02383,multi,51089,8.972010224969068,8.384549295848354,-520918.80045619514
02383_39,02383,multi,59198,7.064763277732892,7.138264279418015,61798.967869285494
02383_40,02383,multi,52417,9.876845305476985,9.742058703989933,-138609.7009797832
02383_41,02383,multi,61731,7.98163380054469,8.211473118243442,229751.21642782912
02383_42,02383,multi,40420,11.80015036152997,11.855610041786855,53028.65150950011
02383_43,02383,multi,31877,17.145967040191344,16.80302471860709,-371129.4404105712
02383_44,02383,multi,45701,12.646367217600197,11.486838278127356,-1278857.9461267022
02383_45,02383,multi,58903,10.03029019180149,10.140769686374968,131264.6581362523
02383_46,02383,multi,46316,9.201686466789221,8.466197089442225,-601855.1459409036
02383_47,02383,multi,49629,8.803530062124784,8.212077982438826,-499462.12513406854
02383_48,02383,multi,63015,7.601118982675161,7.424675740360763,-167065.36417392083
02383_49,02383,multi,47339,8.296772972998252,8.434628506869306,109188.1743407296
02383_50,02383,multi,46658,17.7226194348529,16.725667039069208,-1602389.7721565776
02386_00,02386,single,65055,3.2272904582646462,3.149143006871568,-32417.03818940092
02388_00,02388,single,48737,5.333916316181394,5.644594783218473,166231.52595618274
02408_00,02408,single,65491,3.0783043528233525,3.131406567999466,21595.618315534666
02421_00,02421,single,65175,3.2253381850680025,3.2084699430940047,-7073.249331463128
02423_00,02423,single,59213,6.313584948239519,6.046851396935028,-195221.89071573922
02437_00,02437,single,64795,7.428047372650726,7.46111395742845,31900.7630887134
02473_00,02473,single,58380,6.504517932047511,6.779448321971628,213213.45236180816
02490_00,02490,single,56337,15.001563487017366,14.778463464214669,-374298.78536671586
02510_00,02510,single,62113,7.117318492000625,7.147103712673687,26389.885907511227
02517_00,02517,single,53335,6.61280001821832,6.818814606505902,147583.73488492984
02519_00,02519,single,53385,10.699706348131713,10.368297339795742,-372740.80771202035
02521_00,02521,single,36164,9.421695058537265,9.375044497204861,-31711.43231984228
02547_00,02547,single,60977,5.805643129599705,5.859537045140365,38335.156649938086
02552_00,02552,single,65171,2.5985814053324026,2.699595263441394,34878.819671162404
02564_00,02564,single,51741,8.901702503760253,8.847814097653012,-49489.912530720234
02585_00,02585,single,53859,11.600874770593915,11.302929643492021,-367537.9586873399
02593_00,02593,single,60326,9.116925185366316,9.419153383663948,337953.8307204712
02595_00,02595,single,47652,9.20354531149473,9.462330340572583,230180.56401008647
02607_00,02607,single,61624,5.714418541506835,5.636336400141243,-54616.81211078074
02609_00,02609,single,20891,6.094570291123135,7.022653984790461,254324.5679564291
02629_00,02629,single,61919,5.359523180337786,5.119782809503098,-155559.89032483473
02630_00,02630,single,64787,4.09842123973041,4.090520741989136,-4191.506245095283
02632_00,02632,single,54528,4.2627198846893375,4.122146944756494,-64271.35646392405
02634_00,02634,single,64124,3.821258223591591,3.82263808361559,676.3483351431787
02642_00,02642,single,65027,6.816376759490353,6.608919259153027,-181111.7927811062
02649_00,02649,single,64709,3.0328107575091394,3.075464618643043,16859.381842901
02682_00,02682,single,65144,2.171159504079428,2.166299957609707,-1373.110822306946
02687_00,02687,single,64321,3.6234110768369305,3.620648191856113,-1287.3528187517077
02688_00,02688,single,57371,9.060312387265535,9.283399636403054,234776.37459922582
02704_00,02704,multi,57734,8.189477143895422,8.096177124351188,-87724.033772883
02704_01,02704,multi,65077,6.2543861300515475,6.32253393355407,55776.81190523971
02704_02,02704,multi,64331,3.826135554082175,3.938443022820365,56097.92928548157
02704_03,02704,multi,49323,8.752377874877345,8.239686234954956,-429686.6471088445
02704_04,02704,multi,65175,6.499940584556717,6.5924714913915,78956.4337660973
02704_05,02704,multi,65090,5.132913495514456,5.210362168229113,52141.83972657006
02704_06,02704,multi,62384,8.745335947141275,8.696325695958226,-53327.104490818456
02704_07,02704,multi,49905,7.365922083927082,7.417708964796146,38207.17517332826
02704_08,02704,multi,65084,3.1367327799354534,3.1014930528650684,-14307.635427398607
02704_09,02704,multi,65243,5.888583440826444,6.151349148509069,206408.0660556797
02704_10,02704,multi,65407,4.900678553545705,4.900065970847932,-392.6883568353951
02704_11,02704,multi,63390,6.7043486760212465,6.638399930592597,-55779.24010124896
02704_12,02704,multi,63727,8.518144018719628,8.309401963482287,-223848.51379375625
02704_13,02704,multi,51597,6.27482241137418,6.471302135629079,129217.20680868346
02704_14,02704,multi,63000,7.141318914809334,7.17823142457642,33299.94413105957
02704_15,02704,multi,65479,3.626004668157685,3.637919407985785,5667.06113706436
02704_16,02704,multi,65239,3.168560268644051,3.1713120937260895,1138.1739324685186
02704_17,02704,multi,46247,5.107743500725665,4.912969834479045,-90263.55689184554
02704_18,02704,multi,65006,3.267966343756598,3.24506886889397,-9694.47869633045
02704_19,02704,multi,47646,3.413677274125029,3.488587084451072,24635.236319086514
02704_20,02704,multi,65056,7.932248286063195,7.9526558912829035,21089.389151061885
02704_21,02704,multi,65058,2.8840652647960767,2.8152694126528868,-25508.629329957126
02704_22,02704,multi,47650,5.76778665747696,5.634361676101063,-72491.44259436894
02704_23,02704,multi,63268,6.561159121703257,6.502055468452182,-48848.19187836815
02704_24,02704,multi,61881,8.6988721590736,8.873519025945066,189910.5033573974
02704_25,02704,multi,65224,5.428727991611003,5.404824753589724,-16890.21070823446
02704_26,02704,multi,64206,7.450597219898845,7.375411396615333,-71570.79185257852
02704_27,02704,multi,65310,5.039840221135043,4.8589655180047995,-116933.86821202375
02704_28,02704,multi,50136,5.4765514132762165,5.8147343511004435,191445.32832654752
02704_29,02704,multi,62156,11.291972405592052,10.881212047710713,-566108.4682155699
02704_30,02704,multi,50070,4.258663121545014,4.191215457293928,-28536.12338753324
02704_31,02704,multi,56557,9.476610710235878,9.402760276941205,-78854.581851447
02704_32,02704,multi,44228,4.433233613169911,4.390288963948043,-16759.010069615208
02704_33,02704,multi,58804,9.299714466695692,9.190498347158563,-118750.520142328
02704_34,02704,multi,61782,7.2743757244424065,7.1852236157403055,-79643.40925188549
02704_35,02704,multi,63418,7.460395670383521,7.342121662250602,-111029.25726657361
02704_36,02704,multi,65043,7.634071832305028,7.65761695948004,23418.391150578856
02704_37,02704,multi,62905,8.19196300568523,8.448342024055588,268366.88795967586
02704_38,02704,multi,44449,3.7905239171697724,3.7844492539770225,-2045.3389905970544
02704_39,02704,multi,64228,7.804808630809064,7.476869986749522,-321875.60102290846
02704_40,02704,multi,62471,8.50140224815343,8.530984622626317,31476.54101620242
02704_41,02704,multi,65302,5.227750083549767,5.341892215443157,78783.04318286292
02704_42,02704,multi,45036,4.22285195683042,4.177068519071883,-17319.820413337206
02704_43,02704,multi,60304,8.227390139750193,8.270124409710347,42514.87723478209
02704_44,02704,multi,56774,8.053280095416124,8.32205143886044,249874.8560939608
02704_45,02704,multi,58230,7.632335201568856,7.800031389154595,150696.27275583055
02704_46,02704,multi,64900,11.136655980132389,10.888875084310163,-354192.1275952002
02704_47,02704,multi,65347,4.399772313309864,4.298303517233515,-57674.16977499053
02704_48,02704,multi,65320,5.009518309449721,4.912586653919428,-62822.55906824861
02704_49,02704,multi,65337,3.3235897874728244,3.4277556887945813,45948.89774905518
02704_50,02704,multi,64778,8.33501162230528,7.8570780404322464,-501300.32064676005
02730_00,02730,single,65232,3.6966628593890896,3.698081025724877,684.0864732033806
02739_00,02739,multi,64051,4.697681484488847,4.698872245288106,716.6697025308385
02739_01,02739,multi,60922,3.879765721389266,3.8696352966170595,-4782.664798121899
02739_02,02739,multi,60320,3.699173133914366,3.737458522326873,17173.96847245749
02739_03,02739,multi,64185,4.4623091555893755,4.493223377798742,17769.830520090647
02739_04,02739,multi,60231,7.029942303176571,6.868002080084468,-135558.0698022386
02739_05,02739,multi,61307,4.449895568130289,4.463242319889382,7293.168927650899
02739_06,02739,multi,64549,3.4015033213000443,3.482369843199893,35932.80682994705
02739_07,02739,multi,63409,3.411872468957691,3.37081577899409,-17657.804060465773
02739_08,02739,multi,62593,3.8611194801763897,3.905785581447818,21714.598818233237
02739_09,02739,multi,62438,4.453500397210008,4.502724997415396,27526.82966989372
02739_10,02739,multi,61148,5.125717397060364,5.025643188249408,-62119.60374278668
02739_11,02739,multi,63087,4.423794399651892,4.39447937603387,-16308.488139926456
02739_12,02739,multi,63576,3.1841813776230676,3.2224669186024206,15594.04817041289
02739_13,02739,multi,58484,6.637282504935476,6.383202011885622,-193479.75884022843
02739_14,02739,multi,64064,3.8424616358025636,3.851560202649899,4484.772902018507
02739_15,02739,multi,60760,4.190965760636084,4.21014151356987,9788.287591294385
02739_16,02739,multi,62633,3.1357473014985624,3.1884227155238247,20864.823186244
02739_17,02739,multi,63524,5.106720370379233,5.144015943568185,24285.675358854234
02739_18,02739,multi,62457,4.452955394905621,4.4870584190111975,19041.984257728094
02739_19,02739,multi,62155,3.212959546862767,3.206903360932622,-2416.5791536998004
02739_20,02739,multi,55101,7.803769184672144,7.667168462752534,-116447.21629402414
02739_21,02739,multi,63173,3.2792686889505336,3.326111818259632,19546.780761737376
02739_22,02739,multi,62513,4.0622518976386495,4.169896048311015,55395.43071914825
02739_23,02739,multi,63076,8.57520155209085,8.338125220747445,-252918.9570724722
02739_24,02739,multi,55376,6.53960579882602,6.47994741945603,-43011.94824918918
02739_25,02739,multi,63054,4.305363483156541,4.401431538497436,52741.194579633884
02739_26,02739,multi,62356,6.69207573611731,6.645192297108188,-38991.01925709983
02739_27,02739,multi,47711,10.856197817388887,10.643882884446459,-217790.60945079103
02739_28,02739,multi,60013,6.634009683953639,6.543905301228982,-71258.70976291317
02739_29,02739,multi,65040,5.061840894486874,5.035244133398875,-17466.47627149988
02739_30,02739,multi,58934,6.338449432130619,6.2576573444117445,-59975.11411239859
02739_31,02739,multi,63119,7.095831338858955,7.164861000113065,62135.02284933254
02739_32,02739,multi,64300,4.525789439734361,4.677340350031823,89681.95543155167
02739_33,02739,multi,63145,3.8359458272418876,3.9993701957590866,80856.00893918518
02739_34,02739,multi,61278,3.8575430358258043,3.8588288070501826,607.9689951092005
02739_35,02739,multi,60870,4.159382461120299,4.2698904550677135,56700.529199343175
02739_36,02739,multi,57439,9.735604880744143,9.572494909880218,-180895.1467122212
02739_37,02739,multi,61329,3.0927156714714825,3.109096028390078,6230.283655866981
02739_38,02739,multi,64523,3.4795227609964865,3.5622355894057773,37581.01809005812
02739_39,02739,multi,64931,4.127635660311744,4.181031421111458,28806.482318465598
02739_40,02739,multi,65032,4.593320437350204,4.671649546480368,47194.81786086317
02739_41,02739,multi,61548,6.207117918569473,6.112518754847026,-71729.72110185958
02739_42,02739,multi,65044,3.227156003129031,3.0965201404292158,-53732.776100209914
02739_43,02739,multi,62647,3.541916080556834,3.519437493993348,-9943.911173201166
02739_44,02739,multi,52573,8.527289669650887,8.351771575905415,-155751.7527244836
02739_45,02739,multi,64157,4.117349429795867,4.310626498696968,104507.54970462434
02739_46,02739,multi,63005,6.891550775884306,6.9543819092207775,54811.5552686695
02739_47,02739,multi,62615,3.8726286245956296,3.8388200723602166,-16324.539240458165
02739_48,02739,multi,63676,3.6631536321378464,3.69002517682064,12581.821894804016
02739_49,02739,multi,58789,7.824420777598355,7.711986324224312,-102694.2383636958
02739_50,02739,multi,63397,3.6713452986757473,3.6530353440782415,-8502.113156070001
02742_00,02742,single,64920,5.072054726272169,5.082256492142832,6725.186513377354
02754_00,02754,single,57465,7.76284829371059,8.110927830449679,317513.4699944835
02759_00,02759,single,51665,5.411881159046015,5.340891157041475,-39437.92639524583
02782_00,02782,single,65109,4.791611104026473,4.711558159440634,-49532.10683686775
02799_00,02799,single,65296,1.6289140509630569,1.6482206319075603,4131.295290099457
02809_00,02809,single,51631,3.7087760410317943,3.719304760095202,4037.9663317184895
02815_00,02815,single,65097,5.719981335040535,5.952572680969514,176734.12688556593
02828_00,02828,single,63686,5.023698240650558,4.91741642120058,-67288.06446919497
02841_00,02841,single,64346,3.8696043075770157,3.9634756744505406,47313.73764948535
02844_00,02844,single,40849,6.622552849656573,6.854206918329645,127528.381662976
02849_00,02849,single,65050,7.534938322356824,7.538794818229332,3781.472916079685
02854_00,02854,single,61182,3.7793686904130857,3.921772154480105,67096.41093074065
02856_00,02856,single,57865,7.271846203515294,7.0511752283125695,-182892.46507876366
02860_00,02860,single,65046,7.9597197989667,8.147206101142926,196427.73055538815
02868_00,02868,single,64926,4.1910343139607384,4.279685134828281,48755.28582959436
02873_00,02873,single,63355,8.243780108809121,8.233225599815835,-11017.859291099943
02878_00,02878,single,64448,4.664194099726638,4.772718770306046,66003.63683394715
02897_00,02897,single,61289,5.425936789339242,5.441303305541454,10234.749458936043
02915_00,02915,single,65478,2.748377091103571,2.7685347004021876,7281.661213487387
02934_00,02934,single,65058,5.910334266139758,5.96458124411692,41908.95055101067
02936_00,02936,single,65508,2.3122287480525108,2.337936646910747,7831.218165783212
02944_00,02944,single,63522,5.176496586195452,5.103098021727113,-47927.82462338894
02948_00,02948,single,65292,3.777935481584546,3.8486296997584355,35202.44707142282
02958_00,02958,single,60268,6.680337556877868,6.855531038261611,142919.29067677446
02959_00,02959,single,63739,5.364229181383716,5.2488868765062415,-78025.54028418567
02966_00,02966,single,57749,4.672352641061155,4.739661218115655,36584.526260268874
02977_00,02977,multi,44787,8.38961314453739,8.252229719226326,-102397.11717594462
02977_01,02977,multi,33005,16.70161081287434,17.026750106340227,361946.541565381
02977_02,02977,multi,37227,6.722549967753978,6.686840757100679,-17825.73044876475
02977_03,02977,multi,12372,11.69078273594977,11.637904220426988,-15261.930140936747
02977_04,02977,multi,40936,10.059669987480689,9.814566774345124,-199409.05153206736
02977_05,02977,multi,37299,7.040007709887896,6.666816528729961,-190794.30383109068
02977_06,02977,multi,51048,9.987837334786162,9.540541488160944,-445902.377891697
02977_07,02977,multi,60399,5.913632007964205,5.79642026483015,-82900.98804510292
02977_08,02977,multi,45787,8.84412893777706,8.450066392446116,-312038.1591823399
02977_09,02977,multi,39604,8.199125343492446,8.17066183491962,-18453.150242757984
02977_10,02977,multi,50345,6.138304640995283,6.153146898261812,9184.583641880192
02977_11,02977,multi,50337,8.035399863344614,8.218165131533313,149530.44614027627
02977_12,02977,multi,37235,7.321555392324924,7.209007930050977,-60893.300848164596
02977_13,02977,multi,49819,5.531043911421623,5.669394373245335,77198.81543409731
02977_14,02977,multi,50570,7.487409465644045,7.198150126715926,-214818.08607167844
02977_15,02977,multi,42906,7.780455335117742,7.619012856918474,-106669.82117760461
02977_16,02977,multi,37414,9.606083858463606,9.95065954951212,252124.6541021103
02977_17,02977,multi,37683,6.91042125174491,7.064831468734088,81316.96737961471
02977_18,02977,multi,35903,7.323098348896996,7.805110345548245,261803.88895476772
02977_19,02977,multi,60578,4.2276225110318295,4.219675111557247,-4066.846401385963
02977_20,02977,multi,41609,6.280025142346536,6.371642499303717,48229.50578898727
02977_21,02977,multi,41224,6.673865956650348,6.833096292177985,88661.2042257504
02977_22,02977,multi,42719,10.180410646247802,9.650974776402258,-448525.8674853621
02977_23,02977,multi,39010,9.396246990886898,9.57169821877208,129823.3013150217
02977_24,02977,multi,50105,6.717211793889953,6.837705059737018,81835.30399994459
02977_25,02977,multi,48825,11.996092266339142,11.842499761511476,-178769.2739093015
02977_26,02977,multi,43185,7.785940530599499,7.299757428436456,-316736.5576917315
02977_27,02977,multi,51065,4.791458861071755,4.615437538430933,-84554.15958797
02977_28,02977,multi,48462,7.03335317500415,7.354984284683892,224269.3877610378
02977_29,02977,multi,59504,8.011719122509206,7.773343358362525,-223900.2427986879
02977_30,02977,multi,51159,6.394669484977132,6.1565406101526925,-152904.30250004306
02977_31,02977,multi,55399,7.594619414819337,7.758281987693314,139200.80939636566
02977_32,02977,multi,59046,4.400863536235328,4.387770301466407,-6794.520417694002
02977_33,02977,multi,48573,6.752256619599548,6.7598186186794935,4963.106591159478
02977_34,02977,multi,27046,10.512133256834254,11.22937593801115,421753.6565530589
02977_35,02977,multi,51043,11.500212197885364,11.817234855878766,377317.97401167266
02977_36,02977,multi,43691,11.17450349589473,10.85252870946733,-309863.08151994366
02977_37,02977,multi,54333,9.747554551215494,10.068113094192004,345127.64677566104
02977_38,02977,multi,33471,8.61208277376221,8.367621375661217,-138934.17864200566
02977_39,02977,multi,51066,5.599289393179958,5.688386139382715,51356.82915003598
02977_40,02977,multi,49786,9.087278378253727,9.482330866911855,365228.6196316015
02977_41,02977,multi,50041,7.308970822692695,7.238999616466524,-50938.687489162665
02977_42,02977,multi,47199,6.359129893501159,6.70718406475006,214650.9078029301
02977_43,02977,multi,42296,8.493691439339178,8.26908204969093,-159247.66812304733
02977_44,02977,multi,22349,8.614838298125504,8.351091301060857,-100005.36048378772
02977_45,02977,multi,55621,6.824538385361947,6.935655522744931,85044.13950433536
02977_46,02977,multi,56250,8.04405361765828,7.926621790116193,-105494.94001217373
02977_47,02977,multi,50055,8.536391062214447,8.289144786097417,-208231.35691795358
02977_48,02977,multi,46515,7.471334826332979,7.350253052806431,-83476.94219239242
02977_49,02977,multi,50079,8.184972399237639,7.88225792227665,-243573.40002406202
02977_50,02977,multi,61758,5.120092533160581,5.1349714779999855,9423.315511607565
02983_00,02983,single,64985,2.7554051957138035,2.75200182900004,-1218.0610176725313
02991_00,02991,single,64499,7.577903914026307,7.351966483734803,-217569.09440391697
02998_00,02998,single,64615,6.4839954816123955,6.2247982253757,-212847.2673137295
03003_00,03003,single,64526,2.4212433322673377,2.432919554784358,3657.2230826346204
03012_00,03012,single,63881,6.702349421123151,6.70416191474,1552.258231380023
03013_00,03013,single,65255,3.403036765944823,3.453419429489915,22542.113028435968
03014_00,03014,single,62874,9.216204835137438,9.474007316638891,302951.01730140764
03026_00,03026,single,38616,10.56170262378598,10.253293926479994,-247896.41487667756
03030_00,03030,multi,65043,5.086659131149677,5.391577915515319,207813.12015267904
03030_01,03030,multi,61399,9.408985207042942,9.566800867596916,183870.12485725898
03030_02,03030,multi,65061,3.343692839768902,3.564469529567202,99228.51416637842
03030_03,03030,multi,65050,5.176012805756135,5.27336691560686,66174.71848532185
03030_04,03030,multi,64840,5.4938830176080975,5.58253578074959,63669.97077099094
03030_05,03030,multi,64228,14.172115127814749,14.509591224215711,621687.8800472207
03030_06,03030,multi,64489,9.986973562733738,10.167230569159488,234284.44218765944
03030_07,03030,multi,64330,9.181068999195412,9.0277027744603,-179648.63886800315
03030_08,03030,multi,65071,4.779505133037721,4.809214341538042,18536.9882997768
03030_09,03030,multi,56543,13.063782460720837,12.577325888310497,-705276.9922196157
03030_10,03030,multi,65050,4.424722556797937,4.259765968756849,-93188.26192354038
03030_11,03030,multi,64971,3.586189814587013,3.5166394144842754,-32095.973824488814
03030_12,03030,multi,65112,3.7031031624108635,3.8302741784274055,62379.07033262856
03030_13,03030,multi,61079,6.732320597427082,6.7589726053380925,21962.179277562536
03030_14,03030,multi,64969,3.6781437005501765,3.7085729302555515,14603.218378263526
03030_15,03030,multi,65073,4.082366221657447,4.034767734041801,-25141.81902512256
03030_16,03030,multi,65068,3.1010470846900575,3.2186427177218695,48356.45040591154
03030_17,03030,multi,65084,4.059123127295518,4.3752736753269685,173549.03543555085
03030_18,03030,multi,65150,4.8285310281889,4.738861440306996,-55892.45470500272
03030_19,03030,multi,64838,6.908147081680377,7.096526176774014,171054.8125046976
03030_20,03030,multi,64205,5.323662521173342,5.290274239533459,-22753.03915948514
03030_21,03030,multi,65052,3.9908097434863965,4.126063360224007,71416.45634709112
03030_22,03030,multi,64997,5.171462573781959,5.207228420720885,24127.060171806253
03030_23,03030,multi,65042,8.189923136191585,8.05089859484718,-146856.5621511778
03030_24,03030,multi,65085,2.9759396422635436,2.976371149633379,167.1686079343781
03030_25,03030,multi,64042,6.66585159653084,6.406164418919328,-217399.21113134176
03030_26,03030,multi,59983,4.466296366388172,4.514335300524876,25877.864249626175
03030_27,03030,multi,64906,4.920502067338049,4.786974545674151,-84132.14985586307
03030_28,03030,multi,64646,6.564162632067973,7.035191260638734,414101.9133846662
03030_29,03030,multi,65143,4.1209544329049645,4.185639996559513,35002.42457098607
03030_30,03030,multi,55574,5.9784058610423845,5.492009779660799,-310056.52790605184
03030_31,03030,multi,65041,2.385539094812209,2.383678997730551,-576.9922821773798
03030_32,03030,multi,65090,3.7709386061660464,3.840497847940515,34461.62377391383
03030_33,03030,multi,59027,4.8542739811152655,4.863452462013924,5264.85226275865
03030_34,03030,multi,65245,2.9884536824495602,3.0790759652213557,35875.18426466361
03030_35,03030,multi,65046,5.209183174533728,5.28076126866434,48839.80411132332
03030_36,03030,multi,65044,6.830241144726175,6.819445764005414,-9584.465405374765
03030_37,03030,multi,65039,3.5627942840413276,3.5526184431711365,-4709.168803458102
03030_38,03030,multi,61605,12.217694313905115,11.941192589284181,-411519.79171855
03030_39,03030,multi,64899,7.364964595828739,7.444916683123929,76845.66768199857
03030_40,03030,multi,64380,10.638536594658966,9.912008550902916,-961228.6392122656
03030_41,03030,multi,65076,3.1496833655130274,3.2560315734337104,44332.13373262249
03030_42,03030,multi,58586,5.466932148229695,5.558388389395489,59074.27763629053
03030_43,03030,multi,62092,6.4568467523947355,6.329409527487168,-101175.50001202524
03030_44,03030,multi,61021,7.950923559915618,7.817298758784777,-128572.80739991926
03030_45,03030,multi,65038,3.765857747478326,3.995141081681008,115733.01951118477
03030_46,03030,multi,64849,4.364732871213684,4.185566008319586,-99344.14329415374
03030_47,03030,multi,64862,6.509536902358503,6.6998628415669845,163068.99720684346
03030_48,03030,multi,61616,13.197680555020899,13.190481558291378,-11705.086326194927
03030_49,03030,multi,63508,4.898165613713189,4.809250099908075,-54816.28596827318
03030_50,03030,multi,64925,5.130077247048312,5.083707002098235,-30749.49786169827
03058_00,03058,single,44104,11.910599655752023,11.797818788482385,-117927.74474756792
03059_00,03059,single,53707,9.084229064152614,9.162850422639144,77048.60881175939
03061_00,03061,single,41840,4.9171756094321095,5.088597793023565,71764.45021312381
03083_00,03083,single,48538,7.781343883999506,7.558922049943501,-165612.14545401093
03085_00,03085,single,51687,7.279236633364869,7.631543478201112,271520.5923707639
03093_00,03093,single,63944,7.048845758403597,7.19541961277111,133504.64133238
03116_00,03116,single,65068,7.661333423752355,7.816727768063781,156501.75987300277
03118_00,03118,single,63021,5.256905841135454,5.412873462125404,104875.77289027907
03120_00,03120,single,56688,9.37084928856078,9.579802795243921,224473.43756552413
03127_00,03127,single,45248,9.315824206950749,9.88680103978198,496110.57157216873
03133_00,03133,single,64599,3.7518040833353123,3.755741658071119,1909.6447880547494
03172_00,03172,single,65308,3.1816377247687795,3.1165236502120424,-26782.742183553055
03174_00,03174,single,64704,3.0840190996718286,3.048876402172411,-13945.426100635901
03193_00,03193,single,65047,10.950952916824315,11.12172081026598,245181.91696279123
03195_00,03195,single,65444,2.8852256910964758,2.8495235389030356,-13399.193680114113
03200_00,03200,single,60009,9.843222121909621,9.765675283995668,-91250.16480032355
03214_00,03214,single,48716,9.309913585219762,9.028336630185303,-251551.33362098085
03239_00,03239,single,59898,4.998913630975364,5.07403126320713,45322.16731457692
03241_00,03241,multi,65465,2.8550136090683265,2.876844507688238,8191.741074545425
03241_01,03241,multi,64603,2.6744692769187495,2.7004138104652706,9008.813059678243
03241_02,03241,multi,64563,4.126289548135517,4.058586602142553,-35776.955537870526
03241_03,03241,multi,64484,2.8264738286149953,2.866717430133155,14774.220732424466
03241_04,03241,multi,64329,3.1054142513360676,3.095774146268289,-3845.594548104331
03241_05,03241,multi,64386,2.7651181174528032,2.753399153496483,-4163.92664312385
03241_06,03241,multi,64962,2.6471070956514424,2.649811992816864,930.7509431969374
03241_07,03241,multi,64775,2.630724976307972,2.589900981673682,-13805.288864886388
03241_08,03241,multi,64586,3.4705565441227257,3.4497903515746025,-9281.606016790494
03241_09,03241,multi,64538,4.302770015989329,4.241087360337441,-34012.0302020153
03241_10,03241,multi,64159,2.9022660438229213,2.9330378175732954,11520.560073384084
03241_11,03241,multi,64570,2.362410993042898,2.3783494947575567,4878.949179393239
03241_12,03241,multi,64655,3.3389328030279106,3.2972545747457476,-17882.572945817374
03241_13,03241,multi,64323,3.054224042171785,3.0637875288859,3763.50800783094
03241_14,03241,multi,64358,3.224066290759513,3.24825216586769,10074.516744084656
03241_15,03241,multi,64974,2.604839078461923,2.6012702001314585,-1207.215009140782
03241_16,03241,multi,64623,3.0628294562938363,3.071466852079619,3424.0073322784156
03241_17,03241,multi,64439,4.476915571635657,4.636864651908902,93935.35712802596
03241_18,03241,multi,64085,2.8723219594565506,2.8983452535815584,9623.757892141119
03241_19,03241,multi,64299,2.9214963908905474,2.91652896306624,-1864.6690441695973
03241_20,03241,multi,64290,2.860962723209199,2.8583336126804517,-966.7070137197152
03241_21,03241,multi,64760,2.689730771209818,2.7019137886987363,4253.857737888582
03241_22,03241,multi,64843,3.6132070938427843,3.615111924541103,892.8053679624572
03241_23,03241,multi,64335,3.506359324626434,3.5369626351968635,13867.3429453196
03241_24,03241,multi,64624,3.108134777479902,3.129579592057702,8644.534570716321
03241_25,03241,multi,64325,3.0402984953182344,3.0504659769658775,3983.501617689617
03241_26,03241,multi,65463,1.696688217989647,1.73225337828877,7983.268986353651
03241_27,03241,multi,64697,2.3849573921302025,2.3935103139794522,2644.1573873814195
03241_28,03241,multi,65190,2.731745031273682,2.659319679083465,-25453.4198757736
03241_29,03241,multi,64525,2.817238560773753,2.8283358074448817,4042.5126312830835
03241_30,03241,multi,64568,3.335690482848944,3.3304910813662967,-2237.9368433961645
03241_31,03241,multi,64345,3.189065975827747,3.232308489831915,17867.086365930736
03241_32,03241,multi,64526,3.202160546598959,3.2215875464999777,8052.467553180642
03241_33,03241,multi,65320,5.108490997068928,5.003442865705173,-69385.50091145188
03241_34,03241,multi,64532,3.9245358996380544,3.9077652660043167,-8476.449426503852
03241_35,03241,multi,64791,3.2396944094723987,3.258724951973036,8012.602274740115
03241_36,03241,multi,65079,11.3618765614218,11.461213323146222,147545.2762845885
03241_37,03241,multi,65095,2.801030397927347,2.8825674317581966,30166.566306110413
03241_38,03241,multi,64533,4.993989783838873,4.953294875959165,-26123.205747484695
03241_39,03241,multi,64580,3.442723101854698,3.4276417639622316,-6691.41110561043
03241_40,03241,multi,64487,4.564654549666156,4.55541004260468,-5436.931311802007
03241_41,03241,multi,64625,2.882301042058397,2.885967563348971,1366.7851224765182
03241_42,03241,multi,64558,2.417421595063088,2.425285228075857,2458.450579957105
03241_43,03241,multi,64666,2.662658420907779,2.6745759375853075,4113.183068603277
03241_44,03241,multi,65069,6.036481245087379,6.063765231378301,21482.072197912727
03241_45,03241,multi,64437,3.0825809857829785,3.118749106372203,14452.60402220022
03241_46,03241,multi,65258,9.612678852901755,9.443257226873582,-210684.64876853116
03241_47,03241,multi,65129,2.001047470059104,2.0097089728134603,2262.5279224636033
03241_48,03241,multi,64196,2.718327346491983,2.6987368925051336,-6812.655912497081
03241_49,03241,multi,64411,2.846283499725684,2.885583855867759,14509.507099859416
03241_50,03241,multi,64558,3.548282161078496,3.5536872609745114,2478.1785324523225
03242_00,03242,single,25253,5.968646411947746,5.897988892982175,-21173.807381195948
03255_00,03255,single,65265,3.2662360018168966,3.1747818329480073,-38444.86598080583
03267_00,03267,single,64347,6.012099158771947,6.244758639054389,183496.67750413995
03275_00,03275,single,64475,3.7802489601960167,3.7415418403189844,-18771.693682799116
03305_00,03305,multi,51357,4.363286954099382,4.3255539588401435,-16837.700231280178
03305_01,03305,multi,30382,6.300073179941419,6.263822447099514,-13837.494776786305
03305_02,03305,multi,52923,7.937493345820331,8.205405159056756,228885.2648575399
03305_03,03305,multi,64041,7.902915389092359,8.01390512028451,113135.06305406615
03305_04,03305,multi,64307,8.792482511364154,8.82762032974663,39814.51982060354
03305_05,03305,multi,61757,4.666123368115711,4.710936016595838,25950.962450595573
03305_06,03305,multi,57895,8.687745300581382,8.71209024739851,24524.210322998464
03305_07,03305,multi,62680,8.248391183255736,8.149658278852888,-101480.61548995832
03305_08,03305,multi,33263,6.93432027166492,6.9894620557264595,25538.739265941083
03305_09,03305,multi,56505,7.621501997360716,7.572926329734849,-41705.182157787494
03305_10,03305,multi,52266,10.971476739088862,10.835781302297898,-154662.69374500774
03305_11,03305,multi,64146,13.87270112411729,13.752592889537413,-212838.05049161054
03305_12,03305,multi,54550,7.642181511432113,7.931574370365655,245853.23546062317
03305_13,03305,multi,57071,5.89532772481734,5.882111444296201,-8883.326002871618
03305_14,03305,multi,42716,9.95295301731343,10.58209305138588,551865.9269219879
03305_15,03305,multi,52176,5.431404321013635,5.625246508851628,111825.97131325211
03305_16,03305,multi,40689,5.289087283647217,5.266090839715917,-9876.504522100091
03305_17,03305,multi,54492,3.7656310189999855,3.7610504317363977,-1878.7000419031829
03305_18,03305,multi,32143,10.24468062597091,10.294383806260043,32813.40084386058
03305_19,03305,multi,44154,12.127666858204682,11.979041754409288,-158197.69182619825
03305_20,03305,multi,48478,8.190445001805118,8.141060270390762,-39098.815976756625
03305_21,03305,multi,54051,7.407402950871415,7.311380967869201,-76391.72790774424
03305_22,03305,multi,55572,4.167515072396301,4.145739251928415,-10060.084329930134
03305_23,03305,multi,48059,8.420175377765753,7.42752615229515,-756026.156476914
03305_24,03305,multi,40874,10.724025879909911,11.174539654943043,403246.7562198071
03305_25,03305,multi,55806,7.456832603419206,7.548695028069483,76925.45431220811
03305_26,03305,multi,51882,3.5422030631205006,3.5519609301766053,3591.4748530052602
03305_27,03305,multi,52140,7.819104836299152,7.135826581082397,-532786.3043016503
03305_28,03305,multi,54754,3.9104318212808167,3.923628457428717,5660.646090444177
03305_29,03305,multi,49719,11.923013629818115,11.90356006400363,-23045.34415304754
03305_30,03305,multi,50385,7.974462104363972,7.9070228479129545,-53964.12550753914
03305_31,03305,multi,48644,6.656196965335279,6.519473336082696,-87628.54014654737
03305_32,03305,multi,62181,25.14586971441327,25.146637591742817,2401.335468992591
03305_33,03305,multi,53954,15.659316486190962,15.54827907982851,-186961.9657231532
03305_34,03305,multi,59675,5.561960351011039,5.4823325304013695,-52480.16262330115
03305_35,03305,multi,47229,6.578781492540986,6.877605711256535,189912.26708268537
03305_36,03305,multi,59948,14.254668750255902,13.699758369332965,-929925.4735911395
03305_37,03305,multi,53204,5.63225432944907,5.491079892757237,-83547.86088697612
03305_38,03305,multi,36584,6.893287884866119,6.697613466554039,-97291.18654824141
03305_39,03305,multi,51071,7.11329658987063,7.506256664525053,293397.8256037608
03305_40,03305,multi,63543,9.683010825364576,9.516918803515056,-202635.7759164013
03305_41,03305,multi,52387,5.396176567851555,5.508182971280685,63983.28645342216
03305_42,03305,multi,53911,7.234358645709831,7.420277429629369,146884.4074486699
03305_43,03305,multi,59512,12.272794360100493,12.0208574363812,-364241.2856358327
03305_44,03305,multi,17743,9.612468437116181,9.732352804779643,41148.530511480756
03305_45,03305,multi,58396,5.511389775841277,5.637108286587032,81846.23199979495
03305_46,03305,multi,63549,11.908490747835819,11.809124350508249,-149768.08677510917
03305_47,03305,multi,64086,14.591478848868107,14.380759668106776,-391245.4379150048
03305_48,03305,multi,60704,6.462803054654537,6.53385769919621,56058.51167512033
03305_49,03305,multi,60482,7.3609142195451644,7.580745484194186,198661.8353009401
03305_50,03305,multi,46146,6.4100609608801395,6.56962786598877,95574.30846852623
03308_00,03308,single,57311,3.8925703475299116,3.8563388660894717,-16090.318877514452
03316_00,03316,single,60916,6.833171243843525,7.110813468357094,235832.574108331
03347_00,03347,single,59926,4.978211411132156,5.029648829421654,30848.615994062275
03355_00,03355,single,65150,5.481720728537321,5.219255988184527,-182982.18426724127
03356_00,03356,multi,44556,6.840323206158047,6.649289131686173,-114819.72518757265
03356_01,03356,multi,50090,7.120945019835287,7.116011402968216,-3518.305989115499
03356_02,03356,multi,52352,6.876270307513644,6.87951478373397,2336.4863880667835
03356_03,03356,multi,44574,4.650321466161459,4.7513826079661445,42351.85008872859
03356_04,03356,multi,52792,5.42301641241945,5.553140658182823,75400.92154487874
03356_05,03356,multi,50597,9.146857189526896,8.908213315709162,-218008.91135564446
03356_06,03356,multi,51326,5.520129154075782,5.627619230472146,61502.52537874109
03356_07,03356,multi,50182,7.551371291225795,7.475378109254219,-57304.356432894245
03356_08,03356,multi,56397,5.94038427965513,5.780654230286098,-105586.5795693174
03356_09,03356,multi,41624,12.415166865895955,12.425743804377191,10936.322392275557
03356_10,03356,multi,49386,4.927590963323979,4.76479559640835,-77924.96567945112
03356_11,03356,multi,55666,5.534595675286873,5.550534901066114,9835.53642145358
03356_12,03356,multi,50553,6.149147956402525,6.288710721096645,87753.02885030676
03356_13,03356,multi,14047,8.579870089633845,8.216957106837341,-85627.51520443428
03356_14,03356,multi,50506,4.699410038685797,4.568348105142995,-61347.12814964261
03356_15,03356,multi,54953,4.129942478354322,4.079634862905003,-22695.823093488812
03356_16,03356,multi,51688,5.844522590934492,5.766832572797399,-46627.04149516206
03356_17,03356,multi,55474,5.990886184782677,5.46930994236681,-331588.4033339191
03356_18,03356,multi,55019,8.800963805684137,8.632862821863528,-161241.06965642702
03356_19,03356,multi,13343,5.369282533902675,5.07633949451826,-40829.209935449995
03356_20,03356,multi,49984,7.005594340273676,7.044733697099003,27487.241395540535
03356_21,03356,multi,50571,6.238736813423995,6.199400123433442,-24743.13294034172
03356_22,03356,multi,13799,5.717616060013687,6.096370285669992,61744.96745652519
03356_23,03356,multi,14195,10.46688608969721,10.341196979010538,-37124.88552792347
03356_24,03356,multi,47479,4.812313952441216,4.982746079169086,79261.10609802417
03356_25,03356,multi,52715,6.6439319242309995,6.432101610700366,-146015.29344162345
03356_26,03356,multi,18367,12.597024458635504,12.467595535286954,-59584.14188741334
03356_27,03356,multi,59290,4.244683026734272,4.274649719929444,15136.513515052386
03356_28,03356,multi,39365,8.833963428277272,8.33845313888825,-334961.07982798433
03356_29,03356,multi,50593,8.770966627277934,8.547027732148853,-196208.38244104572
03356_30,03356,multi,51323,6.766927093372756,6.734595031097512,-22404.134614574257
03356_31,03356,multi,52804,5.011208242046084,5.071229805106992,31955.063542462885
03356_32,03356,multi,52244,7.892153273758125,7.799741464729596,-75759.88014987111
03356_33,03356,multi,50351,6.123129155154179,6.022208166938037,-61716.19976330921
03356_34,03356,multi,49656,7.507536482302667,7.414246277386275,-69123.9412455121
03356_35,03356,multi,58589,6.927447062369432,6.864017458694792,-51252.90308129322
03356_36,03356,multi,46862,5.230211536348905,5.220720352534315,-4648.3221760327
03356_37,03356,multi,48806,5.779638589946867,5.837147158870901,32605.566915230826
03356_38,03356,multi,13678,5.855886808913731,5.7579093146201945,-15564.068220696412
03356_39,03356,multi,51569,7.704667293261715,7.709969958538309,4215.1810455378145
03356_40,03356,multi,48852,5.571703055432194,5.449906779039029,-65578.48697356787
03356_41,03356,multi,53863,5.260980187771524,5.488508409365309,131738.77302443143
03356_42,03356,multi,57541,5.490598393535271,5.581369814138097,57829.75702669658
03356_43,03356,multi,55666,4.451147924422818,4.685589721656021,119238.41981032491
03356_44,03356,multi,38547,9.821451485367788,9.807426417365877,-10611.848302729428
03356_45,03356,multi,52624,5.374301569718035,5.311063760400079,-35559.041667842306
03356_46,03356,multi,12152,7.233792351269051,6.803168695974122,-73454.55612101685
03356_47,03356,multi,52508,5.420710847084185,5.332856207289393,-49606.97290981468
03356_48,03356,multi,56347,5.158472432318581,5.093848778971654,-37332.27954057697
03356_49,03356,multi,51523,6.688830544724091,6.593167317672505,-65465.06079814583
03356_50,03356,multi,52532,4.994493985524346,4.94330798398164,-26721.785857569426
03390_00,03390,single,54844,7.330583507336309,7.27936091610955,-41043.01257070713
03421_00,03421,single,62542,15.375196811012561,15.31824390499111,-109328.45967291668
03425_00,03425,single,62480,7.463974184316192,7.5696141092513365,99227.43323461991
03427_00,03427,single,64038,5.184293622943488,5.13052124106164,-35518.81527233124
03436_00,03436,single,65363,4.188933086546385,4.1603119055559885,-15619.485769882798
03445_00,03445,single,57181,5.8520456707561985,5.871350121438517,12940.8445888618
03461_00,03461,single,65056,5.11672362862313,5.0523420407817135,-42592.20188619569
03477_00,03477,single,61392,7.675039401170597,7.83367455523548,151038.26997048967
03483_00,03483,single,63295,3.8716779622905633,3.829306592538308,-20653.238506719354
03488_00,03488,single,64837,1.6182019147463227,1.7099586236180624,19799.991631424055
03502_00,03502,single,63040,6.5069061536708315,6.545862533401109,32055.122195358388
03503_00,03503,single,65041,3.067522674041463,3.0450727146556114,-8925.415012442507
03511_00,03511,single,60986,8.306493452139373,8.250119536866968,-56921.95991288405
03514_00,03514,single,57150,5.906238349809695,5.909865406390839,2449.316234401427
03516_00,03516,single,44149,5.412294512469389,5.344840658481765,-32034.965829991736
03524_00,03524,single,64093,8.926622112804173,9.148292610033419,256799.84218126722
03526_00,03526,single,49847,5.5501990208561365,5.541647278630327,-4728.2177626900375
03575_00,03575,single,63658,4.831018433113012,4.916218300994554,52865.63160276017
03591_00,03591,single,64012,6.033276562750749,5.898888397915174,-102645.91460209014
03596_00,03596,single,40417,4.85286707454573,4.8505117388302015,-923.7190032396466
03604_00,03604,single,48167,7.819750956230654,7.762808667104047,-42738.89774418902
03609_00,03609,single,64970,4.081206187086835,4.143280071282047,33168.861717634834
03613_00,03613,single,55153,4.813677070955617,4.947900199227596,72263.0841980204
03618_00,03618,single,11799,5.722943952760693,5.724168269557884,165.36170803103596
03624_00,03624,single,65202,3.0759359904357515,3.205160621422961,52922.66329421569
03641_00,03641,single,65118,5.705201046812264,5.6875484533258005,-13095.983581161126
03649_00,03649,single,61776,5.321548793915544,5.283768964412752,-24751.610567751573
03665_00,03665,single,64165,5.170785826610583,5.247239325096885,51107.06767822243
03737_00,03737,single,44986,9.211363152484346,9.385661751344621,145819.21217144467
03750_00,03750,single,54030,19.953422007551932,19.958283527294302,10483.52434444055
03751_00,03751,single,60611,12.618696199361757,12.875352064959367,396589.7148741875
03755_00,03755,multi,58448,3.42023773790784,3.4284713403365723,3295.8562839878723
03755_01,03755,multi,60997,3.4014344320078473,3.399020946650238,-1001.1315299710259
03755_02,03755,multi,57650,6.446754435400439,6.431722005243839,-11160.74008264346
03755_03,03755,multi,56095,4.384551860256657,4.233501548243137,-73022.20792032126
03755_04,03755,multi,58429,12.072394297998626,11.59523690935113,-659849.5123464344
03755_05,03755,multi,57789,7.195656689515184,7.366816273708066,144039.47645948082
03755_06,03755,multi,65188,3.921491605912721,3.8350480793033785,-43708.726401099935
03755_07,03755,multi,57373,6.449167533080006,6.4107251161877326,-28363.22347873915
03755_08,03755,multi,62468,6.160891157673418,6.121633883445999,-30120.72364850249
03755_09,03755,multi,57646,6.741422879268061,6.600000259054077,-108765.26324885711
03755_10,03755,multi,57672,5.110304140886107,5.13845452909846,16638.74890121352
03755_11,03755,multi,65067,4.7224187177376145,4.862454332752954,87334.46249120659
03755_12,03755,multi,58904,2.8681284276172985,2.8773105199660907,3107.4894145661965
03755_13,03755,multi,56811,5.653264417401142,5.508713047938976,-91663.36277039256
03755_14,03755,multi,58957,9.364724024789902,8.701110694288158,-706819.4806909785
03755_15,03755,multi,59400,4.074977117815272,4.158302078770031,40750.63745455537
03755_16,03755,multi,57356,8.259000291406284,8.28646962954233,26067.90669546835
03755_17,03755,multi,56259,12.387901730784934,12.258009057608534,-180103.24388751388
03755_18,03755,multi,65074,5.36464752927333,5.544042909118163,127347.77889351663
03755_19,03755,multi,58746,6.104653420915882,5.563490462261706,-370943.81939803786
03755_20,03755,multi,50947,3.8692997934971447,3.808472414405521,-23793.20479981508
03755_21,03755,multi,62495,6.627695145663684,6.987769882745956,306387.04897238966
03755_22,03755,multi,65124,4.606326468961097,4.592715214622151,-8154.208343445323
03755_23,03755,multi,65246,3.2236267782884593,3.186030822175147,-15722.79877278395
03755_24,03755,multi,65060,9.185467516828304,8.782459816340673,-471113.3227941282
03755_25,03755,multi,55744,4.510001041145826,4.529283007432269,9715.909971991554
03755_26,03755,multi,62881,11.423771529850226,11.411601525485695,-17475.044270016253
03755_27,03755,multi,56103,4.75502247815411,4.810555781061214,29802.371117194183
03755_28,03755,multi,63645,4.519781122802961,4.514556501055881,-3004.107442613691
03755_29,03755,multi,65158,6.703361402239758,6.401953477725172,-257377.08150499966
03755_30,03755,multi,60136,4.534946040550893,4.631188857003971,53050.45406261156
03755_31,03755,multi,63451,5.124385319057059,5.111162981841745,-8587.323266660795
03755_32,03755,multi,56338,5.280288715209557,5.3018193567833585,12836.02603231091
03755_33,03755,multi,11942,5.192574137690549,5.124001213454272,-8448.221490266733
03755_34,03755,multi,57392,5.644954621585017,5.531897512574335,-72521.82769262139
03755_35,03755,multi,58679,10.636054891766603,10.302799854877108,-409460.8186516389
03755_36,03755,multi,57934,4.846312998519399,4.785778376755492,-33779.867524922825
03755_37,03755,multi,58406,3.882690699616571,3.901432097267764,8520.579209048301
03755_38,03755,multi,59333,4.150589398942214,4.142346835826768,-4055.710201079026
03755_39,03755,multi,57771,6.538481713916775,6.678496315402629,106909.27436434105
03755_40,03755,multi,59743,10.58748375755193,11.159206064579607,742788.7621269021
03755_41,03755,multi,60776,6.46667274022922,6.393839556716483,-56927.180643975735
03755_42,03755,multi,65075,3.3995121609794317,3.2771195117715433,-53177.37928172946
03755_43,03755,multi,64415,4.494542354009976,4.542166005879965,27721.707227836363
03755_44,03755,multi,65039,4.415285338903181,4.525293886218122,63968.466691308655
03755_45,03755,multi,52453,4.226219417855246,4.054714554180152,-74494.82336751744
03755_46,03755,multi,58900,5.528964948562062,6.035120604694907,344755.0886052435
03755_47,03755,multi,58356,7.687099858682404,7.4845796243123655,-179303.01657377323
03755_48,03755,multi,12425,4.855692385354406,4.767087330692499,-10593.889515042305
03755_49,03755,multi,57794,9.955149204002165,9.919305992946555,-41170.381905689836
03755_50,03755,multi,59509,3.7233049781123375,3.5485349428880824,-75629.97138620634
03769_00,03769,single,58330,4.4629297666567815,4.425493147252746,-19409.453659239225
03776_00,03776,single,65044,4.93241466764154,4.932756393281392,219.27515505068004
03806_00,03806,single,65060,4.298398564993647,4.333879321012405,19926.56024610065
03807_00,03807,single,65145,3.8700852084203197,3.8420839809409957,-14068.076028527692
03808_00,03808,single,53921,5.194686503622619,5.492424860608898,171574.62576454412
03811_00,03811,single,32061,3.85872332973372,3.899785021478651,10213.912532351911
03819_00,03819,single,65522,2.7660245123325895,2.767978562391083,708.5364984059706
03827_00,03827,single,61056,11.858272154090024,14.207660815905278,3739008.8345531896
03831_00,03831,single,54298,4.810363983655187,4.823512723730921,6878.109055885114
03835_00,03835,single,60420,5.394202433323997,5.494031205033579,65674.06218813732
03853_00,03853,single,64922,3.8618281395309695,3.8379055453642286,-11958.476855699904
03854_00,03854,single,62249,7.795946540544107,7.810033621584658,13684.988684298936
03863_00,03863,single,65049,2.7661446607074267,2.836151007922331,25511.974242145196
03909_00,03909,single,55648,8.99181690645682,9.27682665864667,289744.7551842313
03922_00,03922,single,57346,3.7075826919738395,3.7489345649042427,17682.120354379527
03923_00,03923,single,59459,6.035817411496417,5.691041004148782,-240401.305875547
03935_00,03935,single,51920,5.1094609895861955,5.120035116803189,5616.0822066692635
03944_00,03944,single,55341,4.333809522330567,4.344141219116229,4961.76093090605
03956_00,03956,single,43139,14.473491917805735,14.867948162655388,499287.0878065452
03983_00,03983,single,42768,12.453242704884737,12.08024684505662,-391365.2647715844
04003_00,04003,single,57735,14.635555715865161,14.298786040076484,-562581.9003973585
04012_00,04012,single,53444,5.351336196080299,5.52378595217236,100229.52758258954
04015_00,04015,single,65084,7.494211619876391,7.815307096292967,319941.04702729126
04030_00,04030,single,65053,4.082385473120933,4.247886842268613,89686.71537014842
04037_00,04037,single,65460,3.8170487281512724,3.860372600223572,21773.018450876698
04057_00,04057,single,48376,9.832858709258572,9.587055366523753,-230921.85858470201
04059_00,04059,single,65033,10.014726850869216,9.703827405349216,-398683.9990967298
04078_00,04078,single,65301,3.1133273326093325,3.138103532118883,10114.25628729898
04081_00,04081,single,64573,5.970819100007336,6.006051767071201,27248.327518942766
04115_00,04115,single,64052,6.544221242600529,6.555946861218665,9838.872395106591
04123_00,04123,single,43014,16.009648246807938,15.814188738441947,-267558.75965406373
04127_00,04127,single,65135,4.532187748267957,4.5359639954768465,2230.455759952776
04141_00,04141,single,65045,9.499631110944142,9.904467222567439,510959.6783155203
04144_00,04144,single,64222,5.62612822530179,5.796635317963605,125082.76193206292
04146_00,04146,single,57273,6.820420834342433,6.702542349051906,-91296.9658835493
04167_00,04167,single,62246,3.9851421555410345,3.9254414539963194,-29396.756027500145
04197_00,04197,single,45260,4.1625546525145705,4.3041141715311415,54245.81025546789
04223_00,04223,single,48144,5.281698968193164,5.443390180236094,83489.04584011342
04224_00,04224,single,62038,3.908114748461735,3.8312491989038215,-36905.81454625912
04229_00,04229,single,64424,2.537821316543391,2.585804865360171,15838.62539038714
04239_00,04239,single,39348,22.077599787547214,20.36161672253723,-2865517.1880548913
04243_00,04243,single,63718,5.616471848954691,5.9065829085297334,213007.08370872564
04256_00,04256,single,65017,2.638243203017145,2.661708952048805,8085.99180968944
04268_00,04268,single,65038,2.736693330514146,2.774746741534613,13640.360840048641
04289_00,04289,single,62658,5.381912185484837,5.464347006834146,56023.109218029305
04312_00,04312,single,65050,4.598881363467604,4.660552438931152,37146.10261257365
04316_00,04316,single,63867,4.534635323030268,4.519972175154603,-8479.560833450407
04319_00,04319,single,51076,7.175872256639748,7.190865633093226,11002.072238178924
04333_00,04333,single,63587,4.038493977235133,4.121980284085161,43321.051040784456
04347_00,04347,single,52126,5.6569545433557815,6.0400234557280035,233563.50361650204
04348_00,04348,single,46561,4.1420941763484365,3.9816425951906798,-60690.69951148704
04351_00,04351,single,65199,5.043952166906901,4.913260113380983,-84845.31819532067
04373_00,04373,single,63826,5.74943986551556,5.768503878697367,14014.80019522924
04374_00,04374,single,59823,4.928283165230548,4.944713724399824,9704.418836244382
04395_00,04395,single,64910,7.625935917735128,7.820707429099116,195286.023614306
04401_00,04401,single,61547,7.929928938162226,7.680522288660386,-239624.0332340356
04402_00,04402,single,64390,4.562928949118646,4.553829099269056,-5341.867119192146
04414_00,04414,single,50663,7.582309820071228,7.636687596699442,41927.44448719453
04416_00,04416,single,64188,4.911703327231096,4.862549699614972,-30838.48230325058
04419_00,04419,single,54358,6.02570358171978,6.164418955901612,91917.06284540892
04433_00,04433,single,63549,9.81710088227572,9.84902136248712,39893.01603898872
04434_00,04434,single,65038,4.276450132948017,4.371451303883749,53432.66888030805
04452_00,04452,single,59682,4.392973651420322,4.589499241017121,105355.78599498328
04457_00,04457,multi,62111,8.599381665786474,8.678101281110322,84475.73082938977
04457_01,04457,multi,45842,4.761180127051361,4.8877723810449805,55995.207488981076
04457_02,04457,multi,64764,2.912854960583081,2.7449685566399267,-61517.48718126217
04457_03,04457,multi,65078,3.582141406384678,3.6609844867323384,37164.11667717819
04457_04,04457,multi,65037,4.337257691922726,4.245350036609958,-51301.66380396858
04457_05,04457,multi,64553,2.5860392385243895,2.5591347378575353,-8935.964417616837
04457_06,04457,multi,64845,3.251365808132063,3.2888319065263634,15889.339389092405
04457_07,04457,multi,64775,3.002703524036276,3.0032041057790275,194.74265029467642
04457_08,04457,multi,64556,3.7047787404003083,3.6126765487629373,-43507.75307793915
04457_09,04457,multi,64778,4.1813410465847864,4.24805657333643,36429.3141388502
04457_10,04457,multi,62670,3.7558482274406906,3.7656117874670842,4602.248304832727
04457_11,04457,multi,63925,7.355447032041953,7.288257623406575,-62895.92614676338
04457_12,04457,multi,64022,6.138627636886052,6.22865481722599,71281.55495441426
04457_13,04457,multi,28665,5.418975508798569,5.229201587044906,-57924.69346361968
04457_14,04457,multi,64537,2.524383522757669,2.5119001320094796,-4057.434528566897
04457_15,04457,multi,62656,3.6389929784908044,3.7302375738024107,42130.04850255232
04457_16,04457,multi,43114,5.307343453683214,5.475378886664497,78117.36919218116
04457_17,04457,multi,65050,3.9443272656026633,3.8684676547207455,-38553.54664526507
04457_18,04457,multi,64971,4.879648917518642,4.904945140368584,16081.184781112708
04457_19,04457,multi,63542,6.748417108951795,6.656444740264901,-78339.46373789757
04457_20,04457,multi,61896,9.586597736351194,9.452559962968614,-157956.5064202631
04457_21,04457,multi,63206,4.5190090912356,4.482666857626446,-20677.274691171944
04457_22,04457,multi,63783,9.679011153645478,10.059072455774725,478479.76757894736
04457_23,04457,multi,64859,2.8913807225878636,2.8468622244896515,-16568.747680186294
04457_24,04457,multi,64154,6.42762365943274,6.604222103770622,147644.25224055722
04457_25,04457,multi,64671,3.0190669637643155,3.0868358916728473,26760.24480638001
04457_26,04457,multi,64155,4.278184747789527,4.3005159639299455,12290.354254100472
04457_27,04457,multi,64036,4.411018309507982,4.4550013719028,24971.138966921717
04457_28,04457,multi,63454,3.8632557445355022,3.9705848242375934,53352.05332314316
04457_29,04457,multi,64000,5.232151954858394,5.155678966299704,-50840.862411732785
04457_30,04457,multi,64133,3.210423217692027,3.2836585049721734,30501.39445722103
04457_31,04457,multi,64604,3.698043574371484,3.6460986406739284,-24645.843299438246
04457_32,04457,multi,63057,4.387171070417715,4.259709028464606,-69498.20911007002
04457_33,04457,multi,65373,3.5233082040832056,3.58608954710721,29178.42393126618
04457_34,04457,multi,64165,3.421359208741504,3.5721658274795725,67672.89180896431
04457_35,04457,multi,62647,6.483335583859276,6.809709099361528,271793.8669775296
04457_36,04457,multi,62147,8.215648583289882,8.046946491809367,-170502.3951972411
04457_37,04457,multi,65457,3.0821011225577815,3.063747461899452,-7383.472319934517
04457_38,04457,multi,64047,4.395103966750456,4.393817797028428,-723.9901740765199
04457_39,04457,multi,64463,4.088762249779228,4.0770678373549405,-6155.867421613075
04457_40,04457,multi,64105,5.800987068194932,6.14693082582815,264965.684476973
04457_41,04457,multi,64641,4.817887856681194,4.9512904882876105,84242.35544848442
04457_42,04457,multi,62942,5.776063982206956,5.731823323669749,-32044.811547647463
04457_43,04457,multi,64674,3.874582117232687,3.8861762634194723,5819.325593361631
04457_44,04457,multi,64064,4.463690826208726,4.5010612497004825,21462.502282042056
04457_45,04457,multi,63281,4.450620961306902,4.505284976937707,30980.212263159454
04457_46,04457,multi,58282,7.505787796646358,7.620558892292569,101181.4791935063
04457_47,04457,multi,62741,4.901797866379171,4.82998370910636,-43848.41079382878
04457_48,04457,multi,63662,7.544007114009911,7.603939173749881,57795.39530258812
04457_49,04457,multi,64137,5.243081481132624,5.373724885947456,88959.02800682001
04457_50,04457,multi,64092,4.076015061663122,4.1237920961748085,25108.840199628845
04468_00,04468,single,35258,5.560608607741671,5.553255805797201,-2881.214790784754
04477_00,04477,single,46990,7.347389561303424,7.397030894159827,34393.51680257078
04483_00,04483,single,65160,3.423595879568618,3.3922572546265646,-13918.141141528264
04489_00,04489,single,52483,6.021572639672073,6.095272455760425,46867.80473564658
04497_00,04497,single,56741,6.341011934792282,6.633910353673418,215634.76416978147
04498_00,04498,multi,58658,4.554069805462936,4.649477623274008,51507.02529279981
04498_01,04498,multi,57891,4.592924594169515,4.576614313657427,-8658.047806742601
04498_02,04498,multi,38265,12.330012549661197,12.036186618809316,-273955.2503812099
04498_03,04498,multi,60582,6.552765693315926,6.497182455969933,-43943.66048870422
04498_04,04498,multi,58617,3.5238394182196178,3.511561391999491,-5063.385441360064
04498_05,04498,multi,62755,4.575884184569486,4.559941881772887,-9140.0213473076
04498_06,04498,multi,58458,10.075158962316367,10.263456498946455,223877.25673463847
04498_07,04498,multi,60605,4.6422738049826195,4.52935679926586,-62764.541926866164
04498_08,04498,multi,48747,11.588403009196643,11.892482898858011,348056.75811294373
04498_09,04498,multi,59227,3.0139830827080063,3.044554832990687,10970.031350546516
04498_10,04498,multi,62060,3.4641777401025777,3.5475011732778103,36257.75811144803
04498_11,04498,multi,59814,3.2665651193376535,3.2476459023822715,-7371.702955263667
04498_12,04498,multi,59991,5.594913616099055,5.513200992495593,-54452.22221868113
04498_13,04498,multi,60817,6.223786751440575,6.2389544667652155,11496.317238801159
04498_14,04498,multi,58507,4.824351577324539,4.82274901842364,-904.5209655920044
04498_15,04498,multi,61828,3.8735571583491337,4.0085449413697845,65784.21840704232
04498_16,04498,multi,59544,3.6925121780546135,3.721817480370416,12937.671024068259
04498_17,04498,multi,58849,3.472540950476766,3.473229409248243,281.40865184459835
04498_18,04498,multi,58773,6.5985238441500496,6.4494067594847015,-114352.82603169326
04498_19,04498,multi,62986,5.105923297005191,5.2358709175648785,84646.35319987661
04498_20,04498,multi,59022,3.428925315983066,3.4349087117678327,2423.9766185330227
04498_21,04498,multi,53967,14.623179370530194,14.614580097615272,-13568.57057210803
04498_22,04498,multi,58614,3.2850887882865876,3.315509267067303,11769.301597602665
04498_23,04498,multi,58983,4.128201789037985,4.374574084636342,123560.44382338692
04498_24,04498,multi,58603,3.978784818565997,3.9318108364395035,-21776.416460554115
04498_25,04498,multi,58592,4.1878941867584,4.258233867289613,34809.38703058846
04498_26,04498,multi,59955,4.61516066330673,4.4861659594997345,-70388.54488564003
04498_27,04498,multi,61327,6.901309906188988,6.7832208436054975,-99104.02774089016
04498_28,04498,multi,61670,4.686460217914521,4.77771415360555,53260.87364435289
04498_29,04498,multi,58259,5.231932840984195,5.164140955708378,-41059.16292988509
04498_30,04498,multi,58843,4.140621555797609,4.353382908891148,106340.8273486495
04498_31,04498,multi,58259,5.146289197062945,5.219769920481045,44376.202061655466
04498_32,04498,multi,49683,19.974675052909095,20.00558340683635,61394.47442763671
04498_33,04498,multi,57345,8.692777153052013,8.579597400368637,-112102.77023468725
04498_34,04498,multi,23103,9.076414221644509,8.954753677417594,-50680.62830693927
04498_35,04498,multi,59600,3.3260552145703604,3.360117923964869,13573.85068572592
04498_36,04498,multi,58011,6.064620124873586,5.889903216149952,-121165.10230867099
04498_37,04498,multi,58612,6.416647897926008,6.371362193854716,-33943.03215216519
04498_38,04498,multi,61822,4.438405726292312,4.4527943393101825,7909.014391934499
04498_39,04498,multi,61569,6.250085196118191,6.148387593038018,-77632.04207003582
04498_40,04498,multi,59314,5.898407005985296,5.855194719543123,-30125.580866364762
04498_41,04498,multi,58577,4.036767101668645,4.033942765439943,-1335.2274674046785
04498_42,04498,multi,62069,5.573602193074571,5.598107092793024,16992.109726986848
04498_43,04498,multi,49073,10.66871652960381,10.525294112946133,-149167.0128505556
04498_44,04498,multi,59164,3.3019363688083154,3.279783693276221,-8626.271474000067
04498_45,04498,multi,49677,11.297863309545857,11.840913567334,624217.2748390269
04498_46,04498,multi,54927,7.75743211257141,7.5128095876722325,-205176.79193850793
04498_47,04498,multi,54137,9.295440437877867,8.998699243783806,-293889.46372423787
04498_48,04498,multi,58334,7.434358311645216,7.628278370919341,170390.54553287197
04498_49,04498,multi,51537,10.479462878189263,10.41225874673859,-72358.46369532775
04498_50,04498,multi,62150,5.191080170385121,5.308682773984278,76742.78640368581
04499_00,04499,single,47027,6.261574709134127,6.599457096385102,204356.58699658047
04524_00,04524,single,54875,5.703167284713287,5.769453489828231,41731.14760096371
04537_00,04537,single,60405,8.405520781156392,8.284475362652884,-122033.05434801942
04542_00,04542,single,54152,4.106530149098926,4.19203786387464,38425.80360298976
04579_00,04579,single,65073,4.387132442572115,4.4801269969269795,53659.64089445118
04580_00,04580,single,64439,3.8520494495424273,3.8836770313467555,15765.795373172383
04614_00,04614,single,65045,4.371143152205251,4.370183769099517,-545.4856717111543
04619_00,04619,single,42457,17.11932506988073,16.991970155717322,-184443.44334074855
04620_00,04620,single,56157,6.219610958479046,5.913268907199023,-208724.97251025122
04626_00,04626,single,65136,3.7914124779053955,3.7809832824628327,-5144.050161333638
04632_00,04632,single,65046,3.3142173724125956,3.2497331154609617,-27532.116029674187
04636_00,04636,single,52040,7.79344353165302,8.261499100663345,391060.0602906095
04651_00,04651,single,54868,4.528066283860411,4.506761058799408,-10561.488093797117
04673_00,04673,single,61313,8.904117955203047,8.749572672391675,-167279.92746622302
04676_00,04676,single,30165,7.506249326573183,7.422640174790067,-37651.70529325027
04678_00,04678,single,65149,5.854159716250136,5.844829503285272,-7111.277913047001
04703_00,04703,single,61521,12.90628098296924,13.287492801226636,614310.3249734715
04710_00,04710,single,65524,2.9660415117890233,2.911544106617385,-20988.199815419503
04715_00,04715,single,45031,6.41765199628083,6.473790516938125,32589.227934247814
04721_00,04721,single,60596,4.968779806608691,5.043296452153263,45208.63580165617
04731_00,04731,single,50812,4.666463024811611,4.686784442466159,9657.900263990276
04744_00,04744,single,62255,5.009154459487691,5.099105281437925,56605.12667473499
04749_00,04749,single,63490,8.599628597706062,8.472157068654177,-138164.81886487268
04751_00,04751,single,65079,2.3281079099914535,2.32579276361581,-701.191165452823
04765_00,04765,single,58561,5.223185965078953,5.133072103608334,-54651.60847660899
04779_00,04779,single,60358,4.497501501653428,4.5771504005955554,43625.91933739558
04782_00,04782,single,65503,2.6976407576289874,2.6624933690636627,-12340.41914196033
04791_00,04791,multi,65333,3.1198113513620234,3.1549358205313704,14399.207888473757
04791_01,04791,multi,65122,4.934457075947648,4.961659370470429,17530.651866520755
04791_02,04791,multi,65403,4.08699369158728,4.391376844960302,168783.7666428825
04791_03,04791,multi,65456,3.766090386592709,3.7258841948224597,-19716.90287692554
04791_04,04791,multi,65453,3.5943628354893424,3.477767516044784,-53971.05785265751
04791_05,04791,multi,65043,6.2420506267379645,6.244184170472252,1732.7408379726112
04791_06,04791,multi,65054,5.890114993617252,5.763541269865736,-95957.68597840331
04791_07,04791,multi,65047,6.527379342756738,6.744274968741552,187241.93753069825
04791_08,04791,multi,44838,8.980410150849218,8.868128727581599,-89858.01306883339
04791_09,04791,multi,65050,6.313611250937313,6.183735140503549,-105583.09344114875
04791_10,04791,multi,65425,3.470201361858227,3.6877668262549252,101888.09757995419
04791_11,04791,multi,65441,3.3764065297310646,3.3496751947657124,-11766.104873140343
04791_12,04791,multi,65038,4.77143417412348,4.627572744540275,-87941.42905252706
04791_13,04791,multi,65440,2.873424961702934,2.9731685380839488,38161.99990939628
04791_14,04791,multi,64188,9.912058666481418,10.401915264160436,638730.5615414288
04791_15,04791,multi,65487,3.7067508813469447,3.5680001234078027,-66101.08572639618
04791_16,04791,multi,65005,7.415624784156674,7.2004636350342865,-204428.65876848996
04791_17,04791,multi,64933,5.931641046652384,5.796840882686676,-102659.15657810587
04791_18,04791,multi,62835,10.037412718588648,10.315483567121742,355617.64455908723
04791_19,04791,multi,65038,6.443011183261695,6.4562735982065345,11126.419247481972
04791_20,04791,multi,62642,10.487952526758484,10.118360610705398,-477076.8838033201
04791_21,04791,multi,65118,5.164871529538966,5.66845547859849,355250.571526072
04791_22,04791,multi,65490,3.057226728216153,2.9938868002019574,-25100.816970917396
04791_23,04791,multi,65054,7.5664196279372575,7.659962074935181,92657.2581239054
04791_24,04791,multi,65046,6.162920001157461,6.1509957018826364,-9551.01744726114
04791_25,04791,multi,65144,4.096891586939201,3.8706059030011857,-117450.11223016772
04791_26,04791,multi,65049,4.86067231513109,4.881426109209264,13151.96488794894
04791_27,04791,multi,49155,18.100515438932554,17.278742101415364,-1429119.2250776943
04791_28,04791,multi,65462,4.128594568735588,4.302049489012895,95727.4845921332
04791_29,04791,multi,55579,12.715953655280702,12.79576234279322,113161.98810394108
04791_30,04791,multi,65059,10.209333118974495,11.592449580707555,1961815.4054269996
04791_31,04791,multi,65232,3.6876698114797466,3.6034936543103737,-40035.6260921238
04791_32,04791,multi,65048,5.029724239107423,5.133259384429358,68445.19596122205
04791_33,04791,multi,65053,4.718345817562624,4.732280553893739,8566.95880755037
04791_34,04791,multi,65133,6.647885402891525,6.72595737350481,68006.8151752688
04791_35,04791,multi,64562,5.8149737461676985,5.745565599331699,-51804.265527496114
04791_36,04791,multi,65515,2.3922205094611337,2.4006504199194647,2647.0335187241435
04791_37,04791,multi,65232,2.7907747007017547,2.8323783917526146,15260.630049725994
04791_38,04791,multi,65485,3.108378863661348,3.2195792598635644,46079.92493514158
04791_39,04791,multi,65408,3.3519707173791424,3.2763087648334257,-32802.672392387874
04791_40,04791,multi,65235,4.293221276567719,4.197071110669471,-53254.137011302635
04791_41,04791,multi,56543,15.013309641557724,14.356202015915787,-1091219.403033141
04791_42,04791,multi,65039,6.394031675434151,6.754478852672404,308242.1622050097
04791_43,04791,multi,65259,7.101358161703981,7.92481725215286,807478.3692007493
04791_44,04791,multi,61164,11.271971112876647,10.450763044019396,-1091097.5356733622
04791_45,04791,multi,65078,6.716941267657407,6.629048709739303,-76337.35283845104
04791_46,04791,multi,65106,5.221607995066524,5.325530776661771,71361.90526478738
04791_47,04791,multi,65093,8.772350346776763,9.264591737825693,577930.1182695562
04791_48,04791,multi,65473,2.6669892235131543,2.6461583715395385,-7246.380825297907
04791_49,04791,multi,65049,3.8358374131802866,3.751186984144678,-41777.386570563656
04791_50,04791,multi,65364,3.16565333928716,3.118329195654194,-19438.213794103824
04794_00,04794,single,65250,6.974854474599818,6.931679990514626,-39176.58617411321
04796_00,04796,single,56018,4.943118111381191,4.854445080857301,-48667.29675344564
04804_00,04804,single,50220,7.430642270894185,7.380244793018283,-37485.78255398804
04812_00,04812,single,64024,5.552161703165914,5.278439267609306,-189804.17236422095
04815_00,04815,single,62870,6.065930568950871,6.032768980362914,-25224.204532331787
04821_00,04821,single,64410,4.624839174731224,4.58683671813304,-22547.77124062646
04844_00,04844,single,63523,4.928515587403903,4.832963518971305,-59249.77727200929
04845_00,04845,single,60702,9.643134567138707,9.04306389118794,-680653.9382876614
04855_00,04855,single,64866,3.4675967901714504,3.3791142956789066,-39296.73585029971
04861_00,04861,single,42739,6.882734863625921,7.160005284000003,166410.12883217074
04864_00,04864,single,62549,5.264676643916195,5.324218130746014,39435.802121392684
04871_00,04871,single,65393,2.8044978574439727,2.799804934642885,-1719.8725434374064
04887_00,04887,single,63795,3.4441438010164367,3.503309807705431,26223.13166507706
04889_00,04889,single,64500,4.814510599799812,4.628428493316673,-113336.94886062201
04895_00,04895,single,65037,3.9819755537026893,4.006152515045862,12560.508889509365
04898_00,04898,single,64627,4.528879261345455,4.535082072431362,3633.4617689577863
04902_00,04902,single,63880,11.313007177344417,11.606445446446356,429621.39508729614
04906_00,04906,single,62316,5.867751789557343,5.9346172834175945,49177.99479152076
04947_00,04947,single,60286,5.16930811485382,5.149640995702314,-12234.68208501744
04963_00,04963,multi,64950,2.047700345367479,2.065469993558986,4747.16886234656
04963_01,04963,multi,64589,2.8527046750986793,2.918619522249445,24570.685944765806
04963_02,04963,multi,64814,2.4540538421832507,2.3866705816400633,-21141.276493554004
04963_03,04963,multi,65039,2.392772278289737,2.3978254909925814,1574.4582260977477
04963_04,04963,multi,64757,2.7723269539898094,2.802522395930981,10900.872177270241
04963_05,04963,multi,65037,4.547871121252962,4.497040320609489,-29901.416995389387
04963_06,04963,multi,65173,5.803967331742273,5.779924321243065,-18151.438372990116
04963_07,04963,multi,64584,2.5376862996251663,2.5919393698636117,17973.59426957555
04963_08,04963,multi,65046,5.1026294077124845,5.20898796319754,71337.81685999967
04963_09,04963,multi,65413,3.0815314119309813,2.960929739073003,-47668.47586557269
04963_10,04963,multi,65495,2.4159639679914355,2.3730493904123597,-13460.433194491081
04963_11,04963,multi,64924,2.5958893205671276,2.5759221805488,-6704.460247812793
04963_12,04963,multi,65516,2.900000823236277,2.9531607921942005,20385.558242957108
04963_13,04963,multi,64974,2.819851466165569,2.8149062339331046,-1810.5125562222674
04963_14,04963,multi,64671,3.2414420293376485,3.2393911522001995,-859.5676510697231
04963_15,04963,multi,64916,2.199321209307539,2.2260601538095646,7681.512011224404
04963_16,04963,multi,64718,3.5411755744756834,3.541717564968844,248.44338973704726
04963_17,04963,multi,65062,4.229899851333376,4.4159707448675185,104668.15855078585
04963_18,04963,multi,64358,3.964800437304849,3.9273904693832984,-19001.481239493936
04963_19,04963,multi,62656,4.247099617685135,4.416946758680277,92202.28306169691
04963_20,04963,multi,63827,6.759285869674226,6.749674491721055,-8287.280050202273
04963_21,04963,multi,64930,2.2699634681143808,2.3248268170477466,16367.916884093545
04963_22,04963,multi,65156,2.617718264731148,2.568815373133946,-16525.93928954657
04963_23,04963,multi,65046,2.7260539464139555,2.8295702139728154,37407.79049174301
04963_24,04963,multi,64950,2.216703948332524,2.2720501757190137,16135.892637745477
04963_25,04963,multi,65056,3.2961139273556217,3.186075759956489,-46403.68194848951
04963_26,04963,multi,64781,2.7334084194465382,2.754694937041139,7567.885411529802
04963_27,04963,multi,65050,3.208865794303061,3.264833044279004,23568.598631971516
04963_28,04963,multi,65074,3.3323915534974797,3.4008341931383463,29988.685461855493
04963_29,04963,multi,65085,3.084302850211646,2.9717153841828314,-44377.01926877524
04963_30,04963,multi,65472,4.047589200043289,4.256591843327407,113632.92745644506
04963_31,04963,multi,65077,3.2669280747949645,3.2658590338700533,-454.4858441296965
04963_32,04963,multi,64665,4.533396479633332,4.263427194356158,-153571.11081146542
04963_33,04963,multi,65389,2.5650402471739997,2.5744291645418604,3155.284312239848
04963_34,04963,multi,64939,2.5283096683216693,2.6351775449275316,35834.04896771908
04963_35,04963,multi,64872,2.7804775290369848,2.750975717480435,-10586.324885232374
04963_36,04963,multi,64488,7.409402016552319,7.223701183371662,-175238.36637429055
04963_37,04963,multi,64806,2.338707511089733,2.328620878637895,-3050.9126305049285
04963_38,04963,multi,65036,3.283644936805791,3.2875596237958034,1672.9996566604823
04963_39,04963,multi,64810,2.926376896211353,2.8916473041316015,-13095.35352185648
04963_40,04963,multi,64902,2.605593283959569,2.62919708486084,8019.35275259614
04963_41,04963,multi,64672,2.9816795147298962,3.028741634557841,18293.32630577963
04963_42,04963,multi,64838,2.8930796567551034,2.9899102800207413,36935.1989655029
04963_43,04963,multi,65071,2.7925916654260368,2.7602687775418575,-11679.23495821841
04963_44,04963,multi,65101,3.3002174495205785,3.4680263321984706,73939.85564971797
04963_45,04963,multi,64945,2.12501206166873,2.1716981529272874,13027.74652407784
04963_46,04963,multi,65041,2.62122761914236,2.6932118360155846,24881.809335735627
04963_47,04963,multi,65114,3.6128179378897056,3.605156691248235,-3600.718502533622
04963_48,04963,multi,62875,5.919263320758345,5.852070683515285,-49730.79109185934
04963_49,04963,multi,65239,3.5065003745252716,3.612289081133792,49130.677313078195
04963_50,04963,multi,64728,2.4961000239434776,2.4906287432573477,-1766.0253397729248
04967_00,04967,single,37486,10.199306236384396,10.328573237071705,99472.0027914187
04985_00,04985,single,64609,3.4212491005065133,3.3286824180572814,-40368.91574507579
04991_00,04991,single,54700,7.13680149614071,7.1095428057439225,-21242.016867027618
05007_00,05007,single,65211,4.012739530010397,4.015733098108651,1567.2667974028736
05015_00,05015,single,38326,5.860513893274175,5.652647840128038,-91721.61030204128
05020_00,05020,single,13784,10.16358557080248,9.54444764791053,-168192.24051618855
05024_00,05024,single,63233,8.129560139731396,8.412151190026353,295585.16115794796
05026_00,05026,multi,52180,4.28553229080363,4.261566347263081,-10688.513807572308
05026_01,05026,multi,52373,5.4797715419633475,5.33684884795392,-80965.54317889642
05026_02,05026,multi,58706,4.666281166367306,4.804101793671873,76623.9001502702
05026_03,05026,multi,64715,6.400936516474232,6.417474894650433,13719.3040251676
05026_04,05026,multi,65037,7.15174951902089,7.065601946891088,-79656.6874502888
05026_05,05026,multi,62980,6.079031411832817,6.411397036727574,261454.4827789385
05026_06,05026,multi,57954,4.938320232890518,5.092981145789999,89912.74655967578
05026_07,05026,multi,53133,5.851099817181722,6.028145705850134,111747.81557796244
05026_08,05026,multi,60003,9.768604571117258,10.612649374429228,1032213.0967376381
05026_09,05026,multi,56322,10.945826306378898,10.740119154228083,-251249.85582889616
05026_10,05026,multi,57657,5.381885969308445,5.496315053523935,71770.42927010637
05026_11,05026,multi,56069,10.13796624227458,9.866953971673333,-303982.50456189085
05026_12,05026,multi,63009,15.501620072858453,15.264651917612092,-459375.0988360029
05026_13,05026,multi,20346,10.51150645047837,10.057003005772321,-190203.73461321346
05026_14,05026,multi,65059,4.60794364091887,4.7233713590973485,70074.55432515685
05026_15,05026,multi,53357,6.985388717455144,6.523527094545356,-332907.650547863
05026_16,05026,multi,51128,4.451923897329709,4.385702635288238,-29922.088468651287
05026_17,05026,multi,57202,5.462296761475775,5.285416225868589,-108744.50446437555
05026_18,05026,multi,58169,5.8202458964942165,5.641911875177848,-118902.82759066392
05026_19,05026,multi,53164,4.422345386923316,4.441199271033025,8884.355328444159
05026_20,05026,multi,63832,4.858829556179406,5.273273114205807,268042.3565577995
05026_21,05026,multi,58186,5.147789352440215,5.2903826376197625,86604.81251101568
05026_22,05026,multi,62564,7.465179466158233,7.8578414073988485,376433.01821338804
05026_23,05026,multi,61902,6.355343137029298,6.680804830147653,262635.749781271
05026_24,05026,multi,53432,5.811159177165963,5.939722903385512,80721.70935666724
05026_25,05026,multi,56157,5.141251150423032,5.426860530377797,169501.58340542763
05026_26,05026,multi,63764,7.442543625445577,8.137358356327985,690254.571453956
05026_27,05026,multi,58819,4.377491048436464,4.634206439440845,136074.31230720133
05026_28,05026,multi,52663,4.199118427518213,4.230684561293792,14013.428859529085
05026_29,05026,multi,59586,4.7726637175069655,4.881338140372478,62514.23957963567
05026_30,05026,multi,59655,9.12279031588327,9.40745969031174,314679.80747234356
05026_31,05026,multi,50694,10.679824533584426,11.163560592645021,535654.7564032823
05026_32,05026,multi,61026,8.53660096117006,8.414916468205147,-125880.57616303209
05026_33,05026,multi,52015,4.9147585652531,4.879001741640179,-18215.328416039236
05026_34,05026,multi,63883,5.584350089347243,6.349080231698683,582986.9226593105
05026_35,05026,multi,53645,13.396585411373836,13.68753312495898,422725.9454424847
05026_36,05026,multi,60960,7.453322017808335,7.747643143268884,272732.9170250138
05026_37,05026,multi,58943,9.403189437588651,9.45963500483133,62757.95750058442
05026_38,05026,multi,59422,5.389606792280094,5.481957744896865,59659.64886722597
05026_39,05026,multi,60458,5.387849976145967,5.539479429436565,100173.16150421719
05026_40,05026,multi,53435,5.945758176293248,6.11618923283574,109847.9561093757
05026_41,05026,multi,57812,5.6584709757176554,5.700134964680707,27359.2302585952
05026_42,05026,multi,65071,4.400265437816016,4.363377403410639,-21035.73373449873
05026_43,05026,multi,52955,4.922723889139953,4.625721395214933,-150175.7232728647
05026_44,05026,multi,53260,14.971920714034464,13.930227909852762,-1603507.3547495436
05026_45,05026,multi,58205,6.5270812324479195,6.729412139828145,156117.35395437013
05026_46,05026,multi,57269,4.1771676306197145,4.353332676590161,86062.4775282098
05026_47,05026,multi,56120,13.565423431376086,13.230776387702432,-503243.13915015385
05026_48,05026,multi,63575,3.4251183339503206,3.4700704024735747,19705.261756333522
05026_49,05026,multi,59009,5.126111311069051,5.297383045720131,105345.81486680452
05026_50,05026,multi,62115,6.7456832940727915,6.989461842213131,207981.75024895836
05039_00,05039,single,62580,3.8550041464668894,3.7780824444697325,-36743.84775512293
05064_00,05064,single,63484,5.926251450680393,6.105631137166455,137015.95082403906
05066_00,05066,single,47219,14.178413941573378,14.232738926349029,72879.47837229818
05070_00,05070,single,55671,9.852872056388025,10.284993116601212,484448.79977449495
05077_00,05077,single,57300,5.02020518240842,4.941596201760466,-44870.88809260074
05094_00,05094,single,59360,12.603550622249106,12.350098734443893,-375425.26052125543
05111_00,05111,single,59486,6.019842856961124,5.906591997675567,-80346.49072636198
05126_00,05126,multi,34744,4.058539221761451,4.0619081046972205,950.4859248865396
05126_01,05126,multi,61778,4.924590606921108,4.897492716067231,-16442.692975640297
05126_02,05126,multi,53992,4.6687864965173045,4.592822066607759,-37986.223562814295
05126_03,05126,multi,64972,6.0389201527528495,6.194436013062614,123607.98959372519
05126_04,05126,multi,56873,4.577546132957222,4.618714377080015,21531.770743551664
05126_05,05126,multi,60494,4.948149971363963,4.814274476107608,-79062.5974759378
05126_06,05126,multi,63856,3.282709771475428,3.2260530707418797,-23547.859659713693
05126_07,05126,multi,62146,10.611358738422608,10.569897606823362,-54576.54615267832
05126_08,05126,multi,30031,4.305701112756254,4.239535446793376,-16979.565472489223
05126_09,05126,multi,65121,8.355647610272912,8.501250553632882,159833.89335057698
05126_10,05126,multi,52498,5.659543842125962,5.533684714386232,-73957.60655252263
05126_11,05126,multi,60836,4.59750386080849,4.6125010038104275,8402.897063556127
05126_12,05126,multi,64573,3.458845112352079,3.391350523257537,-29855.400140147656
05126_13,05126,multi,63249,10.223852609466704,10.306283819660973,107037.80012614094
05126_14,05126,multi,57522,5.8674134258778095,6.233077483506766,254518.43352191686
05126_15,05126,multi,46854,5.972147777229429,6.051520503037212,44715.17701028753
05126_16,05126,multi,50330,12.694781215270607,12.938165516151653,313991.5977379307
05126_17,05126,multi,27901,3.5040503470256072,3.533591947526784,5800.707661307417
05126_18,05126,multi,27986,3.8766349035160994,3.721882563244966,-32908.41165897809
05126_19,05126,multi,59354,8.061552135270754,8.103422283269307,40172.560180968605
05126_20,05126,multi,49696,9.657527535426768,10.05027825652107,384659.70929816365
05126_21,05126,multi,60469,3.7059802998682967,3.5779827235480197,-56377.039368727244
05126_22,05126,multi,60930,4.58570106261465,4.50210950365629,-46286.3429202307
05126_23,05126,multi,58321,8.659025233277317,8.723052390512128,64906.89992147684
05126_24,05126,multi,28987,3.865816880647143,3.904419815237409,8694.764827535488
05126_25,05126,multi,29878,3.778128947295076,3.6995219199400697,-17562.166087592952
05126_26,05126,multi,51487,7.668275180067251,7.540354919270821,-100167.54293111153
05126_27,05126,multi,42680,6.778005007137584,7.067617592112005,171141.1044201085
05126_28,05126,multi,45248,7.282981086603499,7.129370636699999,-100173.99663971737
05126_29,05126,multi,60975,3.7469988700363355,3.7705350519990657,10788.553473143838
05126_30,05126,multi,63254,9.799446758695169,9.876978740331287,96497.28268281929
05126_31,05126,multi,42265,6.022589938575834,6.148526211291337,64783.158139188774
05126_32,05126,multi,29870,15.21388452565503,14.952430280030251,-235588.00798349828
05126_33,05126,multi,61596,4.970712165703646,4.8996558357949676,-43200.48549362831
05126_34,05126,multi,49135,4.769475315752895,4.882353227084264,53531.51363902353
05126_35,05126,multi,54633,7.980740240499536,8.08997664197087,95908.62929957267
05126_36,05126,multi,28670,3.2802708747488345,3.2532883114995563,-5054.296628174372
05126_37,05126,multi,60211,4.60124123339537,4.496098908495411,-57592.754344454035
05126_38,05126,multi,55314,7.594159597337546,7.603315085762718,7696.4067507293075
05126_39,05126,multi,64590,6.532085994269606,6.810924772633285,240310.2484088866
05126_40,05126,multi,58388,4.500672365325675,4.351408450655661,-77147.84460238554
05126_41,05126,multi,64094,7.421946405782449,7.696348317113426,265893.2519167634
05126_42,05126,multi,59366,9.255033113412555,9.166159427366772,-97191.59796241112
05126_43,05126,multi,60858,6.599788638421046,6.921151937407151,264436.1691616615
05126_44,05126,multi,52855,5.171179676961532,5.251628112658425,44318.84256452322
05126_45,05126,multi,55816,3.3538225868446494,3.3466268690869962,-2691.1429395843297
05126_46,05126,multi,53736,8.650546036881314,8.63003640411065,-19045.02713852888
05126_47,05126,multi,49631,10.071759006854979,9.981872815636017,-89462.09027982783
05126_48,05126,multi,57459,3.548426100760933,3.531349588325986,-6946.671148519963
05126_49,05126,multi,28737,4.245550053716935,4.22988542990821,-3815.253679790534
05126_50,05126,multi,60484,4.702550909439744,4.607793257819431,-53360.57849693019
05136_00,05136,single,38671,8.525049070574912,8.701733254793263,117702.92199869268
05145_00,05145,single,65525,1.0086039455794342,0.9927051077409744,-2084.9064329741523
05150_00,05150,single,65351,2.754193582676087,2.643411443491454,-39077.168371893466
05151_00,05151,single,49312,4.582189034180783,4.482459649326121,-44578.63171254285
05159_00,05159,single,42053,11.851793713034418,11.760980085550367,-90176.8401987236
05172_00,05172,single,38859,6.662292940114895,6.869313536261525,108856.54204810248
05190_00,05190,single,55564,5.340504758311893,5.5176593419687405,106881.44020228274
05201_00,05201,single,65079,3.783464173582011,3.829738816202541,22927.217652295716
05208_00,05208,single,57586,6.574978640357719,6.453269012271994,-91311.99967676215
05222_00,05222,single,62866,5.927099024128883,5.9000664500159,-20099.43750581052
05241_00,05241,single,64476,4.720034492114887,4.83565856362638,71237.47801532596
05268_00,05268,single,65303,4.970175737394392,4.919254289592784,-32885.55214970419
05271_00,05271,single,64402,8.64969594004817,8.792103850836796,159964.92499924172
05287_00,05287,single,65036,6.576104347305377,6.262037440094476,-262227.45983521873
05296_00,05296,single,61201,3.7713363417626837,3.92478354414391,72275.20256785862
05298_00,05298,single,63625,6.191120594098558,6.302247145498578,88333.44249841431
05326_00,05326,single,60715,7.550279656145908,7.929382924192108,356299.33967832476
05341_00,05341,single,58987,5.199784879232439,5.012714703250584,-112691.95564925065
05350_00,05350,single,64522,4.4926008391569825,4.446777515238038,-26430.27783755958
05364_00,05364,single,60539,7.429695295319252,7.454758895365843,22584.55867046397
05370_00,05370,single,63189,3.8976310029028953,3.760463618361569,-66376.30432848353
05372_00,05372,single,63197,8.623156444389243,8.53927197358479,-90982.27047177963
05377_00,05377,single,52727,5.070239733456067,5.179345006518314,58963.74685544614
05393_00,05393,single,64931,3.6249795403572063,3.706246955316413,38685.22917797044
05397_00,05397,single,60195,5.940364848494522,5.9073920719530255,-23515.383908436634
05401_00,05401,single,64094,3.858466484905938,3.8877949326766084,14561.248165225727
05427_00,05427,single,64123,6.829635673673571,6.810155994992299,-17037.401522401255
05431_00,05431,single,35946,6.333940952239884,6.606853181858586,126950.5234333144
05432_00,05432,single,56080,4.537054804292091,4.658973863139297,62875.278667670675
05468_00,05468,single,53517,7.295181752911575,7.155460843400961,-108053.86953922547
05471_00,05471,single,39320,12.505195357906295,12.30637844444781,-193964.00770268403
05477_00,05477,multi,63577,4.974619775584715,5.094023166532693,76434.18367379531
05477_01,05477,multi,64312,5.13229886137826,5.225372568130814,61998.49627370387
05477_02,05477,multi,65037,3.9608594162861435,3.920457056128389,-20709.327811428346
05477_03,05477,multi,64149,6.456666240300327,6.586614173460366,108729.17636165861
05477_04,05477,multi,65123,2.7679409657787484,2.783169419835911,5505.161699807271
05477_05,05477,multi,64281,5.2832170199560125,5.131152981239787,-101798.68041310529
05477_06,05477,multi,63557,5.984181996446983,6.141884347997034,121540.63439886458
05477_07,05477,multi,63168,6.984060341612535,6.936320745686477,-41978.50716526201
05477_08,05477,multi,59097,12.13432461247854,12.12501512574643,-13346.584758080542
05477_09,05477,multi,53014,8.19870099234694,8.223941034463612,21974.736464927904
05477_10,05477,multi,64212,4.405625289628584,4.406446535881168,464.69460047315806
05477_11,05477,multi,64576,5.160925531148544,5.232557077610524,48076.91158288787
05477_12,05477,multi,64255,5.150036995311363,5.272866965371353,82262.14128170814
05477_13,05477,multi,64789,4.05870640222273,4.092919496448018,18069.156137647107
05477_14,05477,multi,64093,4.935081996764284,5.004748560621098,44382.72584327124
05477_15,05477,multi,65056,4.682415075068069,4.767963359886512,52595.41225500777
05477_16,05477,multi,64699,5.452087034932412,5.544979332592231,66092.79518431611
05477_17,05477,multi,64002,5.478274099945262,5.427122024062794,-35702.46927137207
05477_18,05477,multi,65037,3.911575283500936,3.9572313224158484,23365.097705890425
05477_19,05477,multi,62089,11.151936502751676,11.89281024620698,1060060.882087973
05477_20,05477,multi,64522,5.166286899539113,5.228649799601327,41826.92838940676
05477_21,05477,multi,64245,6.985601277075202,6.934069811583898,-46083.0059800921
05477_22,05477,multi,64562,6.260113800787756,6.140089978305291,-96088.90661591478
05477_23,05477,multi,64082,4.476575382270685,4.546189273151198,40250.52926627919
05477_24,05477,multi,65086,3.979559340114886,3.999565922352574,10390.005285858177
05477_25,05477,multi,65045,4.327793778303145,4.360287095774798,18362.50075960532
05477_26,05477,multi,65043,4.451403700805014,4.352979967424399,-56363.68229162134
05477_27,05477,multi,65042,3.2401661380187803,3.3010756199789095,25914.27083878219
05477_28,05477,multi,64395,7.863570452480184,7.785878649581059,-78293.62496397458
05477_29,05477,multi,63424,5.7414197333163095,5.763420404869326,16053.515601140214
05477_30,05477,multi,61538,16.047303128947682,15.781635881828548,-520359.58070253395
05477_31,05477,multi,64132,4.980252514647784,5.110441435547612,84249.98756186571
05477_32,05477,multi,64781,4.3534501380595305,4.398398307768458,25483.521872986108
05477_33,05477,multi,64665,5.453198616701268,5.52560469289924,51404.28224172164
05477_34,05477,multi,64308,3.8054111360998912,3.789860195847828,-7595.650075694546
05477_35,05477,multi,63875,6.276293610096935,6.429910106150642,124676.49424258154
05477_36,05477,multi,60001,14.665338227960358,14.82954938960677,290608.22888842225
05477_37,05477,multi,62630,8.589633970138394,8.701823974732228,121497.73737883568
05477_38,05477,multi,62980,10.164038854477207,10.243402861486796,102003.43755884469
05477_39,05477,multi,64748,9.038388935568372,8.78490765504794,-292523.1790327113
05477_40,05477,multi,63720,7.086069240243494,7.1440781685337695,52599.3052699659
05477_41,05477,multi,23334,9.145192910887157,8.632862668642487,-212531.5676633399
05477_42,05477,multi,64823,4.705785449340199,4.803688721941241,60350.773205780424
05477_43,05477,multi,64077,3.9403105460878263,3.963397391826537,11692.238219109364
05477_44,05477,multi,64339,3.589015908019816,3.565266538489992,-10931.820030212402
05477_45,05477,multi,64388,10.57622769307474,11.063483649587786,678912.1102924403
05477_46,05477,multi,65039,3.836157399425858,3.820581596017685,-7756.542121739243
05477_47,05477,multi,62205,6.246317945048972,6.124322060114632,-93877.74409811385
05477_48,05477,multi,63446,15.659629750942088,16.439262160382516,1587757.4958479907
05477_49,05477,multi,54934,6.376378894740622,6.195088590720296,-125199.26431242749
05477_50,05477,multi,65136,3.5148002066920605,3.5266525969217177,5436.123311101459
05480_00,05480,single,65060,6.4130266617289395,6.132160790389568,-229239.88621586747
05482_00,05482,single,65471,2.4776693595915154,2.5638525309678313,28446.779267487116
05496_00,05496,single,30249,5.411714578904231,5.190868097779721,-70829.33647498954
05501_00,05501,single,65455,3.6920401842298953,3.611102261062157,-38690.52787567105
05512_00,05512,single,65190,4.989206380552231,5.022182414787146,21521.559298454784
05516_00,05516,single,65390,5.037305316207158,4.973798457829856,-41573.24548492115
05528_00,05528,single,35569,13.085488065032859,12.905244957377029,-166628.3332863571
05530_00,05530,single,60677,5.962451872852816,5.97318432294159,7772.639950517099
05542_00,05542,single,64716,3.8063282222127643,3.8822724052692448,37787.96320145391
05598_00,05598,single,41916,11.263757375473858,11.685030812522037,405231.93674441427
05604_00,05604,single,44239,11.109149476693013,11.012755720917985,-94335.84201638773
05610_00,05610,single,57491,5.805542053175747,5.986765256665748,122860.54980824701
05623_00,05623,single,65130,4.2116535503513965,4.131639519198385,-43479.51871957444
05627_00,05627,single,65038,3.1377213344728117,3.130561811143884,-2918.7701228065416
05644_00,05644,single,52290,4.453098994091932,4.435640918280603,-8114.377639008686
05658_00,05658,single,57281,5.0653327554195355,5.073118020483917,4521.219496041536
05661_00,05661,single,65508,2.573860426326738,2.6216856887417306,16277.320167274214
05672_00,05672,single,48722,8.339896963372738,8.684502720954807,285837.65706941765
05677_00,05677,single,60753,7.489507524441593,7.273544444031229,-193697.22121924628
05680_00,05680,single,65476,3.852007472313211,4.003554033863624,77948.08686268423
05684_00,05684,single,61406,8.12278467321055,8.283497116564424,161908.80921491282
05687_00,05687,single,45325,6.881578811641951,6.875584978055278,-3737.415665975772
05696_00,05696,single,65041,3.018247015543835,3.0333091694497627,5928.452719164081
05743_00,05743,single,51224,7.9059217049979456,7.866760212829524,-31640.130443505943
05744_00,05744,single,65058,4.240738919117268,4.263402826127707,12539.088802166283
05776_00,05776,single,64375,5.410611075470147,5.527764358321864,82494.41180420737
05782_00,05782,single,63513,5.005973983802148,4.96124635719871,-28314.7374965176
05787_00,05787,single,63194,10.492589644023836,10.392554674224492,-132027.7346987864
05790_00,05790,single,63299,9.190954041849908,9.150849541070635,-46562.040267275646
05792_00,05792,single,62790,5.413200107143607,5.736538370855742,226366.5572733367
05805_00,05805,single,62546,4.319864389013325,4.38782842601087,37015.34554822836
05810_00,05810,single,54420,5.286363178215622,5.20607488661451,-45844.49242492858
05830_00,05830,single,40235,13.74342540923516,13.61442472849969,-141996.60925250873
05841_00,05841,single,62983,5.293675045547229,5.4082010652842545,77194.69036994502
05845_00,05845,multi,62728,9.387333730657105,9.607088708115661,261834.12878289726
05845_01,05845,multi,63826,4.963808903846565,4.974960771334376,7074.208477628417
05845_02,05845,multi,61722,9.150306465839087,9.536221758589587,445103.08070485294
05845_03,05845,multi,63928,7.047836822683288,6.823258315713751,-199145.29872946348
05845_04,05845,multi,58284,8.807277374561412,9.040950884062088,243082.63877307624
05845_05,05845,multi,63453,5.858252933643548,5.679518176063976,-130852.82243223954
05845_06,05845,multi,61701,7.259888372200474,6.826013603894743,-377086.7385684233
05845_07,05845,multi,63338,5.14773406113818,5.431695725520065,190277.01043890347
05845_08,05845,multi,63549,5.436352771799404,5.457825313954061,14865.74419406522
05845_09,05845,multi,63310,4.04766852165824,4.022947466753625,-12631.240264404565
05845_10,05845,multi,62824,7.345795185427473,7.326875034941905,-17440.515894820914
05845_11,05845,multi,62666,5.8546464529720526,5.708116690143785,-106174.31077671866
05845_12,05845,multi,63683,3.2194371844576537,3.0929787627230225,-50835.474276741035
05845_13,05845,multi,62814,5.56711754784692,5.728324869070775,114378.5159957679
05845_14,05845,multi,63459,3.9740913377401363,3.9656469366481817,-4254.693344467203
05845_15,05845,multi,63966,4.818751761986463,4.661303546955063,-95476.78934992384
05845_16,05845,multi,65039,5.423738930077082,5.292062428864304,-91771.27974137012
05845_17,05845,multi,63624,4.944607132004119,4.8432610622029975,-63112.58858378604
05845_18,05845,multi,63968,4.886890300548497,4.775698021697391,-68727.55280275457
05845_19,05845,multi,61295,11.966441544114394,11.697841032069697,-389605.63377819397
05845_20,05845,multi,64245,7.613983796927408,7.644810142450593,30219.104020799976
05845_21,05845,multi,57112,8.138814594692553,8.273106243430902,125873.92897167988
05845_22,05845,multi,63560,4.659383149674458,4.697491684788783,22664.02097512409
05845_23,05845,multi,49654,6.271843008015841,6.115631138989174,-96083.99006195646
05845_24,05845,multi,53313,6.6519709750057725,6.555990430254638,-67585.28092314769
05845_25,05845,multi,62330,15.8867723929065,15.554110724919399,-651920.4787846524
05845_26,05845,multi,42850,5.468739453803372,5.186099297998509,-129042.14445732161
05845_27,05845,multi,63914,6.347645715876191,6.095583339355836,-200464.3363736272
05845_28,05845,multi,63790,4.18083150665884,4.058109172802228,-64498.19841011241
05845_29,05845,multi,63434,6.6954252138646355,6.536258833968215,-133594.4937735116
05845_30,05845,multi,60523,8.636241861875904,8.953340174597006,337574.7059227759
05845_31,05845,multi,63877,5.974594231289655,5.745241244714751,-171700.05173960328
05845_32,05845,multi,63629,5.182396703184951,5.197761344159742,10148.023880163208
05845_33,05845,multi,63382,7.386624882708234,7.40428998132856,16560.637189204805
05845_34,05845,multi,60946,6.856600134062837,6.872976293115485,13702.96012784075
05845_35,05845,multi,53108,11.942771528880627,10.619607230296294,-1585472.1087389095
05845_36,05845,multi,64487,9.926739294013085,10.77201208889799,1128270.4481793176
05845_37,05845,multi,63768,5.237923275719166,5.054419147627883,-120437.81317564659
05845_38,05845,multi,57693,7.003543550871495,7.331302416928655,271063.2253837241
05845_39,05845,multi,62458,7.584331105326647,7.532282740279348,-49141.644340696745
05845_40,05845,multi,63210,4.446556983817126,4.341778770737284,-58205.41881182208
05845_41,05845,multi,60840,8.991981974474362,9.115659450078383,136251.62903153524
05845_42,05845,multi,63323,5.256905001610951,5.391953270162669,91065.43140285183
05845_43,05845,multi,45207,5.3498392163444874,5.266174539161044,-40152.195742634125
05845_44,05845,multi,63352,7.433777718513892,7.5578071053794345,117796.52342256159
05845_45,05845,multi,62694,8.630525144348326,8.295347075510637,-355674.41989868693
05845_46,05845,multi,49263,7.102586239980966,7.7146489209676385,446769.92435975093
05845_47,05845,multi,63809,5.424006706659108,5.232540911881333,-130193.60940710665
05845_48,05845,multi,52095,5.391132143639564,5.452493260043954,34662.81276459433
05845_49,05845,multi,63416,6.085958515097237,6.036545840645628,-37986.52399020456
05845_50,05845,multi,63335,9.769683378964338,9.842613600766958,90589.89790535718
05861_00,05861,single,65095,3.4284768594284194,3.4130928901983264,-6851.2812007553875
05875_00,05875,single,28051,6.401577808409709,6.1165347177611205,-100091.61981496378
05877_00,05877,single,54161,5.251165061292962,5.247396969220455,-2142.5846987206023
05886_00,05886,single,59609,10.58740342187091,10.634106227238702,59078.72040759493
05898_00,05898,single,64970,4.611598536277734,4.808502549918052,120509.97565863258
05918_00,05918,single,65199,8.918704542597737,9.164912210692714,290287.14494800754
05936_00,05936,single,32383,5.348356351451594,5.809390718993897,166581.5478050774
05942_00,05942,single,65501,1.0720595761639031,1.0799655253188123,1114.4209814239293
05950_00,05950,single,65056,2.3997025617657144,2.3744900803965003,-7830.741475441493
05977_00,05977,single,62797,5.104861809170983,5.093495269520716,-7279.430130348541
05978_00,05978,single,47845,7.045489785355299,6.976157992653578,-46512.32427346241
05995_00,05995,single,51309,6.158555758991207,6.311081384954945,97586.5989731485
06004_00,06004,single,53827,7.606338974885837,7.557985629885872,-39468.42271578312
06005_00,06005,single,44061,5.474656913407926,5.536508678806227,30008.186024634168
06020_00,06020,single,61247,8.877229273762293,8.974612610676575,106476.19046653528
06026_00,06026,single,52120,6.7749476384946,7.199975244781676,309578.62446105527
06039_00,06039,single,62031,5.8178792565924695,5.917138458908178,72254.23591470625
06042_00,06042,single,61149,7.514191284363795,7.437745375594962,-69894.1866787877
06049_00,06049,single,55964,7.480206306465172,7.548258823157198,57235.77485352568
06062_00,06062,single,59477,11.864816501700362,11.778074229223913,-121977.69588420074
06064_00,06064,single,55653,4.302787650503888,4.335393452298566,15674.935747799464
06066_00,06066,multi,64352,7.36797952716273,7.343527544962442,-23149.055959480815
06066_01,06066,multi,62779,4.061977652753879,4.029511847803721,-16491.837377431802
06066_02,06066,multi,62936,4.985975860708487,4.9282879482666395,-35995.186776182614
06066_03,06066,multi,47676,9.637558652459225,9.49602341775499,-129110.23276053555
06066_04,06066,multi,64353,4.544929643359385,4.5875644923826195,25056.645521272905
06066_05,06066,multi,61430,4.095720248131787,4.023676996502793,-35933.34204990044
06066_06,06066,multi,65041,4.1224314374140185,4.145502409684126,12406.5234338101
06066_07,06066,multi,64091,5.141731298056811,5.156484869434203,9737.69603388384
06066_08,06066,multi,65072,5.497528533667319,5.581697509271654,60681.4038756676
06066_09,06066,multi,61490,9.533532163091644,9.582296884906402,57319.630494862795
06066_10,06066,multi,63458,6.837091663063986,6.884506690212511,41286.40674279723
06066_11,06066,multi,63965,5.84936792150214,5.871005532470528,16221.58036604058
06066_12,06066,multi,56740,9.231428673814463,9.141031712353215,-94234.62003386766
06066_13,06066,multi,64349,5.635357270227543,5.587408152357728,-34627.5934066847
06066_14,06066,multi,65038,5.260628431406803,5.199462517348238,-41611.37899997458
06066_15,06066,multi,64341,7.753961360993199,7.583244234032024,-168465.56356002204
06066_16,06066,multi,64746,4.952122156274974,4.952876571629006,483.81339221727103
06066_17,06066,multi,56813,8.818292202388195,8.629516845370588,-187125.90881997906
06066_18,06066,multi,65099,4.69349854683335,4.745566840041142,31994.597697527846
06066_19,06066,multi,62086,8.420004388724571,8.457601406414414,39396.52500315849
06066_20,06066,multi,63825,3.9486032968326286,3.9498069172216064,606.7643344197422
06066_21,06066,multi,60582,11.191507599465956,10.94421144701671,-331630.6025979612
06066_22,06066,multi,63198,5.1820225306362255,5.255452512276271,48436.43872143049
06066_23,06066,multi,64158,3.930811146396399,3.9163481667284925,-7281.503500463441
06066_24,06066,multi,65045,4.528816092058253,4.549468915779176,12195.431446983246
06066_25,06066,multi,65076,4.697092175032365,4.682905960965863,-8659.446063816547
06066_26,06066,multi,44779,9.228250029724018,9.444348242191607,180688.4194518663
06066_27,06066,multi,63497,4.918628386795167,4.940968912350842,13986.394369064132
06066_28,06066,multi,64633,5.668095280669265,5.650010282245036,-13229.594415480271
06066_29,06066,multi,58682,7.192757264884097,7.270420278558625,65914.78860688116
06066_30,06066,multi,61910,4.142673151097878,4.1153089025205185,-13990.01775445044
06066_31,06066,multi,52133,16.47341228681682,16.706333944246932,402898.4986705296
06066_32,06066,multi,60273,5.958125718421821,5.955311000148052,-2021.132582382299
06066_33,06066,multi,60604,6.591087894560461,6.612194434934459,16888.856762786396
06066_34,06066,multi,63650,4.162043226406499,4.154475028480468,-4006.1982276663184
06066_35,06066,multi,63486,7.969104689192808,8.030452231268814,62313.63523346372
06066_36,06066,multi,64560,5.433073525527864,5.420322901293387,-8934.302132921293
06066_37,06066,multi,63899,7.297147280139151,7.419728563011909,115274.65996129066
06066_38,06066,multi,65041,5.31449040247626,5.305348486157398,-6314.549611395225
06066_39,06066,multi,59595,6.154714117027707,6.182553293746194,20468.461016398855
06066_40,06066,multi,61728,5.698187374860491,5.744392072274143,32635.65045065619
06066_41,06066,multi,63230,7.7504166890896276,7.7980482372611,46827.977151221596
06066_42,06066,multi,61840,10.990780820957283,10.452723474522802,-713499.7176047927
06066_43,06066,multi,65071,3.192352766089293,3.1806409086740044,-4856.872970897704
06066_44,06066,multi,65036,3.321903835466506,3.3157599161230378,-2652.250722469762
06066_45,06066,multi,65058,3.7276034277091394,3.746375368534254,9127.708163016592
06066_46,06066,multi,45447,9.070926405123906,8.937248434728286,-109404.39327005576
06066_47,06066,multi,65048,4.557221062246996,4.521541980357995,-21070.47370575834
06066_48,06066,multi,59969,5.2665720907127405,5.284888265928527,11589.752666182816
06066_49,06066,multi,65045,3.4447226853581845,3.465774648786282,9462.716493816115
06066_50,06066,multi,38707,17.17635220306854,17.229491943923836,70768.69096421078
06070_00,06070,single,43353,5.863229315841821,5.833094730418484,-15280.366421042942
06076_00,06076,single,58854,5.784958953713765,5.937661501545898,105353.01583087072
06085_00,06085,single,65458,3.3871088726595877,3.1984293996510496,-81335.22349325276
06091_00,06091,single,61523,5.227933134279462,5.27300205380185,29116.73199190572
06099_00,06099,single,65483,3.435140868251034,3.396224795153524,-17408.650672359392
06109_00,06109,single,65509,2.6003209495945754,2.5947519374443826,-1895.2686567195342
06114_00,06114,single,65480,3.508096979789637,3.6641931013532516,73309.22518462315
06116_00,06116,single,57734,4.400063199375708,4.421462336791446,10898.622527677566
06117_00,06117,single,65307,2.345968825475083,2.2750147630805464,-21412.699671587907
06118_00,06118,single,60708,11.597545055504671,12.118343870161635,749817.0649048369
06128_00,06128,single,55724,5.692141812984005,5.776919814074909,54181.78921442572
06133_00,06133,single,64697,3.2741081595764765,3.2621093871425884,-5073.964894058183
06139_00,06139,single,21282,5.726913066654776,5.9610088228580445,58229.52937808912
06143_00,06143,single,59763,3.2119483087461167,3.279772606416541,26313.43445501558
06148_00,06148,single,43653,10.386009687079067,10.76161285295068,346740.7544245813
06151_00,06151,multi,61194,4.97945533446614,4.876168810308754,-62292.62575353519
06151_01,06151,multi,62168,5.445910020214855,5.490297448242151,30178.219818136888
06151_02,06151,multi,62886,4.795837932846596,4.790778931450243,-3049.889757751487
06151_03,06151,multi,45575,12.78784012392331,12.9288555630098,165275.51043872535
06151_04,06151,multi,59060,6.594782290302735,6.653538447257493,45973.509570699185
06151_05,06151,multi,55163,7.604717561970087,7.653488757180931,41050.150979035534
06151_06,06151,multi,62924,4.982688660173848,4.880882467091047,-63186.558360474184
06151_07,06151,multi,60498,5.450023879528443,5.462121319656996,7986.281886837445
06151_08,06151,multi,63518,5.370037730210902,5.283774258980181,-58375.25268219318
06151_09,06151,multi,63509,4.629897696669062,4.749036945225221,70964.90741181024
06151_10,06151,multi,61470,5.43612227126868,5.478168624985517,28208.960154862143
06151_11,06151,multi,62875,6.746831376106602,6.785392471199115,32809.267175791785
06151_12,06151,multi,64747,7.564036122138311,7.659734108855723,94328.8787952261
06151_13,06151,multi,61689,10.654150817254962,10.723953217822535,92054.9772692062
06151_14,06151,multi,64058,3.0633887755837628,3.0546196435975186,-3436.687570680864
06151_15,06151,multi,63342,5.345262276595073,5.358190347702921,8764.949036309496
06151_16,06151,multi,63443,4.971454497870845,4.952626832736728,-11854.151988619938
06151_17,06151,multi,57197,12.414481750453408,12.319414225790448,-134492.46902910993
06151_18,06151,multi,64305,5.283939418306778,5.302786871936164,12830.958815928316
06151_19,06151,multi,29257,12.686060301451734,12.944442677257188,193753.61218405142
06151_20,06151,multi,61144,5.632182936828048,5.662731098845762,21097.056296619587
06151_21,06151,multi,44473,18.72512487936195,18.722883334331158,-3733.1257365234196
06151_22,06151,multi,63387,3.4352353441577486,3.443566868585796,3632.7665679398924
06151_23,06151,multi,63800,4.819336209565716,4.82252984086972,1964.565662802197
06151_24,06151,multi,41828,4.204761593662497,4.225476812532856,7304.600727774203
06151_25,06151,multi,61673,4.320116620703428,4.395649201751341,40600.8338372102
06151_26,06151,multi,45254,13.307548774167634,13.205324000918223,-122650.66753459815
06151_27,06151,multi,61168,5.798347841174918,5.895612965586427,69573.3733615689
06151_28,06151,multi,62974,7.188964817760928,7.410120893768737,203322.67449436523
06151_29,06151,multi,63853,5.065009356686701,5.052234085936428,-8253.033723399043
06151_30,06151,multi,60311,5.347207276015164,5.348439213421589,794.6798699097708
06151_31,06151,multi,61690,5.449556953651132,5.540473356775952,61639.045667443424
06151_32,06151,multi,63305,5.1953267137277885,5.2561171039605,40220.66387606226
06151_33,06151,multi,61726,7.124263733831519,7.082193990175841,-36891.28675415274
06151_34,06151,multi,63930,3.206403848479926,3.206566504087157,66.68574016727507
06151_35,06151,multi,61832,7.906843061620759,7.7459131454745584,-155754.60666664597
06151_36,06151,multi,42095,4.927016294833427,5.071226492233665,60694.61538486276
06151_37,06151,multi,61847,5.0493241601801975,5.111584618113374,39125.82438680157
06151_38,06151,multi,63660,3.86309492188185,3.899048306856043,17765.935108501464
06151_39,06151,multi,62961,4.73108913047113,4.753692729413013,13498.221710356884
06151_40,06151,multi,63558,5.136933156323393,5.271912568525021,89297.71106288233
06151_41,06151,multi,59543,5.901919275924383,6.019092070762832,83170.74708245718
06151_42,06151,multi,64103,5.351730951790207,5.238967229240888,-76554.78667730256
06151_43,06151,multi,62126,12.165683820349145,12.272282733892581,161842.00004753657
06151_44,06151,multi,64597,4.946096060025927,4.890632300906147,-35242.9560832018
06151_45,06151,multi,63853,3.939126118468032,3.8962485990515145,-21452.145291069523
06151_46,06151,multi,54102,6.76918788039455,6.589183624154731,-130091.70677176584
06151_47,06151,multi,58420,9.722743640667453,9.77462771195778,59097.84756574873
06151_48,06151,multi,64019,4.103685129928876,4.084565173538482,-10022.749898605049
06151_49,06151,multi,63460,6.438744813964879,6.629365415524254,158082.09856620152
06151_50,06151,multi,63413,5.0299349889329985,5.012475158659039,-11118.757848046953
06153_00,06153,single,64965,4.342940763397104,4.408482656351746,37262.94023357052
06176_00,06176,single,63564,3.5131318040144137,3.5463719679411883,14915.868656472303
06188_00,06188,single,63550,9.380703267417438,9.632258512915856,303947.5925507052
06195_00,06195,single,55586,6.77901569350847,7.534285350640763,600907.0040181428
06196_00,06196,single,43616,5.029287721309648,5.141250480557531,49666.477821425535
06202_00,06202,single,44305,7.943699610183323,8.098486799237856,110014.85049342131
06208_00,06208,single,62933,8.477909683976739,8.557953447054626,85816.35713643394
06209_00,06209,single,56842,6.983404706369707,7.058996748777321,60337.43093783036
06213_00,06213,multi,59736,6.793166084147916,6.635199570368856,-126713.92121510487
06213_01,06213,multi,63923,6.959359674898529,7.43790075703426,440409.0521555813
06213_02,06213,multi,61633,4.0455488499484185,3.949757072162319,-47203.76359327044
06213_03,06213,multi,53175,7.127788069287434,6.559035636580875,-413936.2292719153
06213_04,06213,multi,55024,9.5703920262273,10.16605853834452,646880.9990395494
06213_05,06213,multi,60801,6.975307128895376,6.8270770947883594,-124394.46128935879
06213_06,06213,multi,64879,8.200410598288899,8.323954222778632,132449.17588443682
06213_07,06213,multi,60680,4.781195755680389,4.694623966007856,-49778.15061215591
06213_08,06213,multi,40477,7.673594685038441,7.900835339044926,143253.9181059813
06213_09,06213,multi,51352,9.90261248813812,10.693631727002895,836628.0894979602
06213_10,06213,multi,62029,4.8947723971223605,5.006482315550979,68608.31407254282
06213_11,06213,multi,61237,5.178319637206697,5.335684397446299,101318.68166095857
06213_12,06213,multi,35242,6.526461472850249,6.186029113791207,-152518.32444211934
06213_13,06213,multi,61723,5.288958469202806,5.498749073104422,139689.0049295444
06213_14,06213,multi,54792,9.640572421097415,10.284130898654071,702582.021341783
06213_15,06213,multi,43550,8.333334987430119,7.952556007286971,-270067.70216873614
06213_16,06213,multi,62007,6.205217997172618,5.63112635929658,-421346.6377445783
06213_17,06213,multi,53673,8.011921230292742,8.132104669552623,104138.74606191646
06213_18,06213,multi,59967,5.881535823158791,6.293545087011609,300809.23126680474
06213_19,06213,multi,62765,8.697585423433544,8.805416558099875,118460.68790287804
06213_20,06213,multi,61506,3.760458583658261,3.7261211125642766,-15811.36057686247
06213_21,06213,multi,61811,5.0090162625001655,4.882391796018592,-77417.92320932914
06213_22,06213,multi,53525,10.484494964166949,10.59887827330762,129080.14058310352
06213_23,06213,multi,61797,5.8368963403746035,5.620483406390216,-153227.21673092735
06213_24,06213,multi,61544,5.816874764084347,5.42898994805158,-268461.09255452827
06213_25,06213,multi,59137,14.735921876072597,14.373665993082227,-623606.7293301728
06213_26,06213,multi,53649,8.943276138048239,9.41827647011228,467912.82165001426
06213_27,06213,multi,59493,7.1509084714635796,6.389236782932634,-613559.9532656875
06213_28,06213,multi,61181,5.545522712169667,5.530070432482092,-10470.709854092449
06213_29,06213,multi,61169,5.220854663044883,5.020427263905173,-125557.5385905623
06213_30,06213,multi,62077,5.005968739990299,4.790001766158957,-131330.48023931473
06213_31,06213,multi,61659,3.3005728704468207,3.26583180919529,-14065.88952631515
06213_32,06213,multi,61946,3.0313504807610414,3.0034356040878043,-10435.442320388742
06213_33,06213,multi,52456,13.587557285062214,13.5964205535326,12638.690606690943
06213_34,06213,multi,60774,5.943213964430655,5.548434792526732,-275711.1924159273
06213_35,06213,multi,55672,6.613555181025199,6.754813340652284,105130.51124482788
06213_36,06213,multi,64341,8.06431303272397,8.121060587948532,59095.94634636538
06213_37,06213,multi,61489,4.0713210027330335,3.905451378479934,-81356.35646728054
06213_38,06213,multi,58344,8.249944467370016,7.473749215901872,-712068.4713968644
06213_39,06213,multi,65060,4.08514541550264,3.988196925729603,-50922.354482050985
06213_40,06213,multi,61642,6.184396017984888,6.210727556540292,20118.88080930058
06213_41,06213,multi,60613,6.462754012680285,6.491550625279227,22611.079105366953
06213_42,06213,multi,61464,6.853514240983691,6.595581782755602,-213216.05899610464
06213_43,06213,multi,62583,4.752799642944202,4.891077482843526,83456.58943879511
06213_44,06213,multi,58352,6.173245091539615,6.266834854139208,67937.14044584054
06213_45,06213,multi,61922,4.136961564974513,4.256749236953715,62260.284606293775
06213_46,06213,multi,61733,5.907713857091633,6.028751573377012,89189.52441401267
06213_47,06213,multi,58836,7.036811695448293,6.410264624219999,-495706.61368493363
06213_48,06213,multi,62797,11.342852481044456,11.277895410786874,-92272.499501043
06213_49,06213,multi,62837,5.975507708563089,6.257638196234152,216872.0664744787
06213_50,06213,multi,51359,7.141293323949399,7.095750183692646,-33301.15861609485
06214_00,06214,single,63730,4.528512916675394,4.438039085037999,-51700.21788957622
06215_00,06215,single,56891,6.748291750272384,6.922594284653788,135563.8618991766
06218_00,06218,single,65501,4.229497909124555,4.224134166913361,-2970.018602974713
06223_00,06223,single,61668,5.696300495264525,5.758688259063427,44071.10605282895
06225_00,06225,single,55305,7.062603076418311,7.1610053185310925,77406.8112967303
06234_00,06234,single,64410,2.7759803913035395,2.755823950318335,-7181.810826209374
06240_00,06240,single,63780,7.082869853581124,7.167697895711451,77100.31022324506
06246_00,06246,single,53270,2.605030693601184,2.759161593664366,44042.985325499496
06258_00,06258,single,59135,5.62875458284305,5.293319073771534,-216650.02182077523
06262_00,06262,single,65173,3.457372400284545,3.4204606507277426,-16545.655322945677
06271_00,06271,single,65044,7.057561980808506,6.8990429317961794,-143902.54804262612
06275_00,06275,single,58469,4.442967309878156,4.367735512650464,-38755.884783155285
06292_00,06292,single,58168,6.3555445932119445,6.336774909334819,-13857.410612910986
06304_00,06304,single,64626,3.521678905711891,3.544669677026818,10499.191938517615
06314_00,06314,single,60348,4.767769402309541,4.678248729558922,-51031.10751526151
06330_00,06330,multi,63498,17.201848089272566,17.004718920836655,-428174.13274490833
06330_01,06330,multi,64224,4.238334971019562,4.175943033729819,-33716.51497474685
06330_02,06330,multi,62778,4.719226228412552,4.824715250836022,63203.70117831207
06330_03,06330,multi,63578,6.661439440681995,6.600168899436409,-51660.04455173388
06330_04,06330,multi,57529,8.074479839323107,8.167820602286044,87217.91713359859
06330_05,06330,multi,63183,5.826907200696705,5.664725294631194,-117756.35977921542
06330_06,06330,multi,44231,8.616398905314256,7.59547710389382,-732069.8313473165
06330_07,06330,multi,38914,12.138242894989911,11.965087538307033,-162412.2789715454
06330_08,06330,multi,64581,5.695505422759166,5.785497813863095,66725.27865066193
06330_09,06330,multi,54418,9.57376320164887,9.555916053375453,-18578.861465547234
06330_10,06330,multi,63394,4.867230661665996,4.778230017366609,-54420.719717602246
06330_11,06330,multi,63181,5.5043721336031135,5.447510992510106,-39345.119334558956
06330_12,06330,multi,64488,3.9011045476167925,3.9445037384008947,21957.71586142294
06330_13,06330,multi,64101,5.413305296677869,5.330537827942511,-57001.218105226755
06330_14,06330,multi,63975,5.641784331272607,5.568323956474675,-52683.33293706388
06330_15,06330,multi,63500,5.510082783319437,5.47721726937991,-22930.057203024626
06330_16,06330,multi,64637,6.296302284785972,6.3188865031151105,18415.35134364199
06330_17,06330,multi,64361,3.545020598676437,3.6244608555053754,36656.51458197925
06330_18,06330,multi,64081,5.723120194322311,5.74046169088798,12739.025066066999
06330_19,06330,multi,62934,5.109798347147385,5.04927836638751,-38693.53042580001
06330_20,06330,multi,63997,6.050889872032846,6.192877816671238,111256.69875771366
06330_21,06330,multi,64057,4.561808297829971,4.457434385621522,-60301.5715155825
06330_22,06330,multi,64252,5.690578787384094,5.699892344362717,6816.224943607114
06330_23,06330,multi,60267,10.982043010053058,10.947537479034365,-45603.54590347223
06330_24,06330,multi,64037,4.815541887556157,4.914129617647922,61425.96997758746
06330_25,06330,multi,63406,9.023612070604463,9.411374867005964,453251.58269997686
06330_26,06330,multi,64139,5.355875736176816,5.267802702676791,-60012.27025307156
06330_27,06330,multi,61606,5.416518428325843,5.258223371649847,-104099.2842200424
06330_28,06330,multi,64169,5.240955323352908,5.097115892043934,-95420.73297115136
06330_29,06330,multi,64168,4.087781125551909,4.351017144330804,142542.51670075115
06330_30,06330,multi,63487,4.641771623201022,4.597073494522456,-26217.533614354208
06330_31,06330,multi,61774,5.630326584720193,5.635521656694577,3615.4402552333195
06330_32,06330,multi,61617,6.0652149521383105,6.08776408885735,16885.472520004958
06330_33,06330,multi,64257,4.104810736664073,4.137535960498084,17332.210285887122
06330_34,06330,multi,64121,5.082331861314279,5.165849791177083,54881.607391231926
06330_35,06330,multi,63734,4.2418035969363235,4.129109720645102,-60123.51159260608
06330_36,06330,multi,64524,3.8924133794991747,3.8960482454961594,1826.6753645977005
06330_37,06330,multi,63491,5.381314004122005,5.5038952377183366,84717.46202661376
06330_38,06330,multi,64577,4.420218349058336,4.644126397384042,131064.17096860707
06330_39,06330,multi,53881,7.602251690187892,7.469818673687721,-107548.61740286741
06330_40,06330,multi,64411,4.820125743975595,4.956108916970868,85628.20298623666
06330_41,06330,multi,64504,4.154116260721159,4.179730881888331,13769.561637137085
06330_42,06330,multi,63295,8.515035824093376,8.396614001171283,-126761.42823673412
06330_43,06330,multi,64534,4.31759493154811,4.322933320473362,2976.7275722261984
06330_44,06330,multi,58312,7.780432764275015,7.6883076194766495,-83098.0956703662
06330_45,06330,multi,63387,8.681773676644484,9.055076914706946,419699.5103978887
06330_46,06330,multi,62642,5.594034233814217,5.598068420519564,2828.350929818116
06330_47,06330,multi,62888,4.361571814519008,4.402645983341793,22638.60847834591
06330_48,06330,multi,64023,4.529401079505544,4.532619725412144,1867.3867658646777
06330_49,06330,multi,64345,4.579631355106251,4.564669413466812,-8803.457334282575
06330_50,06330,multi,46496,13.377742730085437,12.99112233963662,-474014.673302453
06335_00,06335,single,60239,6.752274871535687,6.802737828606549,41205.043658668175
06336_00,06336,single,61925,5.469363438921456,5.568923669337437,68053.99020896014
06343_00,06343,single,63882,3.563536694937344,3.562229067195278,-595.2428294364363
06357_00,06357,single,64205,8.464515561545115,8.42114797735061,-47016.70739221759
06363_00,06363,single,65449,3.347555133225017,3.4100510420437344,27640.60096852947
06364_00,06364,single,47616,6.397652484139651,6.443287958777944,27903.0908457255
06397_00,06397,single,64103,7.171839058412047,6.874574452543229,-267662.17753944173
06416_00,06416,single,47752,12.214593310330766,11.557666545440362,-745725.4953641417
06422_00,06422,single,30729,7.349433170177937,7.3896233846087105,18202.81000319589
06443_00,06443,single,64168,3.9128613175881317,3.8111370280332277,-50417.96829585242
06447_00,06447,single,64624,3.9266570586201515,3.97222644758382,23261.233983867103
06451_00,06451,single,39453,6.094545467921656,6.115027860747275,9866.456627437845
06453_00,06453,single,59202,5.487632388486618,5.458679672921301,-18762.621059425175
06478_00,06478,single,53350,5.179630525636766,5.040122757519357,-76062.96071584988
06481_00,06481,single,35199,5.9946090969505335,6.095970838209153,43137.157151676714
06500_00,06500,single,61880,4.646667217737971,4.718840519270819,41827.143308835104
06503_00,06503,single,65040,2.9185301523481435,2.907854544612648,-4045.5008480567485
06504_00,06504,single,65045,19.02976853109332,18.63660257194315,-963260.1810295619
06506_00,06506,single,64150,3.745950151201445,3.8583120142123697,54811.62443824019
06507_00,06507,single,64891,6.063159486519062,6.250422168309957,149630.49070251733
06523_00,06523,single,22398,5.780879712344074,5.72804621477238,-13619.256430897745
06524_00,06524,single,65061,3.106004229844099,3.036549130819662,-27757.081906073727
06526_00,06526,single,64381,5.76524265167568,5.659314972710513,-77912.39721908979
06538_00,06538,single,65043,7.488275212733843,7.187352220547157,-287245.0898135314
06602_00,06602,single,65088,3.415372482858372,3.368089330656665,-20876.550154138356
06604_00,06604,single,62355,4.768476862474414,4.908352386674691,84400.70776207745
06605_00,06605,single,54752,6.920903830043863,6.710765629021758,-156838.99278281163
06614_00,06614,single,61920,8.001757155848269,8.190551691831931,189290.64344008733
06624_00,06624,single,47915,13.059652965923865,12.824690387516153,-291411.94120165985
06625_00,06625,single,62402,12.918318668307943,12.690378511729762,-364256.1022677049
06635_00,06635,single,64086,7.94106210468822,7.949554673609311,8648.544009657577
06663_00,06663,single,57607,7.46911334593085,7.476869739561268,6678.202541562729
06672_00,06672,single,39026,8.615579892019099,8.920994127371525,209020.10835146904
06687_00,06687,single,46054,5.765067367519971,5.666840277810461,-51715.09666308295
06706_00,06706,single,62535,7.394711690360132,7.617486632328705,209138.40259121265
06711_00,06711,single,60043,4.732253328823105,4.629838182100599,-57570.42780220229
06713_00,06713,single,65173,6.173635398451065,6.123766161654413,-39968.12630624324
06730_00,06730,single,44691,5.367882084977505,5.626418023982554,127030.66830076557
06736_00,06736,single,65156,3.287491403803218,3.285870572899951,-694.1921070469543
06742_00,06742,single,54667,9.598864041494075,9.405919292024048,-200456.95498402417
06746_00,06746,single,29342,7.235917209924312,7.074095303641599,-67946.49195069191
06750_00,06750,single,47579,7.045514609256646,6.955784421681308,-59775.36224224139
06776_00,06776,single,31443,4.253948005543789,4.163842616456442,-23849.147593353875
06781_00,06781,single,42643,11.10684240811826,11.246523211065593,133145.77653250564
06782_00,06782,single,64594,4.6020699932716145,4.577208097355072,-14741.271682950668
06784_00,06784,single,65505,2.460300034482745,2.5170004483312702,18486.49339315947
06790_00,06790,single,65066,2.980854847795211,2.8654388288522394,-43903.670104611665
06794_00,06794,single,39110,4.752572033260329,4.582354453208235,-62144.561808758415
